date,Bitcoin,Aptos
2019-12-18,7274.768503792503,
2019-12-19,7152.558691632884,
2019-12-20,7185.439179630756,
2019-12-21,7141.554857046259,
2019-12-22,7488.196174601466,
2019-12-23,7335.207616177015,
2019-12-24,7266.60819662888,
2019-12-25,7204.1848756885975,
2019-12-26,7208.489307892152,
2019-12-27,7247.62371236525,
2019-12-28,7307.887522683333,
2019-12-29,7394.029285530991,
2019-12-30,7240.4289122518185,
2019-12-31,7195.153895430029,
2020-01-01,7193.7546679601,
2020-01-02,6963.853353983485,
2020-01-03,7300.34693530511,
2020-01-04,7351.377053166627,
2020-01-05,7349.972248050628,
2020-01-06,7734.675515785289,
2020-01-07,8147.415237636371,
2020-01-08,8045.789124592971,
2020-01-09,7832.795643840387,
2020-01-10,8180.513169803805,
2020-01-11,8012.085781814529,
2020-01-12,8171.401185320944,
2020-01-13,8110.647964503772,
2020-01-14,8801.871213137745,
2020-01-15,8820.85010599613,
2020-01-16,8720.91950137424,
2020-01-17,8902.568995225329,
2020-01-18,8906.902675151074,
2020-01-19,8690.380569544623,
2020-01-20,8631.253954333763,
2020-01-21,8724.818622931474,
2020-01-22,8665.436914096897,
2020-01-23,8415.956027335538,
2020-01-24,8432.096675789418,
2020-01-25,8348.665665079325,
2020-01-26,8595.728298493115,
2020-01-27,8879.335548714553,
2020-01-28,9320.805853868467,
2020-01-29,9276.893821086494,
2020-01-30,9509.80513557522,
2020-01-31,9308.060285564778,
2020-02-01,9363.22420680057,
2020-02-02,9338.416631939404,
2020-02-03,9308.91270229121,
2020-02-04,9179.95928107711,
2020-02-05,9592.18387389791,
2020-02-06,9744.636578159387,
2020-02-07,9799.448455824684,
2020-02-08,9890.701658194865,
2020-02-09,10148.379719131783,
2020-02-10,9890.121224019967,
2020-02-11,10226.925769215322,
2020-02-12,10328.897565836414,
2020-02-13,10221.260309201634,
2020-02-14,10320.157140513991,
2020-02-15,9894.136123789158,
2020-02-16,9943.673602578743,
2020-02-17,9723.605026422496,
2020-02-18,10133.817417084678,
2020-02-19,9618.409248250406,
2020-02-20,9608.16918128246,
2020-02-21,9673.011800270346,
2020-02-22,9658.606058375473,
2020-02-23,9946.716123467522,
2020-02-24,9670.9608064677,
2020-02-25,9345.342701734848,
2020-02-26,8801.657129472504,
2020-02-27,8781.175282202359,
2020-02-28,8717.331431359424,
2020-02-29,8552.989118581636,
2020-03-01,8567.802248679225,
2020-03-02,8905.876104262194,
2020-03-03,8756.718576742549,
2020-03-04,8758.646993191916,
2020-03-05,9038.870323233425,
2020-03-06,9135.84506603321,
2020-03-07,8902.20195010789,
2020-03-08,8041.365538071835,
2020-03-09,7921.33200691072,
2020-03-10,7906.731528510632,
2020-03-11,7935.522040170545,
2020-03-12,5142.990459018316,
2020-03-13,5542.819542373153,
2020-03-14,5214.189112383918,
2020-03-15,5397.93335743919,
2020-03-16,5032.501351487721,
2020-03-17,5389.41577503409,
2020-03-18,5376.280747845438,
2020-03-19,6170.200600237675,
2020-03-20,6195.603505257629,
2020-03-21,6145.770891252399,
2020-03-22,5859.647430299388,
2020-03-23,6456.347485963419,
2020-03-24,6730.173782371188,
2020-03-25,6695.9006183977235,
2020-03-26,6765.56207892991,
2020-03-27,6397.826328325604,
2020-03-28,6255.000398693634,
2020-03-29,5915.337154791903,
2020-03-30,6403.141235565223,
2020-03-31,6421.70541388854,
2020-04-01,6640.797666310131,
2020-04-02,6807.897017890566,
2020-04-03,6732.852018394612,
2020-04-04,6859.424923721944,
2020-04-05,6788.048272605917,
2020-04-06,7297.635558289496,
2020-04-07,7196.782202442051,
2020-04-08,7342.291601148024,
2020-04-09,7294.488875121554,
2020-04-10,6864.694257006497,
2020-04-11,6878.781212589853,
2020-04-12,6913.158787469097,
2020-04-13,6857.538537511484,
2020-04-14,6860.17853570111,
2020-04-15,6629.431738031291,
2020-04-16,7059.92622475854,
2020-04-17,7035.261503989225,
2020-04-18,7242.5109294929825,
2020-04-19,7127.511949689152,
2020-04-20,6856.456278354705,
2020-04-21,6842.038597634602,
2020-04-22,7109.995291181778,
2020-04-23,7382.793144116689,
2020-04-24,7495.393587498606,
2020-04-25,7538.557687279841,
2020-04-26,7683.867415083342,
2020-04-27,7774.281554448049,
2020-04-28,7758.230255185947,
2020-04-29,8744.430287016561,
2020-04-30,8610.63580374089,
2020-05-01,8824.818413551968,
2020-05-02,8966.307014689282,
2020-05-03,8888.671912686868,
2020-05-04,8884.407813577056,
2020-05-05,9003.240557621584,
2020-05-06,9144.68703972007,
2020-05-07,9959.166416261767,
2020-05-08,9821.81131529702,
2020-05-09,9566.777187205966,
2020-05-10,8752.617087745832,
2020-05-11,8604.75159101983,
2020-05-12,8788.466749414652,
2020-05-13,9283.08601265873,
2020-05-14,9796.494527024528,
2020-05-15,9309.29535940684,
2020-05-16,9375.29710843331,
2020-05-17,9666.32719340344,
2020-05-18,9708.439858793108,
2020-05-19,9760.198937162193,
2020-05-20,9526.50759300584,
2020-05-21,9059.962506871727,
2020-05-22,9131.767275081993,
2020-05-23,9170.361063506127,
2020-05-24,8731.848525870651,
2020-05-25,8883.691769863415,
2020-05-26,8839.130663273247,
2020-05-27,9174.118563996424,
2020-05-28,9546.04563503715,
2020-05-29,9427.120373393418,
2020-05-30,9662.70587254818,
2020-05-31,9466.961781429516,
2020-06-01,10167.93069332851,
2020-06-02,9515.243858655718,
2020-06-03,9645.227869360308,
2020-06-04,9776.20299178848,
2020-06-05,9636.965527050057,
2020-06-06,9662.858709002241,
2020-06-07,9738.603356828593,
2020-06-08,9773.02951309516,
2020-06-09,9767.00531665552,
2020-06-10,9874.898681832236,
2020-06-11,9325.996856202635,
2020-06-12,9469.533297509908,
2020-06-13,9469.473456163696,
2020-06-14,9345.960907722063,
2020-06-15,9431.719262201745,
2020-06-16,9524.92661691022,
2020-06-17,9463.361414311787,
2020-06-18,9399.767217129216,
2020-06-19,9312.780104497786,
2020-06-20,9360.247968201687,
2020-06-21,9298.360829121417,
2020-06-22,9678.683208975835,
2020-06-23,9624.684291831398,
2020-06-24,9288.061774486938,
2020-06-25,9258.667161007706,
2020-06-26,9166.486360416233,
2020-06-27,9013.90556467614,
2020-06-28,9139.903276297824,
2020-06-29,9185.166540651147,
2020-06-30,9149.721996758017,
2020-07-01,9230.672998590804,
2020-07-02,9094.318072166905,
2020-07-03,9071.3850427828,
2020-07-04,9132.908369533492,
2020-07-05,9087.407312582163,
2020-07-06,9342.376492626678,
2020-07-07,9253.630980242333,
2020-07-08,9432.172515827939,
2020-07-09,9235.716302064242,
2020-07-10,9282.913638839902,
2020-07-11,9234.314674712627,
2020-07-12,9297.479635872663,
2020-07-13,9240.76251972468,
2020-07-14,9247.060695963813,
2020-07-15,9203.371435179699,
2020-07-16,9136.483376363976,
2020-07-17,9156.276583115488,
2020-07-18,9168.402736564132,
2020-07-19,9202.615839500108,
2020-07-20,9163.159654576915,
2020-07-21,9384.379751903267,
2020-07-22,9514.304987626969,
2020-07-23,9589.81771944117,
2020-07-24,9535.93879573746,
2020-07-25,9691.825138917147,
2020-07-26,9925.751397476346,
2020-07-27,10962.258481207355,
2020-07-28,10904.916526918994,
2020-07-29,11093.612240442404,
2020-07-30,11116.307163685275,
2020-07-31,11325.5515272739,
2020-08-01,11812.094307268515,
2020-08-02,11066.306240590267,
2020-08-03,11230.907762749297,
2020-08-04,11181.917508034885,
2020-08-05,11719.26352395155,
2020-08-06,11768.127742240009,
2020-08-07,11571.487980683192,
2020-08-08,11739.131006414418,
2020-08-09,11682.851469154939,
2020-08-10,11862.938012702563,
2020-08-11,11398.671060896633,
2020-08-12,11579.867951602135,
2020-08-13,11817.164038803397,
2020-08-14,11777.391322489924,
2020-08-15,11864.905810156475,
2020-08-16,11901.776488302461,
2020-08-17,12272.465808160425,
2020-08-18,11949.610970628193,
2020-08-19,11733.278970862082,
2020-08-20,11861.83657727968,
2020-08-21,11515.124298729217,
2020-08-22,11676.385305081287,
2020-08-23,11647.928120934363,
2020-08-24,11758.828120368864,
2020-08-25,11350.753473213,
2020-08-26,11465.002564032086,
2020-08-27,11300.398363810944,
2020-08-28,11519.118388160729,
2020-08-29,11481.481823317012,
2020-08-30,11701.004008657852,
2020-08-31,11672.324104943627,
2020-09-01,11895.225345345636,
2020-09-02,11418.254756916149,
2020-09-03,10197.459822768922,
2020-09-04,10484.470392265588,
2020-09-05,10177.789718049991,
2020-09-06,10260.0177277544,
2020-09-07,10359.445216989981,
2020-09-08,10125.014956069688,
2020-09-09,10230.154699360752,
2020-09-10,10342.159391205681,
2020-09-11,10378.223044584596,
2020-09-12,10439.38467226404,
2020-09-13,10328.866065987393,
2020-09-14,10661.096235144483,
2020-09-15,10787.58020807624,
2020-09-16,10952.249969107099,
2020-09-17,10937.996396960929,
2020-09-18,10927.150310293275,
2020-09-19,11083.99836119821,
2020-09-20,10923.32666818137,
2020-09-21,10439.522488792423,
2020-09-22,10527.58784673943,
2020-09-23,10223.784106392732,
2020-09-24,10726.530083321983,
2020-09-25,10681.993848113701,
2020-09-26,10743.19287975935,
2020-09-27,10765.300521660893,
2020-09-28,10672.02854425897,
2020-09-29,10837.516586513004,
2020-09-30,10770.881347466415,
2020-10-01,10627.976063963179,
2020-10-02,10572.674843011133,
2020-10-03,10546.65625537982,
2020-10-04,10670.700811335208,
2020-10-05,10784.94940309411,
2020-10-06,10605.95779130622,
2020-10-07,10668.011010796896,
2020-10-08,10888.666546835811,
2020-10-09,11063.2523862591,
2020-10-10,11286.541942043945,
2020-10-11,11377.814876756858,
2020-10-12,11543.183760771468,
2020-10-13,11426.105544220427,
2020-10-14,11435.57243757972,
2020-10-15,11495.584995733887,
2020-10-16,11319.097785677623,
2020-10-17,11365.814131026178,
2020-10-18,11495.899975689872,
2020-10-19,11752.146863919786,
2020-10-20,11908.708923246453,
2020-10-21,12806.435726727443,
2020-10-22,12951.044060038126,
2020-10-23,12928.072296348406,
2020-10-24,13106.04601925958,
2020-10-25,13021.410842124118,
2020-10-26,13060.79221208406,
2020-10-27,13655.185415883081,
2020-10-28,13282.999348292438,
2020-10-29,13441.878496031612,
2020-10-30,13537.174271524887,
2020-10-31,13778.637638352931,
2020-11-01,13720.361465146289,
2020-11-02,13558.361795524168,
2020-11-03,13989.976358180447,
2020-11-04,14101.716050813722,
2020-11-05,15553.331701081443,
2020-11-06,15548.312145063144,
2020-11-07,14818.45891122149,
2020-11-08,15496.316149147417,
2020-11-09,15335.342198178862,
2020-11-10,15278.70965979927,
2020-11-11,15686.905986213233,
2020-11-12,16265.149252483357,
2020-11-13,16326.81487507908,
2020-11-14,16095.561510630652,
2020-11-15,15984.673784156614,
2020-11-16,16714.40386322188,
2020-11-17,17651.82042768171,
2020-11-18,17829.934958345126,
2020-11-19,17819.75743096837,
2020-11-20,18628.813489036198,
2020-11-21,18689.528655825852,
2020-11-22,18390.61184379203,
2020-11-23,18360.693300385865,
2020-11-24,19091.524181728702,
2020-11-25,18753.288921684914,
2020-11-26,17138.029512395206,
2020-11-27,17140.27555252362,
2020-11-28,17718.972832629497,
2020-11-29,18169.95420978285,
2020-11-30,19609.52143957559,
2020-12-01,18857.417371118165,
2020-12-02,19208.398191994624,
2020-12-03,19435.20484740911,
2020-12-04,18711.226549886927,
2020-12-05,19139.111575237486,
2020-12-06,19325.55411859109,
2020-12-07,19198.806493935343,
2020-12-08,18336.514581297808,
2020-12-09,18564.986455688137,
2020-12-10,18262.058384653155,
2020-12-11,18058.027339569555,
2020-12-12,18807.09540322016,
2020-12-13,19151.13442340493,
2020-12-14,19259.97047153096,
2020-12-15,19432.362456862407,
2020-12-16,21317.66213678684,
2020-12-17,22805.65580598891,
2020-12-18,23120.57055156752,
2020-12-19,23863.85484171969,
2020-12-20,23518.31842054723,
2020-12-21,22840.991707188354,
2020-12-22,23794.79330262859,
2020-12-23,23308.12723217715,
2020-12-24,23760.287048542956,
2020-12-25,24671.107714415415,
2020-12-26,26476.130137019492,
2020-12-27,26423.22879190229,
2020-12-28,27125.384120651503,
2020-12-29,27424.538954606684,
2020-12-30,28837.28852895899,
2020-12-31,29022.41839530417,
2021-01-01,29352.12679194895,
2021-01-02,32163.824935335215,
2021-01-03,33008.226203489285,
2021-01-04,31515.575966658354,
2021-01-05,34082.20604904424,
2021-01-06,36933.520137309126,
2021-01-07,39547.08408135567,
2021-01-08,40815.96185478254,
2021-01-09,40296.5290038294,
2021-01-10,38397.895985418174,
2021-01-11,35669.90668663349,
2021-01-12,33938.33587810088,
2021-01-13,37456.00772548642,
2021-01-14,39232.74997140346,
2021-01-15,36787.52121668496,
2021-01-16,36254.713079410845,
2021-01-17,35804.263885674685,
2021-01-18,36595.4647692826,
2021-01-19,36104.86385775514,
2021-01-20,35587.489202735545,
2021-01-21,30913.695736053804,
2021-01-22,32957.908782655926,
2021-01-23,32068.08737440817,
2021-01-24,32273.51735032927,
2021-01-25,32375.320062981456,
2021-01-26,32582.10944502123,
2021-01-27,30445.52586511351,
2021-01-28,33128.34752861149,
2021-01-29,34150.81876737221,
2021-01-30,34199.51981036302,
2021-01-31,33064.78676701507,
2021-02-01,33405.99035714327,
2021-02-02,35485.98593382442,
2021-02-03,37494.71762460426,
2021-02-04,36816.50808203406,
2021-02-05,38007.83222908396,
2021-02-06,39279.41286897885,
2021-02-07,38833.34026455532,
2021-02-08,46307.57412159395,
2021-02-09,46569.56483,
2021-02-10,44848.69344950499,
2021-02-11,47815.96175554316,
2021-02-12,47414.1862550079,
2021-02-13,46941.29208582354,
2021-02-14,48607.8745224845,
2021-02-15,47898.487027633135,
2021-02-16,49238.13690672487,
2021-02-17,52143.6788446198,
2021-02-18,51733.075539032034,
2021-02-19,56038.72775892988,
2021-02-20,56377.63347790987,
2021-02-21,57669.3035269179,
2021-02-22,54410.85629451601,
2021-02-23,48691.894831704405,
2021-02-24,49849.378713583144,
2021-02-25,46992.665450048495,
2021-02-26,46551.48747675472,
2021-02-27,46653.52639939581,
2021-02-28,44970.163459946736,
2021-03-01,49787.33995949672,
2021-03-02,48532.23678981703,
2021-03-03,50577.45746915202,
2021-03-04,48727.45120080115,
2021-03-05,49091.81488232977,
2021-03-06,49019.36859236582,
2021-03-07,51313.09262027362,
2021-03-08,52328.5359126325,
2021-03-09,54700.273439277444,
2021-03-10,56020.4877195857,
2021-03-11,57788.86810329514,
2021-03-12,57353.86147197248,
2021-03-13,61315.197932766816,
2021-03-14,59428.967566027764,
2021-03-15,55805.32924923426,
2021-03-16,56830.253335076224,
2021-03-17,59014.92563205099,
2021-03-18,57922.40959262911,
2021-03-19,58243.27060892363,
2021-03-20,58376.15847137206,
2021-03-21,57573.539344778685,
2021-03-22,54370.137557895185,
2021-03-23,54584.86994699455,
2021-03-24,52526.86659704657,
2021-03-25,51416.908304980054,
2021-03-26,55033.100480447036,
2021-03-27,55832.418109618324,
2021-03-28,55728.10132780653,
2021-03-29,57634.92869447539,
2021-03-30,58668.628336761,
2021-03-31,58817.3738884188,
2021-04-01,58801.194843878126,
2021-04-02,59060.02678333801,
2021-04-03,57060.40665471088,
2021-04-04,58228.802623466196,
2021-04-05,58706.81559311396,
2021-04-06,58062.17872433649,
2021-04-07,56134.41738866435,
2021-04-08,58065.644024815316,
2021-04-09,58152.993262141834,
2021-04-10,59979.39281571831,
2021-04-11,59988.02095852983,
2021-04-12,59911.020594847316,
2021-04-13,63576.676041048275,
2021-04-14,62807.12323259299,
2021-04-15,63179.772446084695,
2021-04-16,61497.299569441195,
2021-04-17,60273.86667694734,
2021-04-18,56288.94534001195,
2021-04-19,55721.166052695626,
2021-04-20,56294.728558586925,
2021-04-21,54190.07026283405,
2021-04-22,51965.5664304852,
2021-04-23,51191.1246964079,
2021-04-24,50133.1073963654,
2021-04-25,48981.4413932161,
2021-04-26,53978.80554728962,
2021-04-27,54991.81484262107,
2021-04-28,54810.6138506792,
2021-04-29,53596.70402266675,
2021-04-30,57828.511814425874,
2021-05-01,57812.96915967891,
2021-05-02,56600.74528738432,
2021-05-03,57200.30029871162,
2021-05-04,53464.37021950372,
2021-05-05,57432.100227087576,
2021-05-06,56507.759439869595,
2021-05-07,57361.56904328887,
2021-05-08,58771.881689509355,
2021-05-09,58213.926293744385,
2021-05-10,55901.66759456145,
2021-05-11,56928.97235660158,
2021-05-12,50004.76218313686,
2021-05-13,49972.795398372444,
2021-05-14,49913.26314398822,
2021-05-15,46780.902304688214,
2021-05-16,46585.06413538846,
2021-05-17,43780.82559782485,
2021-05-18,43091.04144756922,
2021-05-19,37287.39140242737,
2021-05-20,40437.73009625558,
2021-05-21,37339.63420134628,
2021-05-22,37520.31767547438,
2021-05-23,34977.527801962424,
2021-05-24,38642.4422973396,
2021-05-25,38210.80521759389,
2021-05-26,39406.934244116186,
2021-05-27,38642.89555434217,
2021-05-28,35710.220936529884,
2021-05-29,34775.07941347281,
2021-05-30,35714.75202018067,
2021-05-31,37340.6792659422,
2021-06-01,36680.06820180283,
2021-06-02,37685.71798174826,
2021-06-03,39151.316183800314,
2021-06-04,36938.72031139185,
2021-06-05,35546.98596483364,
2021-06-06,35834.4744744042,
2021-06-07,33451.38340714534,
2021-06-08,33557.15068309184,
2021-06-09,37553.64375851888,
2021-06-10,36903.304906778896,
2021-06-11,37289.43252210222,
2021-06-12,35666.14977877309,
2021-06-13,39147.70567879997,
2021-06-14,40624.51305316154,
2021-06-15,40378.20254971114,
2021-06-16,38321.454656574206,
2021-06-17,38193.619141943964,
2021-06-18,35881.11137137543,
2021-06-19,35581.64226773201,
2021-06-20,35787.07740523232,
2021-06-21,31711.935467727006,
2021-06-22,32507.738707026845,
2021-06-23,33702.61779371396,
2021-06-24,34675.44910530336,
2021-06-25,31943.136467863093,
2021-06-26,32023.973901774916,
2021-06-27,34607.293274083386,
2021-06-28,34556.8421269449,
2021-06-29,35968.993667970346,
2021-06-30,35171.486304850056,
2021-07-01,33677.566235922626,
2021-07-02,33950.786555181,
2021-07-03,34729.89077801021,
2021-07-04,35394.213074080915,
2021-07-05,33928.13421837147,
2021-07-06,34149.98981477412,
2021-07-07,33932.25463831538,
2021-07-08,32933.578199292395,
2021-07-09,33971.297749757956,
2021-07-10,33704.53847440508,
2021-07-11,34299.938016517444,
2021-07-12,33262.6543524462,
2021-07-13,32676.38380096018,
2021-07-14,32878.50187357147,
2021-07-15,31726.038833909817,
2021-07-16,31399.653128682126,
2021-07-17,31588.6713510167,
2021-07-18,31919.393922554555,
2021-07-19,30928.211908849244,
2021-07-20,29971.903783612062,
2021-07-21,32383.78112696872,
2021-07-22,32409.499767175417,
2021-07-23,33455.55127272261,
2021-07-24,34213.59993217662,
2021-07-25,35456.124660766836,
2021-07-26,37281.91809217662,
2021-07-27,39076.59377063225,
2021-07-28,40031.19824444798,
2021-07-29,39977.75693922764,
2021-07-30,41936.261478677225,
2021-07-31,41754.16660435275,
2021-08-01,39914.82975848789,
2021-08-02,39278.766508103676,
2021-08-03,38368.35401197897,
2021-08-04,39751.58457509862,
2021-08-05,40825.381940449704,
2021-08-06,42802.13717474142,
2021-08-07,44647.57760300116,
2021-08-08,43753.217862646314,
2021-08-09,46311.00189857689,
2021-08-10,45639.51401890709,
2021-08-11,45652.06012506926,
2021-08-12,44495.20979327958,
2021-08-13,47717.27052766495,
2021-08-14,47088.85313451467,
2021-08-15,47025.00323011282,
2021-08-16,46031.75754362583,
2021-08-17,44534.454854219905,
2021-08-18,45015.46554608543,
2021-08-19,46745.03462296988,
2021-08-20,49195.87860189616,
2021-08-21,48933.689151311635,
2021-08-22,49250.54486971799,
2021-08-23,49518.57748790696,
2021-08-24,47940.6079149608,
2021-08-25,49002.70376627545,
2021-08-26,47229.070650876114,
2021-08-27,49083.10330586219,
2021-08-28,48936.537254142204,
2021-08-29,48907.27073106221,
2021-08-30,47124.25422469402,
2021-08-31,47335.42029920565,
2021-09-01,48823.05520964915,
2021-09-02,49338.78465183332,
2021-09-03,49934.5282762881,
2021-09-04,50013.02994694588,
2021-09-05,51696.206431317885,
2021-09-06,52739.800166345514,
2021-09-07,46995.16417095979,
2021-09-08,46085.02861578186,
2021-09-09,46518.94118660236,
2021-09-10,44802.60640249699,
2021-09-11,45196.488277558245,
2021-09-12,46195.21830082935,
2021-09-13,45139.83396873267,
2021-09-14,47135.43199562694,
2021-09-15,48186.53275704722,
2021-09-16,47879.47343992101,
2021-09-17,47228.65821623257,
2021-09-18,48266.62707279063,
2021-09-19,47371.03933236471,
2021-09-20,42932.94659595412,
2021-09-21,40386.62363528928,
2021-09-22,43587.22305058473,
2021-09-23,44980.898214810935,
2021-09-24,42752.1681545072,
2021-09-25,42856.855164224515,
2021-09-26,43336.861233242744,
2021-09-27,42247.355729006355,
2021-09-28,41010.37519836549,
2021-09-29,41587.66786232295,
2021-09-30,43859.32614724109,
2021-10-01,48181.87627260008,
2021-10-02,47777.762019063,
2021-10-03,48282.97113857447,
2021-10-04,49260.232321130694,
2021-10-05,51668.99422435564,
2021-10-06,55415.00574202895,
2021-10-07,53894.59599452107,
2021-10-08,54010.93747374405,
2021-10-09,55125.460337680444,
2021-10-10,54711.86959664297,
2021-10-11,57572.510855596534,
2021-10-12,56335.035460511535,
2021-10-13,57487.985880422195,
2021-10-14,57452.43178503547,
2021-10-15,61809.02394427028,
2021-10-16,61165.63564211521,
2021-10-17,61583.77443961336,
2021-10-18,62017.972725178704,
2021-10-19,64517.64856042277,
2021-10-20,66237.51755029388,
2021-10-21,62541.08693293518,
2021-10-22,61029.27093182092,
2021-10-23,61572.14043422243,
2021-10-24,61173.1663907232,
2021-10-25,63228.21382584213,
2021-10-26,60604.18888794746,
2021-10-27,58641.00147419492,
2021-10-28,60767.55585206728,
2021-10-29,62283.19805587354,
2021-10-30,61837.257002978935,
2021-10-31,61471.86846276259,
2021-11-01,61121.83120106507,
2021-11-02,63247.20896127831,
2021-11-03,63130.94235171542,
2021-11-04,61601.74357204975,
2021-11-05,61247.38494217787,
2021-11-06,61661.35866372036,
2021-11-07,63153.230193019495,
2021-11-08,67617.0155448617,
2021-11-09,67145.37493537061,
2021-11-10,65061.05440696283,
2021-11-11,65005.64515956679,
2021-11-12,64432.04794734522,
2021-11-13,64660.33535267343,
2021-11-14,65648.97779110243,
2021-11-15,63933.835442599324,
2021-11-16,60448.56251258625,
2021-11-17,60603.65586738653,
2021-11-18,56987.32233855049,
2021-11-19,58459.25551667463,
2021-11-20,60082.91166841709,
2021-11-21,59139.779279527174,
2021-11-22,56386.856853152145,
2021-11-23,57748.79317378856,
2021-11-24,57198.18384629529,
2021-11-25,58897.84698299794,
2021-11-26,53827.792865034724,
2021-11-27,54533.40388242691,
2021-11-28,57237.66113709043,
2021-11-29,57848.77353712989,
2021-11-30,57011.28047424234,
2021-12-01,57169.37199381056,
2021-12-02,56508.26805402271,
2021-12-03,53785.96717237922,
2021-12-04,49161.99070957517,
2021-12-05,49268.46989053938,
2021-12-06,50461.57683653979,
2021-12-07,50647.66340635755,
2021-12-08,50530.4580645934,
2021-12-09,47885.871989417064,
2021-12-10,47303.56415217411,
2021-12-11,49242.302324071476,
2021-12-12,50051.078348674855,
2021-12-13,46696.30469946678,
2021-12-14,48410.564656309325,
2021-12-15,48936.86258244155,
2021-12-16,47694.530502251764,
2021-12-17,46328.6963654447,
2021-12-18,46970.057050727024,
2021-12-19,46807.04861642627,
2021-12-20,47117.008204210455,
2021-12-21,49145.21725849885,
2021-12-22,48755.89564404483,
2021-12-23,50900.61494951601,
2021-12-24,50888.72103678683,
2021-12-25,50663.48710213215,
2021-12-26,50852.860259540656,
2021-12-27,50774.067814743,
2021-12-28,47725.14804631933,
2021-12-29,46506.99464767938,
2021-12-30,47191.86838983951,
2021-12-31,46319.65108805251,
2022-01-01,47816.07767640849,
2022-01-02,47387.212167697246,
2022-01-03,46531.140860530526,
2022-01-04,45938.02427172366,
2022-01-05,43647.147508068054,
2022-01-06,43216.45867693359,
2022-01-07,41527.197042644846,
2022-01-08,41756.66232397826,
2022-01-09,41862.3609856517,
2022-01-10,41869.85905559219,
2022-01-11,42777.211020482355,
2022-01-12,43981.87732717414,
2022-01-13,42608.41001195019,
2022-01-14,43120.85451108056,
2022-01-15,43226.65026980921,
2022-01-16,43119.79214308028,
2022-01-17,42298.341116872325,
2022-01-18,42395.45879157343,
2022-01-19,41749.55143098559,
2022-01-20,40707.6824143097,
2022-01-21,36508.799789830824,
2022-01-22,35180.435462830384,
2022-01-23,36306.409440464704,
2022-01-24,36774.00714224005,
2022-01-25,36988.928510667356,
2022-01-26,36870.440166930995,
2022-01-27,37276.839558174994,
2022-01-28,37852.57902803263,
2022-01-29,38232.17873217708,
2022-01-30,37983.151499406464,
2022-01-31,38555.53446121157,
2022-02-01,38835.69494322237,
2022-02-02,37000.98249864199,
2022-02-03,37101.351593780935,
2022-02-04,41673.8395543094,
2022-02-05,41493.690050910525,
2022-02-06,42475.543220951215,
2022-02-07,43910.929986443094,
2022-02-08,44184.447511676175,
2022-02-09,44383.88805541707,
2022-02-10,43628.13953235228,
2022-02-11,42445.38876793804,
2022-02-12,42254.738123237206,
2022-02-13,42247.83595326771,
2022-02-14,42634.573783663065,
2022-02-15,44574.32057099816,
2022-02-16,44063.28198279571,
2022-02-17,40562.98694982819,
2022-02-18,40073.495362369824,
2022-02-19,40192.75912143141,
2022-02-20,38514.00853622455,
2022-02-21,37059.979402287514,
2022-02-22,38337.2038554348,
2022-02-23,37372.2926803477,
2022-02-24,38363.345488570165,
2022-02-25,39316.16207578596,
2022-02-26,39090.202153609054,
2022-02-27,37803.59016044929,
2022-02-28,43225.404677435734,
2022-03-01,44459.59162774341,
2022-03-02,43980.707382090906,
2022-03-03,42491.97839335905,
2022-03-04,39200.29973557414,
2022-03-05,39463.14681149058,
2022-03-06,38442.99174588676,
2022-03-07,38076.49382252028,
2022-03-08,38732.93701302586,
2022-03-09,41986.03444607623,
2022-03-10,39468.35477300189,
2022-03-11,38775.17558840679,
2022-03-12,38903.69354800599,
2022-03-13,37852.52514106289,
2022-03-14,39669.423812004505,
2022-03-15,39331.84654059453,
2022-03-16,41165.63506140341,
2022-03-17,41001.70957801974,
2022-03-18,41837.41313797566,
2022-03-19,42201.939920688186,
2022-03-20,41283.25900104565,
2022-03-21,41061.81589384987,
2022-03-22,42401.895597489434,
2022-03-23,42802.15471016985,
2022-03-24,43936.09623454058,
2022-03-25,44331.77795706412,
2022-03-26,44510.84421762133,
2022-03-27,46715.1176185105,
2022-03-28,46994.879118357465,
2022-03-29,47459.261237539096,
2022-03-30,47063.36584996355,
2022-03-31,45528.40715313835,
2022-04-01,46270.20070585378,
2022-04-02,45842.14476317382,
2022-04-03,46434.562982661664,
2022-04-04,46622.63571309101,
2022-04-05,45635.45438126673,
2022-04-06,43198.77526936491,
2022-04-07,43515.15032279806,
2022-04-08,42315.70972421807,
2022-04-09,42796.39747810973,
2022-04-10,42274.907370256085,
2022-04-11,39603.965159284155,
2022-04-12,40205.67794073206,
2022-04-13,41205.16871904067,
2022-04-14,39959.457069033735,
2022-04-15,40586.59730938673,
2022-04-16,40450.37930543977,
2022-04-17,39739.11925622209,
2022-04-18,40833.5379650337,
2022-04-19,41498.12244669832,
2022-04-20,41397.220477279625,
2022-04-21,40528.54148675958,
2022-04-22,39756.848993471016,
2022-04-23,39561.78019075613,
2022-04-24,39469.04986198146,
2022-04-25,40488.877917622376,
2022-04-26,38134.21545068938,
2022-04-27,39237.94931747103,
2022-04-28,39741.766645809636,
2022-04-29,38650.55013809267,
2022-04-30,37820.61176529208,
2022-05-01,38537.65476669535,
2022-05-02,38561.56539902362,
2022-05-03,37758.496107734,
2022-05-04,39699.02404125388,
2022-05-05,36612.229548803036,
2022-05-06,36116.394294982965,
2022-05-07,35573.31019883488,
2022-05-08,34070.31219757961,
2022-05-09,30269.586956629482,
2022-05-10,31026.93386836242,
2022-05-11,28913.48836365432,
2022-05-12,29126.11597686014,
2022-05-13,29310.728959858257,
2022-05-14,30189.333177005963,
2022-05-15,31319.309111130002,
2022-05-16,29923.606993639707,
2022-05-17,30502.19328027689,
2022-05-18,28772.200501112577,
2022-05-19,30382.40624219559,
2022-05-20,29256.813374416255,
2022-05-21,29491.507947760598,
2022-05-22,30351.050417138096,
2022-05-23,29163.167775739188,
2022-05-24,29655.02613175249,
2022-05-25,29584.949851985926,
2022-05-26,29346.781442431617,
2022-05-27,28646.65218193245,
2022-05-28,29088.236452817226,
2022-05-29,29492.503214953642,
2022-05-30,31740.94072516695,
2022-05-31,31865.749621173167,
2022-06-01,29833.450330205254,
2022-06-02,30481.013996026013,
2022-06-03,29714.143487149733,
2022-06-04,29872.3603087139,
2022-06-05,29917.764052456198,
2022-06-06,31372.5847629755,
2022-06-07,31265.469277693348,
2022-06-08,30229.236836130378,
2022-06-09,30101.187521431468,
2022-06-10,29101.2982596468,
2022-06-11,28374.14499732395,
2022-06-12,26767.269173221313,
2022-06-13,22525.768350391198,
2022-06-14,22244.848968001315,
2022-06-15,22529.198114649807,
2022-06-16,20408.690490591813,
2022-06-17,20473.05288079512,
2022-06-18,19047.41782828195,
2022-06-19,20516.41197977524,
2022-06-20,20636.75891240637,
2022-06-21,20700.923933039136,
2022-06-22,19983.566482863105,
2022-06-23,21100.270533511088,
2022-06-24,21262.71348295613,
2022-06-25,21525.88036221139,
2022-06-26,21052.80539783573,
2022-06-27,20751.477530790766,
2022-06-28,20282.542479269694,
2022-06-29,20108.529472889782,
2022-06-30,19608.397493423083,
2022-07-01,19407.447430262473,
2022-07-02,19268.227002666128,
2022-07-03,19310.233218521833,
2022-07-04,20257.012328592882,
2022-07-05,20188.779663973284,
2022-07-06,20566.68722377,
2022-07-07,21660.596837075183,
2022-07-08,21858.818749217564,
2022-07-09,21589.628101459668,
2022-07-10,20859.81407965063,
2022-07-11,19998.467839575842,
2022-07-12,19350.73735007727,
2022-07-13,20225.23866433186,
2022-07-14,20574.84059150044,
2022-07-15,20794.811981436706,
2022-07-16,21193.08334336837,
2022-07-17,20824.36275165164,
2022-07-18,22395.365383103952,
2022-07-19,23366.90769792785,
2022-07-20,23313.296731959555,
2022-07-21,23155.207555248304,
2022-07-22,22696.902754290055,
2022-07-23,22506.199573628986,
2022-07-24,22613.719208248454,
2022-07-25,21330.295450788173,
2022-07-26,21235.612316085775,
2022-07-27,22908.884260468687,
2022-07-28,23822.067597823116,
2022-07-29,23847.58331873861,
2022-07-30,23653.459549430798,
2022-07-31,23379.70052509082,
2022-08-01,23333.749243312184,
2022-08-02,23053.846847482677,
2022-08-03,22860.42098438317,
2022-08-04,22678.363633874185,
2022-08-05,23225.036201942938,
2022-08-06,22984.57953144855,
2022-08-07,23197.603469525384,
2022-08-08,23823.679442453606,
2022-08-09,23203.680696781623,
2022-08-10,23948.829553271633,
2022-08-11,23948.75170368143,
2022-08-12,24411.379871522615,
2022-08-13,24433.653747243658,
2022-08-14,24312.541424891562,
2022-08-15,24179.014652309197,
2022-08-16,23913.333725628458,
2022-08-17,23359.418837070007,
2022-08-18,23248.38422819264,
2022-08-19,20945.8339660496,
2022-08-20,21175.232732989512,
2022-08-21,21615.761693416986,
2022-08-22,21387.747114773963,
2022-08-23,21562.45153991356,
2022-08-24,21395.45846975991,
2022-08-25,21618.009019176647,
2022-08-26,20271.322951706014,
2022-08-27,20069.953331596196,
2022-08-28,19659.24670619362,
2022-08-29,20308.861447891457,
2022-08-30,19805.35069885804,
2022-08-31,20023.55444491251,
2022-09-01,20153.975977982507,
2022-09-02,19941.451370047158,
2022-09-03,19814.5642451146,
2022-09-04,19980.013222242276,
2022-09-05,19785.73350185514,
2022-09-06,18859.500087680277,
2022-09-07,19280.62547645678,
2022-09-08,19322.77774937157,
2022-09-09,21359.58252557909,
2022-09-10,21707.38731931814,
2022-09-11,21739.80437979554,
2022-09-12,22339.67050262336,
2022-09-13,20184.96749189655,
2022-09-14,20255.922978327133,
2022-09-15,19702.169889811717,
2022-09-16,19764.411712043777,
2022-09-17,20131.675305714027,
2022-09-18,19437.157867982634,
2022-09-19,19570.386709523507,
2022-09-20,18869.928809390534,
2022-09-21,18539.63523831258,
2022-09-22,19464.322663348466,
2022-09-23,19291.904802452067,
2022-09-24,18939.970580499372,
2022-09-25,18809.41143933244,
2022-09-26,19219.727780656474,
2022-09-27,19116.331160710437,
2022-09-28,19444.787771362975,
2022-09-29,19563.765161776904,
2022-09-30,19476.92659600407,
2022-10-01,19314.463835217448,
2022-10-02,19065.153837148988,
2022-10-03,19620.567543591394,
2022-10-04,20345.398520106643,
2022-10-05,20161.830614985047,
2022-10-06,19949.051041418512,
2022-10-07,19457.308951251147,
2022-10-08,19418.037989243952,
2022-10-09,19448.14900175761,
2022-10-10,19142.694767392895,
2022-10-11,19058.628039738272,
2022-10-12,19153.039779986986,
2022-10-13,19383.9432200889,
2022-10-14,19198.107144951755,
2022-10-15,19072.780513358884,
2022-10-16,19272.921847772006,
2022-10-17,19557.895548868444,
2022-10-18,19348.029368810374,13.72738551467237
2022-10-19,19134.242664465204,7.199337817510496
2022-10-20,19031.15987195947,7.3463173419057295
2022-10-21,19173.28046885863,7.4899173919770075
2022-10-22,19203.86547117714,8.925298498680675
2022-10-23,19574.824231840797,9.74806737868096
2022-10-24,19316.94062294213,9.522202955374743
2022-10-25,20095.152230674925,8.779380669710388
2022-10-26,20774.247496426033,9.185905978123676
2022-10-27,20278.36623205219,8.69566321634164
2022-10-28,20591.241208098614,8.165962068150327
2022-10-29,20800.70708772471,7.939942787840959
2022-10-30,20623.871497040946,7.804826254477776
2022-10-31,20494.60120983709,7.953970688427261
2022-11-01,20489.646203160763,8.190151682323787
2022-11-02,20162.980904822525,7.376837971857753
2022-11-03,20210.912417111318,7.23344570985638
2022-11-04,21150.315583912397,7.666695719080992
2022-11-05,21282.985109422694,7.631575430772695
2022-11-06,20906.99792695512,7.278993688228169
2022-11-07,20597.755017060834,6.990814461586567
2022-11-08,18562.353215089643,5.378281466579423
2022-11-09,15742.444335961438,3.848920163125193
2022-11-10,17594.923500278233,5.137926397449392
2022-11-11,17080.215260565037,5.06167745021717
2022-11-12,16797.98748257006,4.517928878471141
2022-11-13,16344.342316001042,4.228588894253891
2022-11-14,16645.828500283515,4.187401645989263
2022-11-15,16890.52938386464,4.336327629744596
2022-11-16,16689.39673273771,4.501424568018508
2022-11-17,16718.361228055077,4.677484311679963
2022-11-18,16707.022778986535,4.70186518269726
2022-11-19,16712.729525794817,4.629564922417411
2022-11-20,16304.07685562355,4.09390719296365
2022-11-21,15814.335280855257,4.080142306160631
2022-11-22,16171.628978315088,4.310771615281295
2022-11-23,16608.00998544357,4.4642394055118615
2022-11-24,16596.03575847268,4.451876035174693
2022-11-25,16524.449007720887,4.4347502296225345
2022-11-26,16456.156062496684,4.763324263239064
2022-11-27,16459.149543755877,4.774219312105203
2022-11-28,16222.210728731225,4.482849725754625
2022-11-29,16441.979978419113,4.677190624507419
2022-11-30,17186.502572066118,4.825354597748601
2022-12-01,16972.73406077455,4.66420922133526
2022-12-02,17084.87334047068,4.942667699919777
2022-12-03,16923.38287008033,5.167984891010241
2022-12-04,17149.93175096291,5.237998719833725
2022-12-05,16973.372577553495,5.203711604054656
2022-12-06,17085.64314125141,5.06290731398171
2022-12-07,16851.30346863184,4.8281791916972185
2022-12-08,17235.014157992136,4.928503136565058
2022-12-09,17149.824203925327,4.825766780338191
2022-12-10,17125.364927688952,4.79721614510071
2022-12-11,17101.038019732932,4.68543610102201
2022-12-12,17179.596038203494,4.5298433028182785
2022-12-13,17784.162894053265,4.622536849676779
2022-12-14,17808.71617265881,4.704097308733056
2022-12-15,17338.358126632633,4.654269745774839
2022-12-16,16623.75782614431,4.050071369973214
2022-12-17,16806.48559206152,4.102627083335125
2022-12-18,16742.816663834055,4.069182097809369
2022-12-19,16422.562273279298,3.8047441643915976
2022-12-20,16899.331969046758,3.9141596317698233
2022-12-21,16816.85370118997,3.774069468873074
2022-12-22,16824.790162441503,3.7179582064144263
2022-12-23,16791.45543916491,3.756511840585257
2022-12-24,16848.568708323422,3.711063428570643
2022-12-25,16842.177039905502,3.580884322950589
2022-12-26,16900.081871938084,3.6497760871823797
2022-12-27,16701.840210667935,3.5920825719772616
2022-12-28,16538.906094001977,3.232105709108722
2022-12-29,16644.379087037905,3.210360666041266
2022-12-30,16604.020520373393,3.4011592033133753
2022-12-31,16540.693624776803,3.454555553933522
2023-01-01,16615.969318012816,3.527858081113924
2023-01-02,16674.342536301097,3.7550337625772285
2023-01-03,16677.646185850346,3.8254969319710934
2023-01-04,16855.1747387671,3.8184969776730693
2023-01-05,16832.098988497855,3.7005992990371976
2023-01-06,16960.23206247515,3.8612219257457645
2023-01-07,16950.861521853905,3.8286860633898168
2023-01-08,17074.61539572674,3.8833627933889825
2023-01-09,17194.90932945318,5.21925390348685
2023-01-10,17436.90232978116,5.527780235157571
2023-01-11,17996.832553741606,5.294782496188447
2023-01-12,18866.810330617045,6.549291497974116
2023-01-13,19941.780543296303,6.83925311214253
2023-01-14,21019.20661402266,7.741679475977941
2023-01-15,20853.230569490253,7.961003480940155
2023-01-16,21175.33773662521,8.14870211580126
2023-01-17,21156.78393116713,7.675183226267742
2023-01-18,20726.844969426445,7.646643321889705
2023-01-19,21081.671022204326,7.895756137571257
2023-01-20,22705.83367889906,10.941181689562757
2023-01-21,22771.023287021784,11.792186629362417
2023-01-22,22736.66142892971,13.353711304507002
2023-01-23,22984.87497643721,12.896647130536616
2023-01-24,22610.010598272846,12.297977434654335
2023-01-25,23180.422697874263,18.35650243840218
2023-01-26,23024.74618081709,18.24425764858573
2023-01-27,23082.858382122955,17.712451032611295
2023-01-28,23022.23299135344,17.8622188950866
2023-01-29,23797.460894881242,18.417469361258267
2023-01-30,22840.385858797104,17.240237010604513
2023-01-31,23137.323554088376,16.765603325585705
2023-02-01,23725.161796142238,18.19736625425798
2023-02-02,23539.676770196525,17.23158420467785
2023-02-03,23451.577650774634,17.069542985598765
2023-02-04,23340.34958553934,16.516895773366514
2023-02-05,22946.286578591233,15.489121977525466
2023-02-06,22786.483006387727,14.941217459450284
2023-02-07,23294.9136483527,16.11606750245092
2023-02-08,22947.50782856846,15.112572186439548
2023-02-09,21820.886508092775,13.279314894546129
2023-02-10,21630.132979576298,13.613384551521149
2023-02-11,21889.432080049624,13.969148269498893
2023-02-12,21779.87440384417,13.069369571471315
2023-02-13,21807.834274723064,13.776958138356683
2023-02-14,22220.070997481067,14.722390788037732
2023-02-15,24307.875101631602,15.95547669478355
2023-02-16,23756.907281577434,14.745243196559679
2023-02-17,24628.82455217312,14.718857652558878
2023-02-18,24642.79087073843,14.417397201771829
