date,Goldfinch,Centrifuge,Credix
2020-10-17,,20165.14407,
2020-10-18,,20179.06802,
2020-10-19,,20163.35196,
2020-10-20,,20135.5929,
2020-10-21,,27818.67583,
2020-10-22,,27720.09234,
2020-10-23,,133244.36926,
2020-10-24,,133673.76179,
2020-10-25,,203242.86836,
2020-10-26,,203476.12841,
2020-10-27,,139677.1391,
2020-10-28,,139463.3191,
2020-10-29,,185051.43302,
2020-10-30,,120665.22512,
2020-10-31,,218666.39007,
2020-11-01,,218621.75165,
2020-11-02,,217827.29401,
2020-11-03,,233311.75449,
2020-11-04,,233356.41463,
2020-11-05,,176375.59094,
2020-11-06,,196701.18897,
2020-11-07,,196581.43576,
2020-11-08,,196646.76901,
2020-11-09,,197469.56702,
2020-11-10,,191997.15201,
2020-11-11,,201524.34229,
2020-11-12,,202223.66972,
2020-11-13,,232509.18234,
2020-11-14,,213550.59867,
2020-11-15,,211722.89926,
2020-11-16,,211456.84472,
2020-11-17,,230137.62283,
2020-11-18,,229731.125,
2020-11-19,,202147.45956,
2020-11-20,,372403.6548,
2020-11-21,,371338.31966,
2020-11-22,,371195.97571,
2020-11-23,,372005.657,
2020-11-24,,371946.05605,
2020-11-25,,431503.19073,
2020-11-26,,493918.86023,
2020-11-27,,516000.92603,
2020-11-28,,445050.63745,
2020-11-29,,509385.73579,
2020-11-30,,386149.66407,
2020-12-01,,385440.93379,
2020-12-02,,425374.34123,
2020-12-03,,425082.33825,
2020-12-04,,474689.54698,
2020-12-05,,475605.40919,
2020-12-06,,516128.46897,
2020-12-07,,515710.60163,
2020-12-08,,425696.98691,
2020-12-09,,431039.0515,
2020-12-10,,428752.19343,
2020-12-11,,429502.50186,
2020-12-12,,427862.6274,
2020-12-13,,427374.28249,
2020-12-14,,427351.48362,
2020-12-15,,427309.57575,
2020-12-16,,427839.99907,
2020-12-17,,541709.02539,
2020-12-18,,512132.78396,
2020-12-19,,513983.45356,
2020-12-20,,513406.94673,
2020-12-21,,589981.76247,
2020-12-22,,423158.97439,
2020-12-23,,531843.21213,
2020-12-24,,553266.80479,
2020-12-25,,553145.1499,
2020-12-26,,582614.43055,
2020-12-27,,592339.8439,
2020-12-28,,687224.17075,
2020-12-29,,619771.2769,
2020-12-30,,546295.42044,
2020-12-31,,418413.88554,
2021-01-01,,495698.87858,
2021-01-02,,472476.36182,
2021-01-03,,314439.03919,
2021-01-04,,312870.75482,
2021-01-05,,313550.55658,
2021-01-06,,297566.68982,
2021-01-07,,342812.20233,
2021-01-08,,469669.60549,
2021-01-09,,239863.08479,
2021-01-10,,240305.63043,
2021-01-11,,273784.53292,
2021-01-12,,282478.65231,
2021-01-13,,376821.8669,
2021-01-14,,378629.9751,
2021-01-15,,508442.40035,
2021-01-16,,508079.85331,
2021-01-17,,337760.99017,
2021-01-18,,337487.96843,
2021-01-19,,364834.64408,
2021-01-20,,376659.09604,
2021-01-21,,290380.75937,
2021-01-22,,152475.8864,
2021-01-23,,164686.51678,
2021-01-24,,174303.81082,
2021-01-25,,236969.00938,
2021-01-26,,207615.14055,
2021-01-27,,423406.01714,
2021-01-28,,422781.70259,
2021-01-29,,421163.67296,
2021-01-30,,418081.73081,
2021-01-31,,500858.76598,
2021-02-01,,403864.99894,
2021-02-02,,334055.02067,
2021-02-03,,247109.83034,
2021-02-04,,475246.53924,
2021-02-05,,473478.10748,
2021-02-06,,489829.60051,
2021-02-07,,506174.82506,
2021-02-08,,507553.26042,
2021-02-09,,562390.24406,
2021-02-10,,537850.67786,
2021-02-11,,343300.53796,
2021-02-12,,456166.56706,
2021-02-13,,367564.30239,
2021-02-14,,410825.16672,
2021-02-15,,411614.29091,
2021-02-16,,431237.62452,
2021-02-17,,564055.72722,
2021-02-18,,342147.07565,
2021-02-19,,493522.05982,
2021-02-20,,496290.52109,
2021-02-21,,641548.25008,
2021-02-22,,639993.37139,
2021-02-23,,681037.32987,
2021-02-24,,742440.8562,
2021-02-25,,434299.55265,
2021-02-26,,470783.70548,
2021-02-27,,562811.25325,
2021-02-28,,545435.74223,
2021-03-01,,551598.73954,
2021-03-02,,575918.11833,
2021-03-03,,1063339.52537,
2021-03-04,,1149605.22869,
2021-03-05,,1255660.05339,
2021-03-06,,1115191.20476,
2021-03-07,,1145540.23571,
2021-03-08,,1169275.43692,
2021-03-09,,1418554.54566,
2021-03-10,,1238393.10571,
2021-03-11,,847202.58378,
2021-03-12,,1213315.7706,
2021-03-13,,1077814.06368,
2021-03-14,,1099780.30579,
2021-03-15,,1108719.71665,
2021-03-16,,1106180.96092,
2021-03-17,,1256239.9108,
2021-03-18,,1283152.20601,
2021-03-19,,1289406.39683,
2021-03-20,,1377031.27819,
2021-03-21,,1393122.74659,
2021-03-22,,1393716.49554,
2021-03-23,,1518461.28767,
2021-03-24,,1406601.23711,
2021-03-25,,1465371.49772,
2021-03-26,,1472303.46863,
2021-03-27,,1483272.16099,
2021-03-28,,1880914.55543,
2021-03-29,,1883429.31764,
2021-03-30,,2057992.82421,
2021-03-31,,2072491.00116,
2021-04-01,,2404274.96433,
2021-04-02,,2583736.44047,
2021-04-03,,2133401.91902,
2021-04-04,,2244599.03462,
2021-04-05,,1956097.2917,
2021-04-06,,2281880.75044,
2021-04-07,,2136938.62672,
2021-04-08,,2262439.22781,
2021-04-09,,2417145.93996,
2021-04-10,,2439195.98663,
2021-04-11,,2733090.94493,
2021-04-12,,2696284.81974,
2021-04-13,,2660022.75265,
2021-04-14,,2714290.70009,
2021-04-15,,2879246.26012,
2021-04-16,,3391268.89097,
2021-04-17,,2207543.29711,
2021-04-18,,3058732.24233,
2021-04-19,,3184084.32592,
2021-04-20,,3202891.91744,
2021-04-21,,2635697.62435,
2021-04-22,,2424585.69928,
2021-04-23,,2040631.41021,
2021-04-24,,2043068.92227,
2021-04-25,,2050702.50483,
2021-04-26,,2250879.91142,
2021-04-27,,2255430.02042,
2021-04-28,,2337986.13725,
2021-04-29,,2502536.68758,
2021-04-30,,2194020.44635,
2021-05-01,,2418877.66824,
2021-05-02,,2424108.87512,
2021-05-03,,2494297.30685,
2021-05-04,,2329918.93125,
2021-05-05,,2186648.46907,
2021-05-06,,2183958.34417,
2021-05-07,,2230737.26427,
2021-05-08,,2367589.41627,
2021-05-09,,2376211.80863,
2021-05-10,,2473421.96203,
2021-05-11,,1944574.58873,
2021-05-12,,1929560.63543,
2021-05-13,,2426590.36101,
2021-05-14,,2788956.38467,
2021-05-15,,2839745.47258,
2021-05-16,,3393692.57178,
2021-05-17,,4009831.94791,
2021-05-18,,3853790.13775,
2021-05-19,,4094626.26303,
2021-05-20,,4017769.47249,
2021-05-21,,3790573.1316,
2021-05-22,,3796399.57682,
2021-05-23,,3737541.66193,
2021-05-24,,3693684.76514,
2021-05-25,,3698929.91726,
2021-05-26,,3707875.42314,
2021-05-27,,3479451.60518,
2021-05-28,,3403914.85451,
2021-05-29,,3400669.46645,
2021-05-30,,3424552.27183,
2021-05-31,,3422101.19351,
2021-06-01,,3388607.12908,
2021-06-02,,3397814.36675,
2021-06-03,,3340960.17486,
2021-06-04,,3314631.02477,
2021-06-05,,3442213.29447,
2021-06-06,,3554691.0136,
2021-06-07,,3559609.28522,
2021-06-08,,3567273.80999,
2021-06-09,,3485759.7212,
2021-06-10,,3466144.27523,
2021-06-11,,3468629.07707,
2021-06-12,,4293281.42647,
2021-06-13,,4323825.82958,
2021-06-14,,4322053.1681,
2021-06-15,,4387961.44869,
2021-06-16,,4355564.46944,
2021-06-17,,3730810.69238,
2021-06-18,,3862644.38403,
2021-06-19,,3242388.96087,
2021-06-20,,3381107.47341,
2021-06-21,,3399054.11615,
2021-06-22,,3334446.74961,
2021-06-23,,3198863.93613,
2021-06-24,,4250295.09302,
2021-06-25,,4219868.1764,
2021-06-26,,3194215.21911,
2021-06-27,,3243479.92293,
2021-06-28,,3197464.40704,
2021-06-29,,2713679.73451,
2021-06-30,,2713171.39412,
2021-07-01,,2957178.99297,
2021-07-02,,2946042.8574,
2021-07-03,,2742299.98418,
2021-07-04,,2535741.07196,
2021-07-05,,2539299.05533,
2021-07-06,,2604241.9531,
2021-07-07,,2462271.64644,
2021-07-08,,2393553.31566,
2021-07-09,,2522075.50469,
2021-07-10,,2329314.84036,
2021-07-11,,2323748.63542,
2021-07-12,,2281197.99351,
2021-07-13,,2280543.83811,
2021-07-14,,2468548.72525,
2021-07-15,,2373241.19202,
2021-07-16,,2738722.2382,
2021-07-17,,2417914.71371,
2021-07-18,,2473126.97395,
2021-07-19,,2497029.62762,
2021-07-20,,2107603.66534,
2021-07-21,,2089924.04498,
2021-07-22,,1858042.53121,
2021-07-23,,1798624.46136,
2021-07-24,,1830389.62199,
2021-07-25,,1829630.48327,
2021-07-26,,1816350.41306,
2021-07-27,,1854131.01684,
2021-07-28,,1829545.38103,
2021-07-29,,1808009.80035,
2021-07-30,,1677236.06683,
2021-07-31,,1775593.00788,
2021-08-01,,1772971.07959,
2021-08-02,,1779864.5298,
2021-08-03,,1784739.60514,
2021-08-04,,1699818.59728,
2021-08-05,,1836062.87177,
2021-08-06,,1682466.15599,
2021-08-07,,1747697.88667,
2021-08-08,,1758760.5102,
2021-08-09,,1800473.49773,
2021-08-10,,1894244.61795,
2021-08-11,,1785140.51686,
2021-08-12,,1784566.59399,
2021-08-13,,1802767.13896,
2021-08-14,,1845821.10692,
2021-08-15,,1915882.76486,
2021-08-16,,1899358.5219,
2021-08-17,,1834164.89648,
2021-08-18,,1839084.71424,
2021-08-19,,1739896.20096,
2021-08-20,,1681376.63157,
2021-08-21,,1684195.21651,
2021-08-22,,1724729.9798,
2021-08-23,,1692299.20224,
2021-08-24,,1531968.16211,
2021-08-25,14796495.9184,1796992.74567,
2021-08-26,14781430.58113,1651355.95005,
2021-08-27,14799812.46664,2014390.94944,
2021-08-28,14826737.06687,2332897.94875,
2021-08-29,14802194.70867,2337412.86958,
2021-08-30,14811249.54788,2089279.04704,
2021-08-31,14885420.47405,2083297.16576,
2021-09-01,14864390.89702,2146284.04767,
2021-09-02,12668545.29358,2139288.20571,
2021-09-03,7826925.11215,2152197.86305,
2021-09-04,7820678.91209,2024341.10895,
2021-09-05,7807831.81964,2021484.76365,
2021-09-06,7829807.10513,2024341.10895,
2021-09-07,7535968.09919,2144148.54729,
2021-09-08,7402410.84919,1980881.07922,
2021-09-09,7481807.84919,1909770.38368,
2021-09-10,7507112.76666,1913782.72802,
2021-09-11,7841669.44009,1935802.05775,
2021-09-12,7751221.19009,1929052.15021,
2021-09-13,7855339.18402,1943857.22032,
2021-09-14,7841584.46008,2012914.75366,
2021-09-15,7841669.44009,2030275.9957,
2021-09-16,12901508.25345,2383282.49485,
2021-09-17,20069168.86533,2408316.9018,
2021-09-18,22207588.68246,2568596.2525,
2021-09-19,23049379.11946,2574904.78775,
2021-09-20,23085725.3279,2551579.05176,
2021-09-21,23253764.97505,2482581.2408,
2021-09-22,22714798.11496,2476937.70552,
2021-09-23,22688780.34496,2493073.54185,
2021-09-24,22704603.69496,2161809.9154,
2021-09-25,22970067.87856,2224151.09577,
2021-09-26,23000982.09257,1900817.80341,
2021-09-27,22990790.23405,1828287.23272,
2021-09-28,23360621.31865,1717277.27168,
2021-09-29,23299169.73381,1637861.50141,
2021-09-30,23368986.76738,1698597.98002,
2021-10-01,23111657.05982,1698597.98002,
2021-10-02,25780822.24673,1952353.00945,
2021-10-03,25786092.64642,1935349.24282,
2021-10-04,25927069.76437,2017487.16667,
2021-10-05,26043405.46899,1807473.52257,
2021-10-06,25474747.93637,1609408.69544,
2021-10-07,25594274.25201,1335000.87518,
2021-10-08,25743988.20665,1094236.09664,
2021-10-09,25814447.91207,1143095.53783,
2021-10-10,25842046.69106,1251559.91789,
2021-10-11,25867949.45378,1291175.36395,
2021-10-12,23597849.41427,1250659.74092,
2021-10-13,23627717.34183,1173812.74092,
2021-10-14,23910688.65757,1207350.01651,
2021-10-15,22960795.71238,800150.50951,
2021-10-16,22834509.96306,800150.50951,
2021-10-17,22890267.64376,792767.95686,
2021-10-18,23680488.90364,862798.3599,
2021-10-19,23729764.98515,734692.01032,
2021-10-20,24339400.72434,1049795.41156,
2021-10-21,24387517.9655,1014193.07013,
2021-10-22,19379410.88952,1012692.97576,
2021-10-23,19575482.26414,815693.33202,
2021-10-24,19603661.91917,804098.90385,
2021-10-25,19402209.75818,814363.85238,
2021-10-26,20047578.78477,514363.85238,
2021-10-27,19822845.91701,518870.18871,
2021-10-28,20070934.50401,849878.47768,
2021-10-29,19589610.26433,849878.47768,
2021-10-30,19580261.45686,849878.47768,
2021-10-31,19511549.77644,849448.43917,
2021-11-01,19521500.02486,849878.47768,
2021-11-02,19426749.07486,817535.0927,
2021-11-03,19552535.89527,443139.06456,
2021-11-04,19241965.94814,456534.8394,
2021-11-05,18760190.72596,456534.8394,
2021-11-06,18679475.60092,365412.92106,
2021-11-07,18946482.33921,773878.55607,
2021-11-08,18043739.62663,873797.19163,
2021-11-09,18010652.63174,932031.53088,
2021-11-10,18094229.29775,880125.39137,
2021-11-11,14163208.91249,885201.62928,
2021-11-12,13665976.52851,775560.44557,
2021-11-13,13948104.76161,1074617.45141,
2021-11-14,14094310.58548,1153183.70398,
2021-11-15,13647026.15064,1141766.04354,
2021-11-16,13538811.30907,1366690.98429,
2021-11-17,13584592.32929,805037.62113,
2021-11-18,13616469.65571,632311.15073,
2021-11-19,13845580.92889,462890.26008,
2021-11-20,13863025.42155,376399.97971,
2021-11-21,13519283.09865,372673.24724,
2021-11-22,13298478.0847,363232.43455,
2021-11-23,13063355.24272,361865.21857,
2021-11-24,13056811.49564,431084.92317,
2021-11-25,13049729.16047,426465.39935,
2021-11-26,12985686.7706,426671.52954,
2021-11-27,12880393.26569,410642.8805,
2021-11-28,12902150.54251,543137.9124,
2021-11-29,15009974.78814,542216.20736,
2021-11-30,5120839.25164,531820.34798,
2021-12-01,5027944.68115,704931.98138,
2021-12-02,4998127.72063,545632.73958,
2021-12-03,4971234.12489,1583339.7651,
2021-12-04,4945645.12658,2733115.38545,
2021-12-05,4896276.6384,3131830.66908,
2021-12-06,4882781.35688,3193239.93184,
2021-12-07,4888095.23857,3089772.59239,
2021-12-08,4831182.12582,3642981.39994,
2021-12-09,4802323.16268,3208315.05697,
2021-12-10,4764166.48028,2519459.40119,
2021-12-11,4744216.56066,2530395.64261,
2021-12-12,5458106.49289,2528950.13478,
2021-12-13,5340498.95873,2534754.67763,
2021-12-14,6781275.8804,2537599.38165,
2021-12-15,7502398.57331,2393798.20382,
2021-12-16,7492448.9765,1997734.01,
2021-12-17,5982286.40175,1998175.60681,
2021-12-18,6360840.77037,1998175.60681,
2021-12-19,6036446.13299,1993137.09359,
2021-12-20,1195819.73491,1997291.45982,
2021-12-21,1671744.039,2580198.89695,
2021-12-22,2009302.90734,2490198.89695,
2021-12-23,2035400.08408,2163974.02124,
2021-12-24,2034951.15908,2163974.02124,
2021-12-25,2022268.65908,2163974.02124,
2021-12-26,2024604.56007,2163974.02124,
2021-12-27,1990067.66512,2161093.77182,
2021-12-28,1961557.64017,2667189.70037,
2021-12-29,1934799.07668,1500925.6766,
2021-12-30,1965047.29605,1497880.1121,
2021-12-31,1955337.76175,1522469.68887,
2022-01-01,1939700.94936,1609714.23876,
2022-01-02,1928594.90936,1469212.87664,
2022-01-03,1937888.27489,1516536.70102,
2022-01-04,1947880.29108,1975151.50263,
2022-01-05,1996775.55904,2002038.79401,
2022-01-06,7215491.33447,1899702.35892,
2022-01-07,7223258.72177,1660763.38416,
2022-01-08,7580465.1024,1718147.08009,
2022-01-09,7556136.54679,2008419.33393,
2022-01-10,7586734.62326,2004416.87836,
2022-01-11,8925395.69674,4080958.19452,
2022-01-12,17853101.21393,2687593.98912,
2022-01-13,22178445.3414,3516349.67314,
2022-01-14,23065109.37976,1512484.49782,
2022-01-15,23762019.79621,1520837.80396,
2022-01-16,29379295.20394,1517070.67682,
2022-01-17,29816315.83582,1587915.08762,
2022-01-18,30022596.13931,1445395.13223,
2022-01-19,30243122.86453,1595803.18798,
2022-01-20,30116782.48395,1339656.92131,
2022-01-21,28608187.63104,1076506.12623,
2022-01-22,28209345.0099,1097130.86213,
2022-01-23,29749025.07133,1086664.63577,
2022-01-24,30889997.16906,1615550.98831,
2022-01-25,31400323.27509,572829.96815,
2022-01-26,32157155.8325,565640.47008,
2022-01-27,33940247.32422,565640.47008,
2022-01-28,33808618.42612,565640.47008,
2022-01-29,34283595.01732,565639.33879,
2022-01-30,36793208.43357,565640.47008,
2022-01-31,49124778.68971,565640.47008,
2022-02-01,49340994.66395,565640.47008,
2022-02-02,49331099.81369,565640.47008,
2022-02-03,49109701.44633,565640.47008,
2022-02-04,49628596.85594,545477.61727,
2022-02-05,48783833.26465,648391.21463,
2022-02-06,48829839.20975,648391.21463,
2022-02-07,48772958.6369,648391.21463,
2022-02-08,49594023.88922,690238.17887,
2022-02-09,49541952.51858,949637.71607,
2022-02-10,49722357.35487,1489303.44949,
2022-02-11,50562949.90889,1981924.0392,
2022-02-12,50690755.12101,1998472.23395,
2022-02-13,50076234.24291,2000470.70618,
2022-02-14,50815068.4997,1203355.44483,
2022-02-15,50793630.60582,1203355.44483,
2022-02-16,50963836.86465,1204557.59813,
2022-02-17,50989739.76731,1201591.88596,
2022-02-18,51583850.99151,1177926.9356,
2022-02-19,52247094.98649,1167846.21579,
2022-02-20,53474594.78184,1165515.18542,
2022-02-21,21153178.39542,1269626.00391,
2022-02-22,22371383.86245,1431577.86389,
2022-02-23,22665444.22836,2767020.87546,
2022-02-24,21510363.9784,2566788.64227,
2022-02-25,12358813.17447,1838974.69301,
2022-02-26,12803130.14917,1844256.89533,
2022-02-27,12588120.51527,1847941.72429,
2022-02-28,12911698.07951,1414832.11871,
2022-03-01,12931060.07264,3491486.62227,
2022-03-02,13038282.25673,3484029.28121,
2022-03-03,18130935.87628,3491486.62227,
2022-03-04,20775846.01947,3522660.81593,
2022-03-05,21621464.16833,3442923.3414,
2022-03-06,21259673.27642,3534073.46201,
2022-03-07,21237477.54977,3490604.97699,
2022-03-08,21198387.18287,3087238.2673,
2022-03-09,22816105.5182,2992178.8428,
2022-03-10,22731569.28482,2991167.45398,
2022-03-11,27870245.24482,3823963.92846,
2022-03-12,28176079.32087,3823963.92846,
2022-03-13,28191594.94756,3842799.61466,
2022-03-14,39619823.73362,3879809.57395,
2022-03-15,39572870.43196,3288501.49558,
2022-03-16,40514539.32436,3382327.60311,
2022-03-17,42562855.41461,3290939.7515,
2022-03-18,37555552.17167,3391051.91149,
2022-03-19,37284773.83476,3290130.84399,
2022-03-20,27159394.28238,3291404.61757,
2022-03-21,26938330.67624,3291035.98026,
2022-03-22,27079769.77226,5166454.21273,
2022-03-23,26802073.40577,5159558.72539,
2022-03-24,29681987.07677,5088350.66566,
2022-03-25,29630904.49307,5088997.67879,
2022-03-26,29746531.27583,5092390.67675,
2022-03-27,29731620.18037,5083602.50635,
2022-03-28,29698796.51762,6191874.91573,
2022-03-29,29738813.34612,6200302.7392,
2022-03-30,29980926.7966,6202809.91796,
2022-03-31,30121750.00323,5799896.06576,
2022-04-01,29819962.05544,5907202.56119,
2022-04-02,29660176.73746,5788058.95253,
2022-04-03,29564713.05691,5787433.81404,
2022-04-04,29881845.61025,5785980.98166,
2022-04-05,29869167.7595,5783059.50136,
2022-04-06,29955311.28753,5779321.35717,
2022-04-07,31557568.1691,5823463.82082,
2022-04-08,31645101.79375,7834022.5032,
2022-04-09,28549817.1698,7873320.95683,
2022-04-10,28707018.45758,7873320.95683,
2022-04-11,28750336.3344,7809482.16439,
2022-04-12,18851261.06274,8429452.78759,
2022-04-13,19890655.66642,8877501.37762,
2022-04-14,20037012.97151,8959432.12938,
2022-04-15,20941250.16132,8959432.12938,
2022-04-16,20578060.99176,8950481.64774,
2022-04-17,20603050.36188,8950481.64774,
2022-04-18,21518309.28637,9044762.05133,
2022-04-19,21433875.39839,8125477.32431,
2022-04-20,21548105.98534,7748760.62632,
2022-04-21,22234877.42982,7834198.64547,
2022-04-22,22215894.60393,7840469.13765,
2022-04-23,22301797.21927,7740369.13765,
2022-04-24,22590851.61372,7810262.86541,
2022-04-25,22714881.77555,7808497.746,
2022-04-26,13370283.73556,7810272.89905,
2022-04-27,13310050.56152,8006141.68398,
2022-04-28,13310634.87088,7792855.36503,
2022-04-29,13487188.55574,7350756.41185,
2022-04-30,13473376.75261,7365457.92467,
2022-05-01,13202551.25658,7358107.16826,
2022-05-02,13154868.43322,7346897.26473,
2022-05-03,13808663.39659,7339865.74506,
2022-05-04,15815330.19148,7308260.2368,
2022-05-05,15818150.01702,3551162.21918,
2022-05-06,17901982.72099,2869505.4647,
2022-05-07,18877999.29208,2757443.6394,
2022-05-08,19893245.63922,3604293.79522,
2022-05-09,19450521.85575,3679925.93068,
2022-05-10,20127597.45931,3571236.89331,
2022-05-11,2809803.31623,3655379.37708,
2022-05-12,1938399.56888,3655006.24369,
2022-05-13,1925075.88282,3276951.50802,
2022-05-14,1938716.57866,2563346.74311,
2022-05-15,1935501.37997,2557797.94163,
2022-05-16,1928807.849,2553062.11751,
2022-05-17,1945582.78134,2553062.11751,
2022-05-18,1888008.70943,2565086.11751,
2022-05-19,1911568.7229,2628269.03475,
2022-05-20,1941992.21965,2621929.23553,
2022-05-21,1901867.66072,2584085.10156,
2022-05-22,2034353.88394,2578932.3895,
2022-05-23,1926845.10036,2566599.80705,
2022-05-24,1925402.05605,2564038.33019,
2022-05-25,1920414.35708,2564038.33019,3933289.37893
2022-05-26,1949826.84194,2566599.80705,3929363.94043
2022-05-27,1967621.08953,2564038.33019,3933289.37893
2022-05-28,1972787.64873,2566599.80705,3933289.37893
2022-05-29,1972988.23779,2566599.80705,3929363.94043
2022-05-30,2012891.73711,2561476.85334,3925438.50193
2022-05-31,1906673.14188,2564038.33019,4675438.50193
2022-06-01,2036545.86124,2569161.2839,4684789.37893
2022-06-02,2041170.75452,2560073.16402,1672360.7214
2022-06-03,2345487.88503,2566599.80705,1677113.94043
2022-06-04,2345487.88087,2566599.80705,1975438.50193
2022-06-05,2343775.6091,2564038.33019,1977413.94043
2022-06-06,2403631.20277,2574284.23761,1989263.44244
2022-06-07,2711897.23372,2559622.3441,2019080.56543
2022-06-08,2688596.85731,2561476.85334,17063.50193
2022-06-09,2561391.7609,2564038.33019,5016105.2428
2022-06-10,2074420.43036,2585297.12705,5017063.50193
2022-06-11,2068935.84419,2585297.12705,5017063.50193
2022-06-12,2076026.42433,2595617.67446,5022080.56543
2022-06-13,2068782.18951,2585297.12705,19371.44244
2022-06-14,2116347.64112,3545649.84638,19352.12893
2022-06-15,2075334.29153,3535044.71224,30031.00293
2022-06-16,2054606.07676,3538579.75696,30031.00293
2022-06-17,2043031.17762,3534641.71715,29999.59188
2022-06-18,2043525.27968,3538579.75696,30001.00193
2022-06-19,2069191.29429,3535044.71224,29995.81176
2022-06-20,2035023.7964,3516950.30441,29974.51105
2022-06-21,2058325.69474,3527490.61502,29986.57145
2022-06-22,2038055.53397,2558454.8113,35604.73321
2022-06-23,2040329.20292,2561087.53765,35626.00193
2022-06-24,2092642.40579,2563646.06666,35661.62793
2022-06-25,2118244.19233,2561087.53765,35661.62793
2022-06-26,1813003.43872,2558529.00864,35626.00193
2022-06-27,1813103.52944,2568763.12468,35732.87994
2022-06-28,1811198.07662,4166512.48545,35695.63483
2022-06-29,1799393.15755,4405146.22027,35761.72793
2022-06-30,1802987.7105,4400749.86676,35380.35286
2022-07-01,1786192.44777,4443408.28647,69823.38194
2022-07-02,1739237.69358,4405146.22027,69545.47793
2022-07-03,1736396.21338,4409542.57378,69545.47793
2022-07-04,1733888.55263,4396353.51324,71726.00193
2022-07-05,1778234.5095,4388189.48477,105428.43225
2022-07-06,1776951.70317,4443792.72748,8351.00193
2022-07-07,1728367.3829,4396353.51324,8251.00193
2022-07-08,1726639.80052,4401737.18367,29338.76095
2022-07-09,1722279.72115,4406138.92085,29280.25894
2022-07-10,1741868.48235,4414942.39522,29240.38982
2022-07-11,1732959.91411,4406138.92085,29251.00793
2022-07-12,1722930.70203,3701329.83056,29194.963
2022-07-13,1749069.21172,3701329.83056,91126.00793
2022-07-14,1748662.03088,3704171.65839,91126.00793
2022-07-15,1837407.91252,3700474.88029,101915.32144
2022-07-16,1802611.61142,3693236.58876,101813.50793
2022-07-17,1804464.49776,3692120.16178,101792.33072
2022-07-18,1814223.33543,3707139.7272,102118.94845
2022-07-19,1967558.23143,3731408.7205,102017.13495
2022-07-20,1905079.89691,3731846.45862,106800.04943
2022-07-21,1899624.29244,3722739.83938,106688.00206
2022-07-22,1903930.22833,3728699.7991,106920.32144
2022-07-23,1891533.02839,3724591.15187,106920.32144
2022-07-24,1973817.90684,3736149.74875,107133.94845
2022-07-25,1971473.38697,3724833.27523,107027.13495
2022-07-26,1953331.88842,3728699.7991,106920.32144
2022-07-27,1950845.37235,3723633.83334,106794.60194
2022-07-28,1950538.90822,3718783.91612,106704.87859
2022-07-29,1955634.63706,3716820.85438,106651.79228
2022-07-30,1951242.78905,3723421.50977,106920.32144
2022-07-31,1946435.42611,3728699.7991,107027.13495
2022-08-01,1950099.84096,3728699.7991,140844.63495
2022-08-02,1793492.76732,3720597.97886,140844.63495
2022-08-03,1722347.13261,4407139.48901,160201.04894
2022-08-04,1760333.77846,4464425.87754,193984.79894
2022-08-05,1704910.15991,3782544.05918,214704.65895
2022-08-06,1632371.57409,3783369.55192,214771.45895
2022-08-07,1629720.62537,3782256.27272,214683.60943
2022-08-08,1631863.36639,3794237.27746,215005.79594
2022-08-09,1643136.73368,3794237.27746,215220.58694
2022-08-10,1650097.02375,4151879.1527,16073.08694
2022-08-11,1643051.90381,4143591.96876,16057.04594
2022-08-12,1637986.79513,4138777.1149,82978.50493
2022-08-13,1642030.46283,4147735.56073,83061.48344
2022-08-14,1615910.74337,4147735.56073,83061.48344
2022-08-15,1676115.10434,4143591.96876,7978.50493
2022-08-16,1670125.42796,4147735.56073,19247.73344
2022-08-17,1645491.86128,4147735.56073,19247.73344
2022-08-18,1661465.77459,4112962.55205,28654.63094
2022-08-19,1688751.84341,4119085.62839,3633.25694
2022-08-20,1684838.82139,4112485.21546,3629.63094
2022-08-21,1685371.09334,4123200.59905,3636.88295
2022-08-22,1650574.84354,4195986.42868,3629.63094
2022-08-23,1645816.01877,3591353.51324,3629.70374
2022-08-24,1659497.82639,3591152.39745,2202015.15432
2022-08-25,1684379.43977,3598536.22027,2210236.88295
2022-08-26,1685827.65084,3591353.51324,3640.50895
2022-08-27,1674897.70051,3594944.86676,3629.63094
2022-08-28,1665428.2958,3594944.86676,3629.63094
2022-08-29,1666507.97894,3644994.86676,3629.63094
2022-08-30,1595426.12133,3589848.73612,3626.00493
2022-08-31,1615287.19605,3587589.77476,37317.21248
2022-09-01,1591908.41125,3590714.25232,4376.00493
2022-09-02,1589432.5912,3591353.51324,23877.35844
2022-09-03,1590644.5412,3591353.51324,23877.35844
2022-09-04,1590381.23882,3594944.86676,23877.35844
2022-09-05,1596077.81458,3594944.86676,190795.10944
2022-09-06,1580624.21882,3591353.51324,211596.67257
2022-09-07,1602501.97627,3594944.86676,211604.50194
2022-09-08,1599703.77086,3724202.23758,180541.31436
2022-09-09,1602443.22387,3775003.11324,2613.56436
2022-09-10,1596839.87712,3770488.20952,2613.56436
2022-09-11,1592017.83846,3770359.85942,2613.56436
2022-09-12,1596075.02773,3792071.96566,2607.70016
2022-09-13,1589033.48637,3742845.64779,13289.23758
2022-09-14,1587565.01773,4107443.71284,13311.75186
2022-09-15,1633380.8021,,13280.95264
2022-09-16,1658210.39144,,22695.95341
2022-09-17,1641431.70964,,22718.64936
2022-09-18,1599072.51239,,22695.95341
2022-09-19,1572437.23803,,22718.64936
2022-09-20,1529306.57855,,22681.54148
2022-09-21,1528473.39478,4844610.47247,22718.64936
2022-09-22,1526195.27996,4849450.24317,22695.95341
2022-09-23,1577289.02718,4844610.47247,22695.95341
2022-09-24,1558317.7143,4837757.35715,44532.55358
2022-09-25,1562253.45601,4854290.01387,44621.61869
2022-09-26,1558034.69208,4832554.60365,44419.84169
2022-09-27,1533650.65311,4849450.24317,44621.61869
2022-09-28,1582577.15477,5010515.80201,44622.62069
2022-09-29,1558313.25389,8125618.50478,44577.98703
2022-09-30,826882.92476,6706488.56098,78361.73703
2022-10-01,790939.08736,6170280.52693,78392.26753
2022-10-02,785886.47798,6157964.59774,13810.79962
2022-10-03,775230.1593,5495835.46482,33321.52983
2022-10-04,748383.29058,5263418.53488,13288.24158
2022-10-05,746626.36685,5294331.10696,13314.81807
2022-10-06,742326.3446,5267991.1512,103391.53984
2022-10-07,764342.2856,5664649.32163,109542.35408
2022-10-08,759053.18464,5673689.8164,109665.60464
2022-10-09,757878.34335,5657603.97054,109366.40707
2022-10-10,760448.86499,5444830.03487,113352.04859
2022-10-11,784944.67259,4600925.92134,172583.39511
2022-10-12,777269.58473,4298866.50706,172584.26281
2022-10-13,772581.14978,4301941.53848,193552.87842
2022-10-14,813328.5519,4303000.621,199183.50342
2022-10-15,812955.40162,4302871.46459,198984.5189
2022-10-16,811096.79263,4301480.88063,198779.56485
2022-10-17,836569.46476,4202303.60624,210061.80772
2022-10-18,841518.82527,4197488.37923,209851.95576
2022-10-19,841022.86469,4024573.47072,211853.96559
2022-10-20,869064.66678,4098586.68102,210772.24016
2022-10-21,861142.55905,4096385.73997,461718.4883
2022-10-22,856315.27678,,461790.06577
2022-10-23,867648.96057,,462773.06577
2022-10-24,867807.59467,,490198.3746
2022-10-25,835627.31128,4032114.53401,481455.08314
2022-10-26,871042.93114,3686109.82408,480974.10903
2022-10-27,876325.42928,3686109.82408,482396.02314
2022-10-28,856011.30423,3683864.98319,3014926.37106
2022-10-29,856375.16432,3683621.69995,3015665.20903
2022-10-30,849434.13009,3682176.74489,3015665.20903
2022-10-31,838612.44258,3686109.82408,3015665.20903
2022-11-01,836941.62432,3686109.82408,2123973.44658
2022-11-02,834680.94432,3679880.29847,2122843.13666
2022-11-03,833628.94432,4691064.20187,2134621.73421
2022-11-04,826337.10785,3647574.64279,2145773.81576
2022-11-05,815224.04629,3669464.49726,2154230.20745
2022-11-06,809349.48235,3679522.59345,2156142.70603
2022-11-07,825812.04773,3425600.41522,2192082.59874
2022-11-08,821955.12067,3417565.14072,2028431.69885
2022-11-09,823034.14793,3439289.12817,1285876.20442
2022-11-10,836139.51601,3432444.77169,1123579.74037
2022-11-11,832880.78677,3432444.77169,1134850.90638
2022-11-12,800391.87496,3425600.41522,1137120.60819
2022-11-13,795104.55881,3432444.77169,974105.48865
2022-11-14,854755.25466,3429022.59345,982498.79181
2022-11-15,867692.67455,3429022.59345,980537.71638
2022-11-16,869943.32899,3435866.94993,980330.82292
2022-11-17,864511.64044,3418181.1328,988781.94185
2022-11-18,859988.51292,3425600.41522,990925.15159
2022-11-19,859165.27595,3429022.59345,989935.21638
2022-11-20,884280.95448,3425600.41522,988859.1568
2022-11-21,880445.66991,3432444.77169,990925.15159
2022-11-22,904876.5377,3425800.61522,990925.15159
2022-11-23,928462.78216,3425800.61522,1011771.81655
2022-11-24,925917.21394,3422378.23698,1012783.58837
2022-11-25,924737.9938,3419640.33439,1011301.34266
2022-11-26,922540.48748,3425800.61522,1011771.81655
2022-11-27,921968.68565,3410704.50481,1011771.81655
2022-11-28,920756.57276,3425800.61522,1012783.58837
2022-11-29,962087.7725,3429222.99345,1051794.94745
2022-11-30,904929.80219,3232045.37169,1077996.132
2022-12-01,1514067.35105,3235267.74993,1079070.90382
2022-12-02,2063363.61807,3222378.23698,1083359.1668
2022-12-03,2078922.25699,3238378.23698,1083646.36036
2022-12-04,2083156.66091,3244854.99345,1085916.81518
2022-12-05,2108610.40917,3322090.13796,2151148.40295
2022-12-06,2253388.96371,3320116.81641,2149713.41148
2022-12-07,2266607.84223,3322056.91705,2153400.65295
2022-12-08,2325629.36538,3322090.13796,1150435.47022
2022-12-09,2441512.86153,3320565.29858,1150796.96254
2022-12-10,2437107.16798,3325412.22809,1207050.21377
2022-12-11,2427929.1669,3328734.31823,1207499.40355
2022-12-12,2419232.43197,3319166.69863,1210311.90355
2022-12-13,2353281.26822,3319588.60408,1223376.22651
2022-12-14,2801126.22491,3317781.38705,1223720.11766
2022-12-15,2896228.67047,3318701.60602,1234442.61295
2022-12-16,971099.77893,3316914.19166,1234442.61295
2022-12-17,891234.49141,3315680.29958,1233209.40355
2022-12-18,894882.28919,3316914.19166,1233195.83825
2022-12-19,978869.87586,3264595.63939,527656.05661
2022-12-20,961500.78685,3261092.72827,537206.57615
2022-12-21,1235282.41182,,35776.46672
2022-12-22,1378581.45842,,57599.19844
2022-12-23,1408274.14925,,57541.65678
2022-12-24,1404940.01287,,57599.19844
2022-12-25,1410208.81674,3191554.68784,57656.7401
2022-12-26,1520893.53798,3192541.18306,57599.19844
2022-12-27,1505824.19397,3072341.18306,57502.41337
2022-12-28,1498909.68034,3075413.52424,95769.15678
2022-12-29,1554993.95625,3072341.18306,34938.80984
2022-12-30,1376808.53131,3071182.91044,0.80984
2022-12-31,1375577.97654,3075413.52424,0.81065
2023-01-01,1252427.55034,3070181.32721,0.80976
2023-01-02,1207905.90416,2972341.18306,1.80984
2023-01-03,1201150.5626,2972237.15112,2013100.80984
2023-01-04,1198643.42709,2972341.18306,2059408.16365
2023-01-05,1243133.18632,2975313.52424,2061660.41365
2023-01-06,1215826.94298,2971800.21697,723423.81284
2023-01-07,1401330.19104,2975313.52424,724147.23666
2023-01-08,1382760.64617,2981258.20661,723423.81284
2023-01-09,1388287.04376,2975313.52424,724147.23666
2023-01-10,1442501.40705,2971951.80637,733260.47783
2023-01-11,1464197.8469,2978285.86543,740338.01135
2023-01-12,1437179.4428,2972222.28941,750683.74566
2023-01-13,1554629.09346,3013495.9186,751433.67947
2023-01-14,1507707.28356,3004482.59871,6480.74747
2023-01-15,1550921.86252,3001934.79747,6493.68309
2023-01-16,1439429.82975,2998401.52593,6467.81185
2023-01-17,1462762.35941,3208591.71325,6465.07596
2023-01-18,1553305.17264,3213156.2569,6466.64764
2023-01-19,1661063.89042,3216366.20321,217.77046
2023-01-20,1630707.47244,3109451.82913,42472.02768
2023-01-21,1776437.26821,3113056.2569,42601.23442
2023-01-22,1785823.4189,3116166.20321,42558.71822
2023-01-23,1777702.92191,3116166.20321,37367.20202
2023-01-24,1810721.55682,3113056.2569,37333.94521
2023-01-25,1800170.82954,2982925.50194,37233.05376
2023-01-26,1928916.4964,2743275.24545,13370.20202
2023-01-27,1781313.80953,2746753.37955,73546.34203
2023-01-28,1779077.15773,2750088.6519,39576.87937
2023-01-29,1812138.8357,2747341.31059,39525.95528
2023-01-30,1757645.61638,2745657.19037,39586.88937
2023-01-31,1739576.15002,2752835.99321,48583.37687
2023-02-01,1710050.1049,2747341.31059,39471.53798
2023-02-02,2239220.65598,2752835.99321,83308.06688
2023-02-03,2233676.6359,2731622.21007,86306.07444
2023-02-04,2277061.29858,2731622.21007,86392.2943
2023-02-05,2276576.72935,2731622.21007,86218.56129
2023-02-06,2265855.46715,2717434.38221,88558.32444
2023-02-07,2285994.92963,2715203.36858,91453.79325
2023-02-08,2805258.25446,2544973.41226,155715.99657
2023-02-09,2791191.58122,2543784.51258,155715.99657
2023-02-10,2756075.79428,2548369.5411,898888.30369
2023-02-11,2583498.79403,2545823.71738,898888.30369
2023-02-12,2553896.57343,2545823.71738,894801.95746
2023-02-13,2604419.26541,2543254.98125,898794.81931
2023-02-14,2746516.086,2538489.91897,1308285.80369
2023-02-15,2720589.81561,2341682.4814,806838.2593
2023-02-16,2703036.92322,2337207.31798,804223.68462
2023-02-17,2563260.20213,2339343.13826,1114072.25636
2023-02-18,2553797.47496,2337265.80155,1113702.56741
2023-02-19,2555912.32256,2337581.61288,112897.55263
2023-02-20,2624462.94228,2336596.74942,43711.89511
2023-02-21,2698631.88052,2341682.4814,43770.33487
2023-02-22,2733882.65103,2338231.95027,65597.33757
2023-02-23,2820468.9519,2235316.7993,94769.69068
2023-02-24,2720181.67399,2241582.4814,94810.9115
2023-02-25,2700918.11415,2239287.15468,94855.11752
2023-02-26,2692209.99405,2237544.94572,94957.56924
2023-02-27,2586340.78058,2237914.43734,96900.60215
2023-02-28,2595758.73686,2241582.4814,64024.32734
2023-03-01,2580621.10983,2238458.59772,63705.79835
2023-03-02,2508986.28837,2239260.28256,72103.32965
2023-03-03,2511508.10302,2239343.13826,1117933.2247
2023-03-04,2514429.08762,2241582.4814,1119422.80629
2023-03-05,2468473.53983,2238776.58445,1118304.50179
2023-03-06,2491115.97435,2239343.13826,63054.5018
2023-03-07,2492335.99819,2241582.4814,63180.6108
2023-03-08,2357547.6867,2238530.2567,63054.5018
2023-03-09,2510236.20386,2237043.33286,71071.3608
2023-03-10,2462484.87322,1975736.03119,118408.52499
2023-03-11,1552947.94124,1918361.38574,60669.08694
2023-03-12,1548354.08574,1974643.88181,62560.84811
2023-03-13,1516273.74599,1987144.91409,62972.78317
2023-03-14,1473509.45227,1991332.4814,70475.19501
2023-03-15,1513801.23034,1995311.16768,63306.61941
2023-03-16,1679130.22991,1991332.4814,63306.61941
2023-03-17,1648873.11553,1995311.16768,66305.06541
2023-03-18,1616656.56285,1993321.82454,66371.10631
2023-03-19,1612786.64908,1993321.82454,66305.06541
2023-03-20,1773036.53192,1993321.82454,66371.10631
2023-03-21,1885673.58488,1989343.13826,56798.25363
2023-03-22,1979225.76527,2279291.57641,50709.82593
2023-03-23,1937795.12845,2276864.27889,50443.71287
2023-03-24,1826359.45453,2058077.90991,63876.9341
2023-03-25,1816521.17015,2060131.87988,64004.05238
2023-03-26,1888666.28619,2053969.96997,63622.69755
2023-03-27,1878789.43168,2053969.96997,37338.44066
2023-03-28,1822800.77129,2056023.93994,66671.74355
2023-03-29,1831633.09102,1989343.01073,97617.93655
2023-03-30,1815395.9728,1991332.35374,107921.71288
2023-03-31,1783918.73571,1989343.01073,107598.91613
2023-04-01,1772463.43423,1986253.56103,107706.51505
2023-04-02,1770289.6782,1777360.35307,107706.51505
2023-04-03,1756838.78712,1777475.889,107629.43805
2023-04-04,1358178.79901,1777291.03151,117907.13517
2023-04-05,1560100.02606,1779253.36489,109990.46679
2023-04-06,1517725.99449,1779253.36489,166186.94587
2023-04-07,1578906.0618,1777475.889,166186.94587
2023-04-08,1511762.1859,1777475.889,166020.92494
2023-04-09,1513015.55546,1777475.889,166352.96679
2023-04-10,1503509.80142,1776430.73318,173509.5282
2023-04-11,1378616.68718,1776452.06289,165972.113
2023-04-12,1370441.43212,1776529.15464,165919.31851
2023-04-13,1372415.34828,1779261.14703,180806.416
2023-04-14,1370133.82741,1779261.14703,180625.97047
2023-04-15,1429139.9178,1779261.14703,180445.52495
2023-04-16,1424858.77169,1777083.72954,180411.60119
2023-04-17,1477827.25953,1777263.25539,177637.31981
2023-04-18,1618661.66291,1775953.24993,177393.3125
2023-04-19,1636850.91167,1776731.78778,177304.22765
2023-04-20,1649354.39877,1779261.14703,171243.12062
2023-04-21,1763535.6013,1777727.5657,182934.42271
2023-04-22,1763576.16355,1777727.5657,182938.6303
2023-04-23,1749926.33214,1777483.66337,182141.56669
2023-04-24,1755218.88021,1775818.16117,182778.37606
2023-04-25,1735089.95208,1777375.23686,174087.43648
2023-04-26,1864702.80979,1777179.71366,174331.86809
2023-04-27,1793775.47757,1776115.00095,165257.49528
2023-04-28,1663978.30274,1776991.30039,182803.81317
2023-04-29,1658000.04203,1777425.00641,183068.74862
2023-04-30,1656046.83389,1777483.66337,182978.11763
2023-05-01,1657085.8267,1000624.96691,183092.91689
2023-05-02,1647534.99229,1001633.60494,56842.69492
2023-05-03,1631549.13595,1000632.97197,54480.09695
2023-05-04,1598241.29331,1000295.75866,54425.23918
2023-05-05,1631814.2393,1000523.90298,54534.06508
2023-05-06,1631304.89044,1000632.97197,54425.21465
2023-05-07,1616836.01861,1001633.60494,54915.04159
2023-05-08,1558268.64757,1000632.97197,62293.68906
2023-05-09,1547999.43443,1000632.97197,54426.06651
2023-05-10,1621573.29718,1001633.60494,54266.86156
2023-05-11,1627941.9492,1000632.97197,54479.79188
2023-05-12,1624600.15422,999942.53522,61699.50438
2023-05-13,1568572.15243,1000544.91627,61699.50438
2023-05-14,1564294.52614,1000240.72385,61632.19583
2023-05-15,1676609.93071,1000632.97197,61637.86651
2023-05-16,1650879.3112,1000632.97197,72054.53402
2023-05-17,1858613.69423,1000632.97197,271699.89581
2023-05-18,1340616.36748,869377.47961,469935.53402
2023-05-19,1408428.29893,1047985.76129,469917.67647
2023-05-20,1400665.28052,1051129.71857,470405.46955
2023-05-21,1545604.62622,1049033.74705,470875.40509
2023-05-22,1452099.48956,1049033.74705,61529.87729
2023-05-23,1412203.34476,1049033.74705,112718.58154
2023-05-24,1406299.77103,1047985.76129,112568.88123
2023-05-25,1510539.02941,1047944.88984,146409.48755
2023-05-26,1495699.60379,1047985.76129,146428.67592
