Date,centrifuge,maple,goldfinch,credix,truefi,clearpool,homecoin,ribbon-lend
2020-10-18,20165.14407,,,,,,,
2020-10-19,20179.06802,,,,,,,
2020-10-20,20163.35196,,,,,,,
2020-10-21,20135.5929,,,,,,,
2020-10-22,27818.67583,,,,,,,
2020-10-23,27720.09234,,,,,,,
2020-10-24,133244.36926,,,,,,,
2020-10-25,133673.76179,,,,,,,
2020-10-26,203242.86836,,,,,,,
2020-10-27,203476.12841,,,,,,,
2020-10-28,139677.1391,,,,,,,
2020-10-29,139463.3191,,,,,,,
2020-10-30,185051.43302,,,,,,,
2020-10-31,120665.22512,,,,,,,
2020-11-01,218666.39007,,,,,,,
2020-11-02,218621.75165,,,,,,,
2020-11-03,217827.29401,,,,,,,
2020-11-04,233311.75449,,,,,,,
2020-11-05,233356.41463,,,,,,,
2020-11-06,176375.59094,,,,,,,
2020-11-07,196701.18897,,,,,,,
2020-11-08,196581.43576,,,,,,,
2020-11-09,196646.76901,,,,,,,
2020-11-10,197469.56702,,,,,,,
2020-11-11,191997.15201,,,,,,,
2020-11-12,201524.34229,,,,,,,
2020-11-13,202223.66972,,,,,,,
2020-11-14,232509.18234,,,,,,,
2020-11-15,213550.59867,,,,,,,
2020-11-16,211722.89926,,,,,,,
2020-11-17,211456.84472,,,,,,,
2020-11-18,230137.62283,,,,,,,
2020-11-19,229731.125,,,,,,,
2020-11-20,202147.45956,,,,,,,
2020-11-21,372403.6548,,,,,,,
2020-11-22,371338.31966,,,,31636685,,,
2020-11-23,371195.97571,,,,33095569.67,,,
2020-11-24,372005.657,,,,30986030.8,,,
2020-11-25,371946.05605,,,,27486443.43,,,
2020-11-26,431503.19073,,,,17219701.74,,,
2020-11-27,493918.86023,,,,1150234.14,,,
2020-11-28,516000.92603,,,,1701922.02,,,
2020-11-29,445050.63745,,,,2077172.21,,,
2020-11-30,509385.73579,,,,2097730.68,,,
2020-12-01,386149.66407,,,,2135305.6,,,
2020-12-02,385440.93379,,,,2290228.36,,,
2020-12-03,425374.34123,,,,3138396.26,,,
2020-12-04,425082.33825,,,,1774003.05,,,
2020-12-05,474689.54698,,,,2750283.8,,,
2020-12-06,475605.40919,,,,3906736.09,,,
2020-12-07,516128.46897,,,,2792190.37,,,
2020-12-08,515710.60163,,,,3608015.24,,,
2020-12-09,425696.98691,,,,4008431.69,,,
2020-12-10,431039.0515,,,,4629405.33,,,
2020-12-11,428752.19343,,,,1346120.3,,,
2020-12-12,429502.50186,,,,2231565.89,,,
2020-12-13,427862.6274,,,,5045847.58,,,
2020-12-14,427374.28249,,,,1666137.34,,,
2020-12-15,427351.48362,,,,2298406.85,,,
2020-12-16,427309.57575,,,,3165191.29,,,
2020-12-17,427839.99907,,,,3348847.3,,,
2020-12-18,541709.02539,,,,2487169.19,,,
2020-12-19,512132.78396,,,,2563120.69,,,
2020-12-20,513983.45356,,,,2477653.84,,,
2020-12-21,513406.94673,,,,2616660.2,,,
2020-12-22,589981.76247,,,,2866416.66,,,
2020-12-23,423158.97439,,,,2866416.66,,,
2020-12-24,531843.21213,,,,3672409.63,,,
2020-12-25,553266.80479,,,,3709900.15,,,
2020-12-26,553145.1499,,,,5214012.99,,,
2020-12-27,582614.43055,,,,5375396.69,,,
2020-12-28,592339.8439,,,,,,,
2020-12-29,687224.17075,,,,9002609.76,,,
2020-12-30,619771.2769,,,,9079491.46,,,
2020-12-31,546295.42044,,,,9098154.8,,,
2021-01-01,418413.88554,,,,2813665.87,,,
2021-01-02,495698.87858,,,,2945154.39,,,
2021-01-03,472476.36182,,,,3586550.86,,,
2021-01-04,314439.03919,,,,3844472.54,,,
2021-01-05,312870.75482,,,,5578667.27,,,
2021-01-06,313550.55658,,,,6202876.92,,,
2021-01-07,297566.68982,,,,7763157.01,,,
2021-01-08,342812.20233,,,,5138580.27,,,
2021-01-09,469669.60549,,,,5071916.64,,,
2021-01-10,239863.08479,,,,5646921.6,,,
2021-01-11,240305.63043,,,,4985660.81,,,
2021-01-12,273784.53292,,,,5678540.93,,,
2021-01-13,282478.65231,,,,11449294.37,,,
2021-01-14,376821.8669,,,,11709692.12,,,
2021-01-15,378629.9751,,,,6820865.18,,,
2021-01-16,508442.40035,,,,7273076.85,,,
2021-01-17,508079.85331,,,,6942286.04,,,
2021-01-18,337760.99017,,,,8058529.41,,,
2021-01-19,337487.96843,,,,9061098.88,,,
2021-01-20,364834.64408,,,,10142838.62,,,
2021-01-21,376659.09604,,,,8974688.59,,,
2021-01-22,290380.75937,,,,,,,
2021-01-23,152475.8864,,,,7742884.95243,,,
2021-01-24,164686.51678,,,,9602736.08144,,,
2021-01-25,174303.81082,,,,9612761.57987,,,
2021-01-26,236969.00938,,,,11173199.26037,,,
2021-01-27,207615.14055,,,,9887144.20829,,,
2021-01-28,423406.01714,,,,9976114.65412,,,
2021-01-29,422781.70259,,,,10329313.40321,,,
2021-01-30,421163.67296,,,,10412382.21088,,,
2021-01-31,418081.73081,,,,11707003.72805,,,
2021-02-01,500858.76598,,,,11787536.7179,,,
2021-02-02,403864.99894,,,,11709301.57451,,,
2021-02-03,334055.02067,,,,12018550.10755,,,
2021-02-04,247109.83034,,,,11872885.47337,,,
2021-02-05,475246.53924,,,,11864960.66746,,,
2021-02-06,473478.10748,,,,11914861.3108,,,
2021-02-07,489829.60051,,,,12139721.3444,,,
2021-02-08,506174.82506,,,,12361834.35708,,,
2021-02-09,507553.26042,,,,13425385.69019,,,
2021-02-10,562390.24406,,,,13702741.88503,,,
2021-02-11,537850.67786,,,,22105518.05404,,,
2021-02-12,343300.53796,,,,12295448.28479,,,
2021-02-13,456166.56706,,,,11477879.09424,,,
2021-02-14,367564.30239,,,,11888431.82947,,,
2021-02-15,410825.16672,,,,14688370.38449,,,
2021-02-16,411614.29091,,,,14680014.13443,,,
2021-02-17,431237.62452,,,,23170526.57221,,,
2021-02-18,564055.72722,,,,27455977.75716,,,
2021-02-19,342147.07565,,,,28847105.35347,,,
2021-02-20,493522.05982,,,,29265316.98793,,,
2021-02-21,496290.52109,,,,33434152.11655,,,
2021-02-22,641548.25008,,,,37167677.87241,,,
2021-02-23,639993.37139,,,,36883019.93398,,,
2021-02-24,681037.32987,,,,27332260.51239,,,
2021-02-25,742440.8562,,,,29982374.59777,,,
2021-02-26,434299.55265,,,,29965116.14608,,,
2021-02-27,470783.70548,,,,17320571.95818,,,
2021-02-28,562811.25325,,,,9815860.80185,,,
2021-03-01,545435.74223,,,,9574155.40643,,,
2021-03-02,551598.73954,,,,9658228.02608,,,
2021-03-03,575918.11833,,,,9477829.42861,,,
2021-03-04,1063339.52537,,,,9665843.14977,,,
2021-03-05,1149605.22869,,,,8507343.84963,,,
2021-03-06,1255660.05339,,,,10028757.54335,,,
2021-03-07,1115191.20476,,,,9284524.55652,,,
2021-03-08,1145540.23571,,,,6557058.20177,,,
2021-03-09,1169275.43692,,,,5345286.75392,,,
2021-03-10,1418554.54566,,,,1690216.45915,,,
2021-03-11,1238393.10571,,,,3994229.66989,,,
2021-03-12,847202.58378,,,,4140621.29879,,,
2021-03-13,1213315.7706,,,,6426649.08344,,,
2021-03-14,1077814.06368,,,,6725222.13039,,,
2021-03-15,1099780.30579,,,,7066007.30603,,,
2021-03-16,1108719.71665,,,,7669951.34097,,,
2021-03-17,1106180.96092,,,,26901680.65083,,,
2021-03-18,1256239.9108,,,,30145727.43844,,,
2021-03-19,1283152.20601,,,,31884747.99961,,,
2021-03-20,1289406.39683,,,,35852168.14253,,,
2021-03-21,1377031.27819,,,,36464145.52118,,,
2021-03-22,1393122.74659,,,,29449661.76758,,,
2021-03-23,1393716.49554,,,,29747068.52335,,,
2021-03-24,1518461.28767,,,,29309781.96012,,,
2021-03-25,1406601.23711,,,,29932686.72022,,,
2021-03-26,1465371.49772,,,,29054638.82458,,,
2021-03-27,1472303.46863,,,,29787862.40714,,,
2021-03-28,1483272.16099,,,,28372017.44091,,,
2021-03-29,1880914.55543,,,,28593181.07323,,,
2021-03-30,1883429.31764,,,,28283366.14791,,,
2021-03-31,2057992.82421,,,,32609827.28249,,,
2021-04-01,2072491.00116,,,,34566841.67191,,,
2021-04-02,2404274.96433,,,,36488598.94118,,,
2021-04-03,2583736.44047,,,,39194336.78963,,,
2021-04-04,2133401.91902,,,,38925814.10662,,,
2021-04-05,2244599.03462,,,,39161800.60376,,,
2021-04-06,1956097.2917,,,,38163050.18508,,,
2021-04-07,2281880.75044,,,,38092478.64329,,,
2021-04-08,2136938.62672,,,,37156201.0551,,,
2021-04-09,2262439.22781,,,,37010451.3258,,,
2021-04-10,2417145.93996,,,,36969545.39346,,,
2021-04-11,2439195.98663,,,,36834632.83509,,,
2021-04-12,2733090.94493,,,,34132751.86038,,,
2021-04-13,2696284.81974,,,,33603917.83219,,,
2021-04-14,2660022.75265,,,,31566340.0448,,,
2021-04-15,2714290.70009,,,,31584079.41665,,,
2021-04-16,2879246.26012,,,,31135745.34171,,,
2021-04-17,3391268.89097,,,,33006067.06959,,,
2021-04-18,2207543.29711,,,,33138301.40024,,,
2021-04-19,3058732.24233,,,,32894071.09659,,,
2021-04-20,3184084.32592,,,,28168233.67538,,,
2021-04-21,3202891.91744,,,,27849195.49621,,,
2021-04-22,2635697.62435,,,,28713809.96938,,,
2021-04-23,2424585.69928,,,,27250058.26654,,,
2021-04-24,2040631.41021,,,,27157818.98072,,,
2021-04-25,2043068.92227,,,,27137292.37309,,,
2021-04-26,2050702.50483,,,,26819081.50768,,,
2021-04-27,2250879.91142,,,,26927214.64206,,,
2021-04-28,2255430.02042,,,,28309019.26758,,,
2021-04-29,2337986.13725,,,,29457481.82604,,,
2021-04-30,2502536.68758,,,,29253161.85675,,,
2021-05-01,2194020.44635,,,,30866269.81165,,,
2021-05-02,2418877.66824,,,,31605785.42431,,,
2021-05-03,2424108.87512,,,,31746634.95096,,,
2021-05-04,2494297.30685,,,,30770181.43493,,,
2021-05-05,2329918.93125,,,,31081394.61051,,,
2021-05-06,2186648.46907,,,,31813614.17642,,,
2021-05-07,2183958.34417,,,,32457834.80488,,,
2021-05-08,2230737.26427,,,,30465700.82719,,,
2021-05-09,2367589.41627,,,,32209682.49138,,,
2021-05-10,2376211.80863,,,,37811713.1215,,,
2021-05-11,2473421.96203,,,,34011630.70776,,,
2021-05-12,1944574.58873,,,,33565214.74098,,,
2021-05-13,1929560.63543,,,,40345425.957,,,
2021-05-14,2426590.36101,,,,38576242.72543,,,
2021-05-15,2788956.38467,,,,39642363.06226,,,
2021-05-16,2839745.47258,,,,39769635.39324,,,
2021-05-17,3393692.57178,,,,38642724.33766,,,
2021-05-18,4009831.94791,,,,38181632.80456,,,
2021-05-19,3853790.13775,,,,38295700.52627,,,
2021-05-20,4094626.26303,2006326.85976,,,24631706.11882,,,
2021-05-21,4017769.47249,8019715.81042,,,43663333.7964,,,
2021-05-22,3790573.1316,17024931.5168,,,71303718.32284,,,
2021-05-23,3796399.57682,17012817.11867,,,93896199.58234,,,
2021-05-24,3737541.66193,17016207.98782,,,113569010.83914,,,
2021-05-25,3693684.76514,16997180.30115,,,122387224.31041,,,
2021-05-26,3698929.91726,16935140.13507,,,133223457.95616,,,
2021-05-27,3707875.42314,16977742.18646,,,142769182.46291,,,
2021-05-28,3479451.60518,17008675.72275,,,168685513.92364,,,
2021-05-29,3403914.85451,17013305.39722,,,171107010.60024,,,
2021-05-30,3400669.46645,16920758.6264,,,145422013.81147,,,
2021-05-31,3424552.27183,17022273.37148,,,156428787.73702,,,
2021-06-01,3422101.19351,17004302.61567,,,167842837.18923,,,
2021-06-02,3388607.12908,16988609.09747,,,168457288.59242,,,
2021-06-03,3397814.36675,17045322.69893,,,165272596.07704,,,
2021-06-04,3340960.17486,16983035.95652,,,169594825.37248,,,
2021-06-05,3314631.02477,16899270.81178,,,179388605.11235,,,
2021-06-06,3442213.29447,16971581.90529,,,185109752.87053,,,
2021-06-07,3554691.0136,16988148.94974,,,191411855.42785,,,
2021-06-08,3559609.28522,17037147.98762,,,179958174.15562,,,
2021-06-09,3567273.80999,17035734.77637,,,155698275.0883,,,
2021-06-10,3485759.7212,17156906.13733,,,148742153.86783,,,
2021-06-11,3466144.27523,17025658.53847,,,129969067.57365,,,
2021-06-12,3468629.07707,0.84435,,,134731719.59372,,,
2021-06-13,4293281.42647,0.8442,,,154827013.72016,,,
2021-06-14,4323825.82958,0.84262,,,156484192.19899,,,
2021-06-15,4322053.1681,0.84534,,,161200808.41772,,,
2021-06-16,4387961.44869,0.84362,,,135334671.65588,,,
2021-06-17,4355564.46944,0.84316,,,130463284.89568,,,
2021-06-18,3730810.69238,0.84324,,,127707138.35474,,,
2021-06-19,3862644.38403,0.84498,,,162191830.75568,,,
2021-06-20,3242388.96087,0.84641,,,156070621.45778,,,
2021-06-21,3381107.47341,0.84036,,,156278602.09365,,,
2021-06-22,3399054.11615,0.84702,,,167367035.71118,,,
2021-06-23,3334446.74961,0.84269,,,148218339.15429,,,
2021-06-24,3198863.93613,3302549.35562,,,151220998.54462,,,
2021-06-25,4250295.09302,12899646.42266,,,129031484.67668,,,
2021-06-26,4219868.1764,18125819.25807,,,128197309.55276,,,
2021-06-27,3194215.21911,18351949.50568,,,110565826.61695,,,
2021-06-28,3243479.92293,20301361.44084,,,127459478.50076,,,
2021-06-29,3197464.40704,20147267.32579,,,128021665.97628,,,
2021-06-30,2713679.73451,20167024.63013,,,131479371.8711,,,
2021-07-01,2713171.39412,16245029.8148,,,120520352.85133,,,
2021-07-02,2957178.99297,16265769.78182,,,133311665.2323,,,
2021-07-03,2946042.8574,12181096.96299,,,154886008.04415,,,
2021-07-04,2742299.98418,12173707.24158,,,154813892.86529,,,
2021-07-05,2535741.07196,12191405.94315,,,152144552.24039,,,
2021-07-06,2539299.05533,12160411.17268,,,149902457.78032,,,
2021-07-07,2604241.9531,12175306.86129,,,153295614.38739,,,
2021-07-08,2462271.64644,24200091.11043,,,147753355.71308,,,
2021-07-09,2393553.31566,27088005.88095,,,116656837.67005,,,
2021-07-10,2522075.50469,30198607.39521,,,108735797.07964,,,
2021-07-11,2329314.84036,33795745.27614,,,121314809.3103,,,
2021-07-12,2323748.63542,33691090.41441,,,120615618.27427,,,
2021-07-13,2281197.99351,33784339.78576,,,115523459.525,,,
2021-07-14,2280543.83811,33751262.00164,,,119363495.36095,,,
2021-07-15,2468548.72525,33652548.12577,,,144857079.48642,,,
2021-07-16,2373241.19202,22236804.60681,,,144768720.64736,,,
2021-07-17,2738722.2382,22128724.95893,,,136316642.38162,,,
2021-07-18,2417914.71371,18185548.36327,,,137560676.13812,,,
2021-07-19,2473126.97395,18244403.65229,,,138265917.6034,,,
2021-07-20,2497029.62762,17918329.03523,,,111251985.82652,,,
2021-07-21,2107603.66534,14037875.77138,,,110785722.57882,,,
2021-07-22,2089924.04498,14069898.26454,,,113598004.22755,,,
2021-07-23,1858042.53121,14023167.42496,,,115517012.39797,,,
2021-07-24,1798624.46136,13983836.23937,,,133851895.91031,,,
2021-07-25,1830389.62199,14066980.08459,,,108722882.34891,,,
2021-07-26,1829630.48327,14104956.46252,,,95873837.9668,,,
2021-07-27,1816350.41306,13950761.26138,,,61643011.83448,,,
2021-07-28,1854131.01684,14046633.73468,,,54967536.08562,,,
2021-07-29,1829545.38103,14048996.87205,,,55080733.73812,,,
2021-07-30,1808009.80035,14012108.09446,,,39690641.13905,,,
2021-07-31,1677236.06683,12534406.97124,,,39354061.67034,,,
2021-08-01,1775593.00788,13469842.66747,,,38782259.77408,,,
2021-08-02,1772971.07959,13903617.52118,,,53550186.96269,,,
2021-08-03,1779864.5298,13962217.45109,,,51733676.47686,,,
2021-08-04,1784739.60514,9083600.31366,,,51176347.00751,,,
2021-08-05,1699818.59728,9092855.39086,,,50880576.30337,,,
2021-08-06,1836062.87177,10588339.99275,,,220621143.71141,,,
2021-08-07,1682466.15599,12066788.64039,,,569856893.52753,,,
2021-08-08,1747697.88667,14617410.55511,,,528788692.12079,,,
2021-08-09,1758760.5102,12750027.35729,,,514182767.56628,,,
2021-08-10,1800473.49773,11888713.43229,,,480839862.70757,,,
2021-08-11,1894244.61795,13905419.90114,,,424722501.27964,,,
2021-08-12,1785140.51686,16513519.81448,,,415747089.49215,,,
2021-08-13,1784566.59399,15513186.91196,,,336346745.91912,,,
2021-08-14,1802767.13896,18016755.97281,,,812011470.03735,,,
2021-08-15,1845821.10692,16767518.03948,,,813676297.63338,,,
2021-08-16,1915882.76486,19962040.26538,,,789422941.03773,,,
2021-08-17,1899358.5219,24209466.49128,,,740071979.30678,,,
2021-08-18,1834164.89648,26311650.27802,,,636087804.00679,,,
2021-08-19,1839084.71424,31946224.6227,,,634367872.75208,,,
2021-08-20,1739896.20096,42652722.25576,,,637097897.46896,,,
2021-08-21,1681376.63157,25527239.69661,,,617294732.35971,,,
2021-08-22,1684195.21651,20849628.91694,,,661556914.89353,,,
2021-08-23,1724729.9798,21243724.96622,,,576318351.19344,,,
2021-08-24,1692299.20224,21489568.85671,,,571066568.42503,,,
2021-08-25,1531968.16211,22052049.70301,,,595027193.32451,,,
2021-08-26,1796992.74567,22086022.20218,14796495.9184,,593569820.80928,,,
2021-08-27,1651355.95005,5208904.41075,14781430.58113,,608977625.38585,,,
2021-08-28,2014390.94944,9999058.99372,14799812.46664,,672076428.71477,,,
2021-08-29,2332897.94875,10406906.34024,14826737.06687,,669221737.27745,,,
2021-08-30,2337412.86958,14846914.85217,14802194.70867,,649761617.32833,,,
2021-08-31,2089279.04704,15006713.39987,14811249.54788,,653406215.37034,,,
2021-09-01,2083297.16576,18217323.16468,14885420.47405,,653622146.74377,,,
2021-09-02,2146284.04767,46319212.95873,14864390.89702,,652583130.55291,,,
2021-09-03,2139288.20571,46310591.31857,12668545.29358,,651224623.18203,,,
2021-09-04,2152197.86305,36430039.57253,7826925.11215,,650633745.26132,,,
2021-09-05,2024341.10895,36405609.07743,7820678.91209,,650051092.32792,,,
2021-09-06,2021484.76365,36381849.70606,7807831.81964,,649286930.35898,,,
2021-09-07,2024341.10895,21460699.25574,7829807.10513,,641193067.19396,,,
2021-09-08,2144148.54729,12538759.87891,7535968.09919,,636540870.60239,,,
2021-09-09,1980881.07922,12568759.87891,7402410.84919,,635332942.61937,,,
2021-09-10,1909770.38368,12481998.1486,7481807.84919,,635321314.96615,,,
2021-09-11,1913782.72802,3830052.92285,7507112.76666,,633286882.7507,,,
2021-09-12,1935802.05775,3834524.05937,7841669.44009,,634111979.01094,,,
2021-09-13,1929052.15021,3834126.49071,7751221.19009,,636492655.86643,,,
2021-09-14,1943857.22032,3833043.34399,7855339.18402,,637328821.20981,,,
2021-09-15,2012914.75366,2975647.86397,7841584.46008,,634642466.47314,,,
2021-09-16,2030275.9957,2999236.35197,7841669.44009,,631678744.94515,,,
2021-09-17,2383282.49485,6107920.93777,12901508.25345,,634168846.24298,,,
2021-09-18,2408316.9018,6233891.99183,20069168.86533,,635297806.61813,,,
2021-09-19,2568596.2525,6201519.3263,22207588.68246,,635072133.61574,,,
2021-09-20,2574904.78775,6706494.3263,23049379.11946,,633822395.09134,,,
2021-09-21,2551579.05176,6676509.59017,23085725.3279,,622293516.36896,,,
2021-09-22,2482581.2408,6849292.73838,23253764.97505,,619373451.9353,,,
2021-09-23,2476937.70552,7227956.94537,22714798.11496,,615644919.85852,,,
2021-09-24,2493073.54185,7192291.59681,22688780.34496,,615807020.47766,,,
2021-09-25,2161809.9154,7231122.48949,22704603.69496,,616363725.78686,,,
2021-09-26,2224151.09577,11530985.50042,22970067.87856,,616378021.78564,,,
2021-09-27,1900817.80341,11530969.74854,23000982.09257,,614743902.56357,,,
2021-09-28,1828287.23272,11634640.92649,22990790.23405,,625457454.51591,,,
2021-09-29,1717277.27168,8862200.17362,23360621.31865,,629042089.34971,,,
2021-09-30,1637861.50141,5943591.30726,23299169.73381,,613405980.89972,,,
2021-10-01,1698597.98002,6177480.00528,23368986.76738,,610749555.43847,,,
2021-10-02,1698597.98002,2817705.71884,23111657.05982,,559872941.93454,,,
2021-10-03,1952353.00945,3593135.8717,25780822.24673,,561124362.0181,,,
2021-10-04,1935349.24282,6724810.8717,25786092.64642,,561078185.23588,,,
2021-10-05,2017487.16667,8401794.7405,25927069.76437,,557144811.01875,,,
2021-10-06,1807473.52257,8549233.76175,26043405.46899,,556964266.70865,,,
2021-10-07,1609408.69544,21149843.89245,25474747.93637,,556534134.61173,,,
2021-10-08,1335000.87518,21890923.32923,25594274.25201,,551901287.26984,,,
2021-10-09,1094236.09664,21985309.00902,25743988.20665,,574243194.05957,,,
2021-10-10,1143095.53783,26564309.0915,25814447.91207,,573978813.11325,,,
2021-10-11,1251559.91789,15624975.81576,25842046.69106,,573819548.905,,,
2021-10-12,1291175.36395,27957592.86491,25867949.45378,,573347434.78207,,,
2021-10-13,1250659.74092,23810758.56969,23597849.41427,,572777838.19255,,,
2021-10-14,1173812.74092,18377198.47151,23627717.34183,,572745496.16516,,,
2021-10-15,1207350.01651,26968685.04191,23910688.65757,,568613684.33373,,,
2021-10-16,800150.50951,22245281.19168,22960795.71238,,568496217.57039,,,
2021-10-17,800150.50951,27966926.62904,22834509.96306,,593587917.79504,,,
2021-10-18,792767.95686,29677893.09561,22890267.64376,,591512285.41862,,,
2021-10-19,862798.3599,39015598.25213,23680488.90364,,591179492.96132,,,
2021-10-20,734692.01032,27554706.86253,23729764.98515,,591398137.06471,,,
2021-10-21,1049795.41156,29695162.08186,24339400.72434,,599973056.58382,,,
2021-10-22,1014193.07013,21544675.02606,24387517.9655,,666817586.24392,,,
2021-10-23,1012692.97576,21542654.47538,19379410.88952,,593282232.53692,,,
2021-10-24,815693.33202,22761200.54969,19575482.26414,,597934118.72855,,,
2021-10-25,804098.90385,22900244.45652,19603661.91917,,611159819.91663,,,
2021-10-26,814363.85238,21878870.87642,19402209.75818,,476987399.82382,,,
2021-10-27,514363.85238,25461886.93684,20047578.78477,,477023536.20744,,,
2021-10-28,518870.18871,25554881.63203,19822845.91701,,450305812.10768,,,
2021-10-29,849878.47768,18771148.90347,20070934.50401,,359456585.40498,,,
2021-10-30,849878.47768,23833288.62824,19589610.26433,,357614422.71532,,,
2021-10-31,849878.47768,23951514.63881,19580261.45686,,357697584.04379,,,
2021-11-01,849448.43917,23903736.4311,19511549.77644,,356645787.10831,,,
2021-11-02,849878.47768,24926113.14799,19521500.02486,,356931305.94491,,,
2021-11-03,817535.0927,25128891.46062,19426749.07486,,351724088.58279,,,
2021-11-04,443139.06456,30369080.81166,19552535.89527,,351604625.32831,,,
2021-11-05,456534.8394,31714703.21844,19241965.94814,,351648768.94628,,,
2021-11-06,456534.8394,29360496.60431,18760190.72596,,351592131.4569,,,
2021-11-07,365412.92106,30839919.73724,18679475.60092,,344918805.01859,,,
2021-11-08,773878.55607,33444183.98633,18946482.33921,,363691647.2846,,,
2021-11-09,873797.19163,34325771.36427,18043739.62663,,358627473.13335,,,
2021-11-10,932031.53088,29780239.54688,18010652.63174,,358701295.87018,,,
2021-11-11,880125.39137,29753755.94285,18094229.29775,,359150021.59604,,,
2021-11-12,885201.62928,28112971.57731,14163208.91249,,350297332.13116,,,
2021-11-13,775560.44557,28306700.66084,13665976.52851,,298219831.36853,,,
2021-11-14,1074617.45141,27880209.2558,13948104.76161,,298226127.23432,,,
2021-11-15,1153183.70398,29909010.35648,14094310.58548,,300964386.62219,,,
2021-11-16,1141766.04354,39612341.55605,13647026.15064,,297550541.64695,,,
2021-11-17,1366690.98429,46530551.0668,13538811.30907,,297951464.68125,,,
2021-11-18,805037.62113,51510683.54106,13584592.32929,,299819862.03186,,,
2021-11-19,632311.15073,51279621.20229,13616469.65571,,295037029.90819,,,
2021-11-20,462890.26008,25939912.96566,13845580.92889,,297317914.18731,,,
2021-11-21,376399.97971,37016872.05963,13863025.42155,,293706687.43344,,,
2021-11-22,372673.24724,38119899.12508,13519283.09865,,259915927.9704,,,
2021-11-23,363232.43455,44901202.48892,13298478.0847,,269102155.60487,,,
2021-11-24,361865.21857,55940311.47569,13063355.24272,,268854418.32228,,,
2021-11-25,431084.92317,46234840.26094,13056811.49564,,268904190.976,,,
2021-11-26,426465.39935,46169298.35433,13049729.16047,,268380546.05057,,,
2021-11-27,426671.52954,46472057.93337,12985686.7706,,267957346.0462,,,
2021-11-28,410642.8805,46866059.8544,12880393.26569,,312974057.96086,,,
2021-11-29,543137.9124,71153261.17325,12902150.54251,,313296607.92944,,,
2021-11-30,542216.20736,67294113.39011,15009974.78814,,313349183.00686,,,
2021-12-01,531820.34798,51323270.31119,5120839.25164,,304004721.88159,,,
2021-12-02,704931.98138,44106771.12309,5027944.68115,,304545648.18682,,,
2021-12-03,545632.73958,85903086.51518,4998127.72063,,304268575.15766,,,
2021-12-04,1583339.7651,82064734.66521,4971234.12489,,304387050.14538,,,
2021-12-05,2733115.38545,77149277.90546,4945645.12658,,303953974.83243,,,
2021-12-06,3131830.66908,79672171.53522,4896276.6384,,304216991.54204,,,
2021-12-07,3193239.93184,84721164.3799,4882781.35688,,304294466.53123,,,
2021-12-08,3089772.59239,75201727.08045,4888095.23857,,302375128.30266,,,
2021-12-09,3642981.39994,48985073.06427,4831182.12582,,302326911.99923,,,
2021-12-10,3208315.05697,49493010.45807,4802323.16268,,301125613.4288,,,
2021-12-11,2519459.40119,45784112.11269,4764166.48028,,300527091.58066,,,
2021-12-12,2530395.64261,46060408.45642,4744216.56066,,301267687.98357,,,
2021-12-13,2528950.13478,49090249.46441,5458106.49289,,306044216.93251,,,
2021-12-14,2534754.67763,22453141.12428,5340498.95873,,298738872.30689,,,
2021-12-15,2537599.38165,22573323.79983,6781275.8804,,299101441.90568,,,
2021-12-16,2393798.20382,24654572.04179,7502398.57331,,298898486.79477,,,
2021-12-17,1997734.01,43556883.65077,7492448.9765,,296359994.18311,,,
2021-12-18,1998175.60681,46960969.86403,5982286.40175,,297873756.81696,,,
2021-12-19,1998175.60681,47279630.73859,6360840.77037,,297997691.12442,,,
2021-12-20,1993137.09359,47273334.54684,6036446.13299,,297280175.96733,,,
2021-12-21,1997291.45982,47781701.96669,1195819.73491,,300020741.91024,,,
2021-12-22,2580198.89695,27898231.68097,1671744.039,,297888521.51525,,,
2021-12-23,2490198.89695,37470091.76597,2009302.90734,,297888521.51525,,,
2021-12-24,2163974.02124,26377693.41191,2035400.08408,,297888521.51525,,,
2021-12-25,2163974.02124,26375560.48273,2034951.15908,,308831815.85022,,,
2021-12-26,2163974.02124,26380517.48273,2022268.65908,,308831815.85022,,,
2021-12-27,2163974.02124,23298961.47988,2024604.56007,,293746815.85022,,,
2021-12-28,2161093.77182,23296992.19222,1990067.66512,,293738962.95464,,,
2021-12-29,2667189.70037,25296920.11046,1961557.64017,,293639845.96814,,,
2021-12-30,1500925.6766,30090540.88751,1934799.07668,,293497479.83727,,,
2021-12-31,1497880.1121,25073075.89377,1965047.29605,,293693166.05792,,,
2022-01-01,1522469.68887,25699403.21743,1955337.76175,,293784092.69122,,,
2022-01-02,1609714.23876,25664329.90013,1939700.94936,,296013267.55616,,,
2022-01-03,1469212.87664,25863826.39193,1928594.90936,,294120107.78962,,,
2022-01-04,1516536.70102,26884427.68578,1937888.27489,,282115357.78962,,,
2022-01-05,1975151.50263,26795116.54678,1947880.29108,,282081192.70542,,,
2022-01-06,2002038.79401,27062049.34915,1996775.55904,,227947180.12935,,,
2022-01-07,1899702.35892,26045359.93431,7215491.33447,,227747423.17039,,,
2022-01-08,1660763.38416,27606678.02189,7223258.72177,,383455173.7316,,,
2022-01-09,1718147.08009,27430902.73554,7580465.1024,,385111429.3286,,,
2022-01-10,2008419.33393,24610161.84509,7556136.54679,,384669207.77629,,,
2022-01-11,2004416.87836,24862706.4325,7586734.62326,,385137177.90642,,,
2022-01-12,4080958.19452,23595380.05199,8925395.69674,,385130319.51664,,,
2022-01-13,2687593.98912,27968055.57889,17853101.21393,,385498855.80523,,,
2022-01-14,3516349.67314,36357034.51938,22178445.3414,,379567855.80523,,,
2022-01-15,1512484.49782,37629074.69962,23065109.37976,,379307287.18777,,,
2022-01-16,1520837.80396,38525022.2771,23762019.79621,,379286936.39557,,,
2022-01-17,1517070.67682,35483418.13663,29379295.20394,,379521915.91853,,,
2022-01-18,1587915.08762,22240346.03801,29816315.83582,,376660019.63147,,,
2022-01-19,1445395.13223,22257034.84739,30022596.13931,,145959947.20635,,,
2022-01-20,1595803.18798,22682341.80144,30243122.86453,,152874101.86341,,,
2022-01-21,1339656.92131,27448646.05817,30116782.48395,,154278367.3521,,,
2022-01-22,1076506.12623,33489049.02752,28608187.63104,,133574723.41102,,,
2022-01-23,1097130.86213,33523834.50496,28209345.0099,,133145434.45448,,,
2022-01-24,1086664.63577,33656741.7588,29749025.07133,,183760255.58023,,,
2022-01-25,1615550.98831,23996761.87334,30889997.16906,,171696588.42978,,,
2022-01-26,572829.96815,24691295.50895,31400323.27509,,191107680.42062,,,
2022-01-27,565640.47008,24455693.93068,32157155.8325,,74952887.04163,,,
2022-01-28,565640.47008,40353818.01439,33940247.32422,,155183062.44455,,,
2022-01-29,565640.47008,51392416.05215,33808618.42612,,190945821.09374,,,
2022-01-30,565639.33879,55992791.27785,34283595.01732,,191675735.96955,,,
2022-01-31,565640.47008,55840712.77663,36793208.43357,,196860209.46159,,,
2022-02-01,565640.47008,35014318.30555,49124778.68971,,198744903.42547,,,
2022-02-02,565640.47008,35777226.19321,49340994.66395,,200084535.83223,,,
2022-02-03,565640.47008,36683446.09695,49331099.81369,,202589044.59522,,,
2022-02-04,565640.47008,41477546.00956,49109701.44633,,199757359.14472,,,
2022-02-05,545477.61727,42560883.40267,49628596.85594,,230796661.59977,,,
2022-02-06,648391.21463,38617832.85484,48783833.26465,,219230151.68927,,,
2022-02-07,648391.21463,44350932.75715,48829839.20975,,223255927.62666,,,
2022-02-08,648391.21463,49846862.90148,48772958.6369,,225319822.47666,,,
2022-02-09,690238.17887,36469162.11256,49594023.88922,,229671569.74072,,,
2022-02-10,949637.71607,30632734.83151,49541952.51858,,229684817.32735,,,
2022-02-11,1489303.44949,32635610.21059,49722357.35487,,284561821.97982,,,
2022-02-12,1981924.0392,30885887.23018,50562949.90889,,117748723.6586,,,
2022-02-13,1998472.23395,34252894.08113,50690755.12101,,117674247.51891,,,
2022-02-14,2000470.70618,39549206.54836,50076234.24291,,118021970.77015,,,
2022-02-15,1203355.44483,48900987.94122,50815068.4997,,129204282.77391,,,
2022-02-16,1203355.44483,26868302.50788,50793630.60582,,131802714.76477,,,
2022-02-17,1204557.59813,77660033.48173,50963836.86465,,129271916.36431,,,
2022-02-18,1201591.88596,108004061.54023,50989739.76731,,134319608.05991,,,
2022-02-19,1177926.9356,71147676.70355,51583850.99151,,134416636.65938,,,
2022-02-20,1167846.21579,43267627.57886,52247094.98649,,52166106.51152,,,
2022-02-21,1165515.18542,53854370.93514,53474594.78184,,52562368.86415,,,
2022-02-22,1269626.00391,70745232.59293,21153178.39542,,32451031.69587,,,
2022-02-23,1431577.86389,79208494.87759,22371383.86245,,38432446.86986,,,
2022-02-24,2767020.87546,79634225.15966,22665444.22836,,40814847.25724,,,
2022-02-25,2566788.64227,73970054.56835,21510363.9784,,41827239.78855,,,
2022-02-26,1838974.69301,37461596.53048,12358813.17447,,44068887.68458,,,
2022-02-27,1844256.89533,43761074.62551,12803130.14917,,44345698.46109,,,
2022-02-28,1847941.72429,44084535.77328,12588120.51527,,42691204.51032,,,
2022-03-01,1414832.11871,44288960.0336,12911698.07951,,42609384.18132,,,
2022-03-02,3491486.62227,52555658.01546,12931060.07264,,42832805.91964,,,
2022-03-03,3484029.28121,34969556.19781,13038282.25673,,59953406.77528,,,
2022-03-04,3491486.62227,35575109.86596,18130935.87628,,61977257.68472,,,
2022-03-05,3522660.81593,40032239.92613,20775846.01947,,68664090.72393,,,
2022-03-06,3442923.3414,40634513.19183,21621464.16833,,70880860.59131,,,
2022-03-07,3534073.46201,41074553.96035,21259673.27642,,72260734.82408,,,
2022-03-08,3490604.97699,33600398.82303,21237477.54977,,78318311.84177,,,
2022-03-09,3087238.2673,95960337.81086,21198387.18287,,89375632.32411,,,
2022-03-10,2992178.8428,104535613.56816,22816105.5182,,104086158.6833,,,
2022-03-11,2991167.45398,114769163.74438,22731569.28482,,112150278.90447,,,
2022-03-12,3823963.92846,81060071.33234,27870245.24482,,114008762.63641,,,
2022-03-13,3823963.92846,77975435.92843,28176079.32087,,114067760.37331,,,
2022-03-14,3842799.61466,62034804.39732,28191594.94756,,114041588.04597,,,
2022-03-15,3879809.57395,46814603.57409,39619823.73362,,108958378.93162,,,
2022-03-16,3288501.49558,53165453.4281,39572870.43196,,110722271.79501,,,
2022-03-17,3382327.60311,57250654.43672,40514539.32436,,117148212.04028,,,
2022-03-18,3290939.7515,67526839.83939,42562855.41461,,108890351.20788,,,
2022-03-19,3391051.91149,53788770.96195,37555552.17167,,109141271.62095,,,
2022-03-20,3290130.84399,53182041.56011,37284773.83476,,109212838.70429,,,
2022-03-21,3291404.61757,55587627.05027,27159394.28238,,109200042.0725,,,
2022-03-22,3291035.98026,104526545.77718,26938330.67624,,109371520.95947,,,
2022-03-23,5166454.21273,61080742.543,27079769.77226,,109332420.23457,,,
2022-03-24,5159558.72539,67187871.54642,26802073.40577,,108451932.3339,,,
2022-03-25,5088350.66566,48601112.36707,29681987.07677,,105777734.71247,,,
2022-03-26,5088997.67879,67265004.97593,29630904.49307,,106326173.70928,,,
2022-03-27,5092390.67675,68266111.07371,29746531.27583,,121381503.52954,,,
2022-03-28,5083602.50635,51125689.40535,29731620.18037,,121379988.678,,,
2022-03-29,6191874.91573,48128016.23812,29698796.51762,,120333540.14882,,,
2022-03-30,6200302.7392,28575856.50952,29738813.34612,,120465082.52086,,,
2022-03-31,6202809.91796,29697229.82224,29980926.7966,,121380466.31118,,,
2022-04-01,5799896.06576,30790992.90267,30121750.00323,,121002383.90864,,,
2022-04-02,5907202.56119,41809708.65467,29819962.05544,,120003950.34985,,,
2022-04-03,5788058.95253,41801560.31488,29660176.73746,,118667198.84637,,,
2022-04-04,5787433.81404,41816622.73507,29564713.05691,,118779615.98525,,,
2022-04-05,5785980.98166,46824752.07551,29881845.61025,,138088364.54324,,,
2022-04-06,5783059.50136,47123803.78982,29869167.7595,,135541014.76975,,,
2022-04-07,5779321.35717,73859886.12299,29955311.28753,,190751269.75235,,,
2022-04-08,5823463.82082,79259844.63148,31557568.1691,,162764510.77173,,,
2022-04-09,7834022.5032,68328752.88931,31645101.79375,,163803818.63641,,,
2022-04-10,7873320.95683,68410356.30247,28549817.1698,,163589260.31825,,,
2022-04-11,7873320.95683,70067634.70574,28707018.45758,,164038723.1687,25412090.16443,,
2022-04-12,7809482.16439,66487703.75056,28750336.3344,,167488760.82917,25449839.29453,,
2022-04-13,8429452.78759,90194241.80042,18851261.06274,,178715166.81327,23762515.74742,,
2022-04-14,8877501.37762,72686363.58126,19890655.66642,,185678847.55037,23735963.39242,,
2022-04-15,8959432.12938,65077653.56003,20037012.97151,,186178430.10168,22890634.7658,,
2022-04-16,8959432.12938,62166376.62627,20941250.16132,,182213837.00906,21965270.14935,,
2022-04-17,8950481.64774,52163962.0254,20578060.99176,,182206706.3588,17660506.93908,,
2022-04-18,8950481.64774,56808483.02435,20603050.36188,,182511752.47498,18790257.95105,,
2022-04-19,9044762.05133,57055428.70872,21518309.28637,,81591415.23053,20922093.14286,,
2022-04-20,8125477.32431,73834423.671,21433875.39839,,78338618.54451,21725948.72508,,
2022-04-21,7748760.62632,74514483.15019,21548105.98534,,77907530.8265,20277989.3786,,
2022-04-22,7834198.64547,82653482.9482,22234877.42982,,62278161.28933,19099568.30186,,
2022-04-23,7840469.13765,55369416.90414,22215894.60393,,62443228.07576,18797244.12059,,
2022-04-24,7740369.13765,56137140.16611,22301797.21927,,62138835.33512,18799546.24572,,
2022-04-25,7810262.86541,56515871.15597,22590851.61372,,62119662.99661,18864782.71551,,
2022-04-26,7808497.746,53696350.9239,22714881.77555,,190876464.0589,18531004.53039,,
2022-04-27,7810272.89905,53469423.19345,13370283.73556,,190568057.16746,20840709.53744,,
2022-04-28,8006141.68398,54771811.90923,13310050.56152,,189820932.62708,21345168.38186,,
2022-04-29,7792855.36503,56472188.3738,13310634.87088,,195553784.662,21234388.49639,,
2022-04-30,7350756.41185,59760592.52577,13487188.55574,,204127436.71445,20958590.81898,,
2022-05-01,7365457.92467,60363441.75815,13473376.75261,,204310856.36662,20970442.48,,
2022-05-02,7358107.16826,82468439.90196,13202551.25658,,204482554.00447,21082619.337,,
2022-05-03,7346897.26473,75695988.70544,13154868.43322,,102043117.75084,19564945.59958,,
2022-05-04,7339865.74506,77432177.00491,13808663.39659,,103528487.86263,16316420.90088,,
2022-05-05,7308260.2368,79517839.7212,15815330.19148,,108916167.60059,16917272.16287,,
2022-05-06,3551162.21918,35288143.74401,15818150.01702,,88504923.94331,17150274.22084,,
2022-05-07,2869505.4647,21395021.96751,17901982.72099,,105561158.3512,17322654.95862,,
2022-05-08,2757443.6394,21564697.87557,18877999.29208,,102248705.95363,17323058.71953,,
2022-05-09,3604293.79522,24483683.53177,19893245.63922,,68789224.73145,18748264.15278,,
2022-05-10,3679925.93068,24080550.57841,19450521.85575,,71784933.92218,18196340.50724,,
2022-05-11,3571236.89331,25791033.21616,20127597.45931,,69750948.42366,20784919.88528,,
2022-05-12,3655379.37708,25171334.24649,2809803.31623,,64310045.92431,17698518.58347,,
2022-05-13,3655006.24369,32883236.02283,1938399.56888,,66296128.36571,12956929.03837,,
2022-05-14,3276951.50802,69803939.7745,1925075.88282,,67031641.3859,13258391.32741,,
2022-05-15,2563346.74311,69865697.31416,1938716.57866,,67117454.4697,17217338.63511,,
2022-05-16,2557797.94163,68473479.73151,1935501.37997,,67912798.85468,17200189.89145,,
2022-05-17,2553062.11751,81428307.90662,1928807.849,,41519477.1807,16760930.63731,,
2022-05-18,2553062.11751,86088145.24914,1945582.78134,,43614736.7079,23456995.69978,,
2022-05-19,2565086.11751,86254746.586,1888008.70943,,63097986.75239,17614721.10324,,
2022-05-20,2628269.03475,137192470.40346,1911568.7229,,61387819.16057,11556589.27397,,
2022-05-21,2621929.23553,93456448.57025,1941992.21965,,63221860.1715,15359172.06534,,
2022-05-22,2584085.10156,41765789.52008,1901867.66072,,79640963.30573,16102194.40712,,
2022-05-23,2578932.3895,39159262.79171,2034353.88394,,79573056.02834,18297090.42386,,
2022-05-24,2566599.80705,38269219.88371,1926845.10036,,57817715.67239,22338038.71622,,
2022-05-25,2564038.33019,38720026.21096,1925402.05605,,68975950.74863,20640283.49984,,
2022-05-26,2564038.33019,61754378.39935,1920414.35708,3933289.37893,69984398.97392,20843590.43288,,
2022-05-27,2566599.80705,33099166.42084,1949826.84194,3929363.94043,69449665.29805,19561420.97753,,
2022-05-28,2564038.33019,45660826.14137,1967621.08953,3933289.37893,69652876.27589,17027034.5306,,
2022-05-29,2566599.80705,51078940.06842,1972787.64873,3933289.37893,69523221.05552,16956305.1732,,
2022-05-30,2566599.80705,47949285.7273,1972988.23779,3929363.94043,69444070.76088,17186910.32236,,
2022-05-31,2561476.85334,84439317.51913,2012891.73711,3925438.50193,67230945.06546,16412065.64339,,
2022-06-01,2564038.33019,89510546.39867,1906673.14188,4675438.50193,61584125.19106,17969036.16827,,
2022-06-02,2569161.2839,91116306.08866,2036545.86124,4684789.37893,63078262.45054,16979317.65328,,
2022-06-03,2560073.16402,84072025.78752,2041170.75452,1672360.7214,62969135.10836,16473608.96606,,
2022-06-04,2566599.80705,83570258.03951,2345487.88503,1677113.94043,63323747.18564,16568268.27969,,
2022-06-05,2566599.80705,49511919.75588,2345487.88087,1975438.50193,63225751.74708,16603834.40118,,
2022-06-06,2564038.33019,50966540.36309,2343775.6091,1977413.94043,63289724.50107,17157552.82445,,
2022-06-07,2574284.23761,42010376.48737,2403631.20277,1989263.44244,57607474.31432,15688708.79758,,
2022-06-08,2559622.3441,35430301.03786,2711897.23372,2019080.56543,57569489.08516,15998287.87095,,
2022-06-09,2561476.85334,45023598.91484,2688596.85731,17063.50193,58234520.94991,16531922.89424,,
2022-06-10,2564038.33019,41891630.58003,2561391.7609,5016105.2428,66525030.37108,18406010.71557,,
2022-06-11,2585297.12705,76090756.39635,2074420.43036,5017063.50193,65436686.18905,18085380.36726,,
2022-06-12,2585297.12705,76045317.36068,2068935.84419,5017063.50193,65694171.03436,18122173.48044,,
2022-06-13,2595617.67446,77245761.40123,2076026.42433,5022080.56543,66981246.67897,18694665.60681,,
2022-06-14,2585297.12705,71560785.17346,2068782.18951,19371.44244,56936843.19538,10845806.6432,,
2022-06-15,3545649.84638,76253421.22326,2116347.64112,19352.12893,20959477.98819,12761811.76392,,
2022-06-16,3535044.71224,76105657.15082,2075334.29153,30031.00293,15162146.3027,10804640.20902,,
2022-06-17,3538579.75696,73598759.44817,2054606.07676,30031.00293,13777268.72866,14926390.18343,,
2022-06-18,3534641.71715,68331498.43339,2043031.17762,29999.59188,61404025.9447,13873666.76488,,
2022-06-19,3538579.75696,74395154.36979,2043525.27968,30001.00193,52354424.61253,13453693.44239,,
2022-06-20,3535044.71224,151346664.22784,2069191.29429,29995.81176,13995350.71438,14716466.18651,,
2022-06-21,3516950.30441,153123309.77639,2035023.7964,29974.51105,13868450.13853,14723403.32747,,
2022-06-22,3527490.61502,150299638.48398,2058325.69474,29986.57145,10682984.93138,14677982.807,,
2022-06-23,2558454.8113,149554768.72554,2038055.53397,35604.73321,8138095.83157,14084672.98253,,
2022-06-24,2561087.53765,82819012.22706,2040329.20292,35626.00193,8392100.65285,12576608.49997,,
2022-06-25,2563646.06666,39276587.2197,2092642.40579,35661.62793,8415095.70042,9536886.23678,,
2022-06-26,2561087.53765,9181752.45283,2118244.19233,35661.62793,8671337.63053,9526317.99802,,
2022-06-27,2558529.00864,9090094.9131,1813003.43872,35626.00193,8666350.12175,9507836.89849,,
2022-06-28,2568763.12468,7077036.05389,1813103.52944,35732.87994,8585016.68627,8863170.00332,,
2022-06-29,4166512.48545,6053723.65751,1811198.07662,35695.63483,8578619.45894,8971827.17163,,
2022-06-30,4405146.22027,1764.96841,1799393.15755,35761.72793,9351247.72416,9171925.47656,,
2022-07-01,4400749.86676,1781.37098,1802987.7105,35380.35286,8300160.32086,8407147.78049,,
2022-07-02,4443408.28647,17540.09597,1786192.44777,69823.38194,8089401.13527,11580795.0791,,
2022-07-03,4405146.22027,11214.54876,1739237.69358,69545.47793,7094148.79704,11564498.50406,,
2022-07-04,4409542.57378,11318.80689,1736396.21338,69545.47793,7117677.55998,11576776.69193,,
2022-07-05,4396353.51324,1442854.62468,1733888.55263,71726.00193,7239547.11021,12683387.15161,,
2022-07-06,4388189.48477,1593188.69268,1778234.5095,105428.43225,7249292.6889,10397796.48606,,
2022-07-07,4443792.72748,1591598.684,1776951.70317,8351.00193,7228781.16222,8170604.50386,,
2022-07-08,4396353.51324,1809207.35529,1728367.3829,8251.00193,7246083.25697,9596643.10787,,
2022-07-09,4401737.18367,1815922.46639,1726639.80052,29338.76095,7204087.58134,10607750.18875,,
2022-07-10,4406138.92085,1815922.46639,1722279.72115,29280.25894,7249343.5081,10436868.25357,,
2022-07-11,4414942.39522,1815922.46639,1741868.48235,29240.38982,7155830.32649,9859026.0491,,
2022-07-12,4406138.92085,1814112.97739,1732959.91411,29251.00793,8592541.04884,10844001.44555,,
2022-07-13,3701329.83056,1822312.4854,1722930.70203,29194.963,8576743.60947,11885740.59069,,
2022-07-14,3701329.83056,1822312.4854,1749069.21172,91126.00793,8706826.10879,11054926.43796,,
2022-07-15,3704171.65839,1842336.4894,1748662.03088,91126.00793,15807188.82499,9398395.59105,,
2022-07-16,3700474.88029,1840497.99341,1837407.91252,101915.32144,7672577.83365,8528522.81794,,
2022-07-17,3693236.58876,1839997.37795,1802611.61142,101813.50793,7710388.31207,7835358.83777,,
2022-07-18,3692120.16178,1843039.1914,1804464.49776,101792.33072,6122941.27203,8136623.68107,,
2022-07-19,3707139.7272,8916997.85387,1814223.33543,102118.94845,16009701.83572,6548755.90728,,
2022-07-20,3731408.7205,8916997.85387,1967558.23143,102017.13495,15554842.55501,7174708.13457,,
2022-07-21,3731846.45862,8784471.30813,1905079.89691,106800.04943,15443304.73781,5138062.69386,,
2022-07-22,3722739.83938,5794820.20707,1899624.29244,106688.00206,15508339.28834,3597664.73276,,
2022-07-23,3728699.7991,8369945.90547,1903930.22833,106920.32144,10165470.22724,4033555.74324,,
2022-07-24,3724591.15187,8353256.42662,1891533.02839,106920.32144,10135398.36813,3609239.85731,,
2022-07-25,3736149.74875,13401576.1214,1973817.90684,107133.94845,9816434.56531,3847855.60983,,
2022-07-26,3724833.27523,18476377.98973,1971473.38697,107027.13495,9755312.49224,8300727.44006,,
2022-07-27,3728699.7991,23463082.37072,1953331.88842,106920.32144,5111352.06976,8249295.05619,8042.18978,
2022-07-28,3723633.83334,23434415.68766,1950845.37235,106794.60194,5171452.89167,8242261.5799,2822.75483,
2022-07-29,3718783.91612,6956044.79428,1950538.90822,106704.87859,5269122.44295,5298607.56628,4856.5631,
2022-07-30,3716820.85438,7022386.79805,1955634.63706,106651.79228,5195886.60599,5711573.98534,10501.55582,
2022-07-31,3723421.50977,7062806.22106,1951242.78905,106920.32144,5390265.15643,6986711.49145,10783.15351,
2022-08-01,3728699.7991,7065420.42662,1946435.42611,107027.13495,5625726.45729,6488665.16205,812.14476,
2022-08-02,3728699.7991,5034448.67843,1950099.84096,140844.63495,5420312.77662,4589635.62675,985.9928,
2022-08-03,3720597.97886,5321578.98042,1793492.76732,140844.63495,5264357.71622,3912339.44097,6099.53905,
2022-08-04,4407139.48901,5309029.1068,1722347.13261,160201.04894,16719750.15099,4060672.44564,609.4843,
2022-08-05,4464425.87754,5309479.5568,1760333.77846,193984.79894,5679282.50072,4075943.02127,2609.98806,
2022-08-06,3782544.05918,5292312.67999,1704910.15991,214704.65895,5808743.59782,3910087.84006,5977.41177,
2022-08-07,3783369.55192,5304383.99542,1632371.57409,214771.45895,6018804.96305,4218485.21233,6345.39974,
2022-08-08,3782256.27272,5182158.63971,1629720.62537,214683.60943,11240207.41604,4249245.77288,6335.33965,
2022-08-09,3794237.27746,1337682.94667,1631863.36639,215005.79594,10247374.32312,3581991.50093,1340.39974,
2022-08-10,3794237.27746,1339020.29527,1643136.73368,215220.58694,9897613.72681,3577014.71569,5885.26772,
2022-08-11,4151879.1527,1339020.29527,1650097.02375,16073.08694,5532660.05103,3796493.44862,895.30772,
2022-08-12,4143591.96876,1337973.23667,1643051.90381,16057.04594,5477813.56415,3670917.15428,6956.40308,
2022-08-13,4138777.1149,2335206.57847,1637986.79513,82978.50493,5979959.77182,3873745.28069,614.49363,
2022-08-14,4147735.56073,4239692.71779,1642030.46283,83061.48344,28717455.55913,3805373.57321,617.10167,
2022-08-15,4147735.56073,4235462.48854,1615910.74337,83061.48344,10182302.28765,3578880.91654,616.4858,
2022-08-16,4143591.96876,9245119.14054,1676115.10434,7978.50493,24876736.18152,4737534.84026,890.49288,
2022-08-17,4147735.56073,9254152.55361,1670125.42796,19247.73344,16575157.69089,5085561.16896,673.19699,
2022-08-18,4147735.56073,9746417.87242,1645491.86128,19247.73344,22539315.92063,5884136.40529,672.52513,
2022-08-19,4112962.55205,3539173.82211,1661465.77459,28654.63094,22401805.68507,5395648.09138,971.85328,
2022-08-20,4119085.62839,3532091.38493,1688751.84341,3633.25694,17282901.51459,4549247.97714,1018.29125,
2022-08-21,4112485.21546,3532091.38493,1684838.82139,3629.63094,14430450.9716,4373720.56442,1018.29125,
2022-08-22,4123200.59905,3568389.14987,1685371.09334,3636.88295,14490998.36288,4400308.07717,518.3127,
2022-08-23,4195986.42868,3558535.12514,1650574.84354,3629.63094,16554193.9342,4356359.42771,584.53701,
2022-08-24,3591353.51324,3556003.38891,1645816.01877,3629.70374,16719145.00802,5036922.90232,1456.61735,
2022-08-25,3591152.39745,3564924.0621,1659497.82639,2202015.15432,16764418.16472,5300991.6072,637.20632,
2022-08-26,3598536.22027,4174239.96718,1684379.43977,2210236.88295,16477437.39641,5934209.64955,1246.07727,
2022-08-27,3591353.51324,11146197.41232,1685827.65084,3640.50895,16363698.16498,5825933.17384,540.59703,
2022-08-28,3594944.86676,11110825.18264,1674897.70051,3629.63094,17320223.52365,5900736.85483,538.88145,
2022-08-29,3594944.86676,11112879.83581,1665428.2958,3629.63094,17260709.02889,6109531.60604,538.98009,
2022-08-30,3644994.86676,6623938.25263,1666507.97894,3629.63094,17356935.47757,6704265.97177,521.22078,
2022-08-31,3589848.73612,6616973.7427,1595426.12133,3626.00493,16840834.09803,4867189.59666,2540.40527,
2022-09-01,3587589.77476,1686401.9865,1615287.19605,37317.21248,17121915.56573,5264176.83737,1833.26559,
2022-09-02,3590714.25232,77428215.41908,1591908.41125,4376.00493,16864968.94494,5424203.84996,4771.68331,
2022-09-03,3591353.51324,529179.45196,1589432.5912,23877.35844,15919599.91231,6057849.35394,573.38008,
2022-09-04,3591353.51324,447298.58043,1590644.5412,23877.35844,26149469.28648,6070587.11261,573.38008,
2022-09-05,3594944.86676,447298.58043,1590381.23882,23877.35844,14335663.29516,6079921.6387,573.38008,
2022-09-06,3594944.86676,444540.65875,1596077.81458,190795.10944,17064913.53553,5432420.64451,521.4576,
2022-09-07,3591353.51324,4319900.22427,1580624.21882,211596.67257,16975953.69004,6139723.7025,499.37008,
2022-09-08,3594944.86676,4324221.1255,1602501.97627,211604.50194,20486486.55938,5697249.99839,499.86945,
2022-09-09,3724202.23758,4324221.1255,1599703.77086,180541.31436,20727363.50338,5714303.84717,499.86945,
2022-09-10,3775003.11324,4335342.2355,1602443.22387,2613.56436,21125853.6095,5612574.43161,499.86945,
2022-09-11,3770488.20952,4333223.1185,1596839.87712,2613.56436,21065356.33883,5672896.55487,499.86945,
2022-09-12,3770359.85942,4327690.79168,1592017.83846,2613.56436,21046747.60557,5686626.73904,499.23125,
2022-09-13,3792071.96566,385390.47085,1596075.02773,2607.70016,20369009.88427,6200635.97932,502.71008,
2022-09-14,3742845.64779,390730.87157,1589033.48637,13289.23758,15159470.38159,6270164.78176,505.11604,
2022-09-15,4107443.71284,390090.47085,1587565.01773,13311.75186,15057644.05293,5557967.51861,503.35113,
2022-09-16,,478044.14898,1633380.8021,13280.95264,15018650.00224,10898874.62749,502.78285,
2022-09-17,,478524.16921,1658210.39144,22695.95341,21999195.55844,14462618.39148,505.53743,
2022-09-18,,479063.05532,1641431.70964,22718.64936,22357453.38118,12492523.20375,494.09473,
2022-09-19,,534692.0337,1599072.51239,22695.95341,24671302.45185,14586942.8587,551.42037,
2022-09-20,,536327.7799,1572437.23803,22718.64936,21179590.98765,7413042.25745,553.1073,
2022-09-21,,534765.29251,1529306.57855,22681.54148,23707724.77091,2930715.15848,1521.32086,
2022-09-22,4844610.47247,535993.72364,1528473.39478,22718.64936,21870800.77646,7336364.36808,505.82861,
2022-09-23,4849450.24317,535993.72364,1526195.27996,22695.95341,18401804.71866,3904448.80419,505.82861,
2022-09-24,4844610.47247,627359.87522,1577289.02718,22695.95341,24410580.6438,6160792.24682,505.82861,
2022-09-25,4837757.35715,651572.16399,1558317.7143,44532.55358,24403310.4447,6497620.66617,505.19847,
2022-09-26,4854290.01387,2728636.62247,1562253.45601,44621.61869,24977891.53364,7616143.73971,516.86926,
2022-09-27,4832554.60365,2823295.67207,1558034.69208,44419.84169,21497544.16722,8028809.9596,505.82861,
2022-09-28,4849450.24317,2826117.14927,1533650.65311,44621.61869,21729248.43538,7170172.4651,506.33393,
2022-09-29,5010515.80201,2833358.84947,1582577.15477,44622.62069,21947602.73189,6454029.5964,506.83926,
2022-09-30,8125618.50478,2799849.63523,1558313.25389,44577.98703,23002217.07188,6437755.61482,505.64328,
2022-10-01,6706488.56098,7505173.50284,826882.92476,78361.73703,22014567.7911,7441114.50707,506.14893,
2022-10-02,6170280.52693,7512671.17867,790939.08736,78392.26753,22062358.70209,8401208.51047,506.65457,
2022-10-03,6157964.59774,7499432.33611,785886.47798,13810.79962,21903136.64658,8151781.67818,580.62993,
2022-10-04,5495835.46482,7499604.82702,775230.1593,33321.52983,22321460.37756,11227365.09318,580.64328,7673120.7303
2022-10-05,5263418.53488,7494527.59455,748383.29058,13288.24158,34208795.14847,7709473.23641,505.01115,4107585.41973
2022-10-06,5294331.10696,499200.64671,746626.36685,13314.81807,33666998.60586,8476976.24099,504.7546,5943777.50662
2022-10-07,5267991.1512,510338.94043,742326.3446,103391.53984,35574208.61598,9030033.90634,1237.98828,6526700.21066
2022-10-08,5664649.32163,4100681.15059,764342.2856,109542.35408,35809651.55724,10493328.83084,540.15868,6669838.24055
2022-10-09,5673689.8164,9057837.13798,759053.18464,109665.60464,35680023.39925,12560865.03004,536.86324,6375063.15831
2022-10-10,5657603.97054,9062918.66686,757878.34335,109366.40707,35722884.97839,10015618.07356,537.16442,6126345.26831
2022-10-11,5444830.03487,9137705.73322,760448.86499,113352.04859,34701743.21274,11323108.35348,539.71054,2962545.01366
2022-10-12,4600925.92134,119928.05034,784944.67259,172583.39511,31295574.30503,10920147.72847,538.4593,2932810.07166
2022-10-13,4298866.50706,120086.76642,777269.58473,172584.26281,36432328.06179,11654387.80103,539.17191,1822819.97027
2022-10-14,4301941.53848,214870.93029,772581.14978,193552.87842,33560493.30564,9668171.1433,539.71054,3691078.55808
2022-10-15,4303000.621,216226.68636,813328.5519,199183.50342,33554553.33331,10135863.35308,538.09734,10408128.18385
2022-10-16,4302871.46459,226342.26286,812955.40162,198984.5189,38260811.10852,8357142.23461,538.33649,12977275.11067
2022-10-17,4301480.88063,226311.6898,811096.79263,198779.56485,30938965.11949,7290653.95583,538.26377,17086026.7372
2022-10-18,4202303.60624,226470.29025,836569.46476,210061.80772,34833928.59828,7929802.22791,539.17191,10141044.99435
2022-10-19,4197488.37923,4059873.45273,841518.82527,209851.95576,38463332.70201,6627107.35192,538.46253,5315555.66
2022-10-20,4024573.47072,4081466.64492,841022.86469,211853.96559,38531376.13974,7264032.81252,508.02074,10529597.57455
2022-10-21,4098586.68102,9110476.90921,869064.66678,210772.24016,39225744.37099,7151479.22546,494.31327,7137525.98837
2022-10-22,4096385.73997,8609812.12013,861142.55905,461718.4883,38356999.71435,8764973.77884,494.80759,7964135.25319
2022-10-23,,8596970.51224,856315.27678,461790.06577,41915226.58532,8271535.1658,494.31327,9461585.62858
2022-10-24,,18195217.41574,867648.96057,462773.06577,42429606.32306,8291273.25958,494.11703,11067347.6131
2022-10-25,,18220501.08471,867807.59467,490198.3746,41643033.19508,8679860.23236,494.80759,10627890.43414
2022-10-26,4032114.53401,18896141.78593,835627.31128,481455.08314,47190530.35098,8236316.35056,494.31327,12459660.8801
2022-10-27,3686109.82408,18896141.78593,871042.93114,480974.10903,41352861.66482,8495621.71702,494.31327,13140459.76656
2022-10-28,3686109.82408,21939540.46357,876325.42928,482396.02314,40686303.11267,8081901.28521,494.80759,10166779.45115
2022-10-29,3683864.98319,26428582.00454,856011.30423,3014926.37106,40640930.35696,10213938.24018,593.77007,10386385.45721
2022-10-30,3683621.69995,21408901.99141,856375.16432,3015665.20903,44645518.72425,10273425.9801,594.31327,10316141.4479
2022-10-31,3682176.74489,21398023.80631,849434.13009,3015665.20903,44615036.69591,10375808.49422,594.22413,13408970.94436
2022-11-01,3686109.82408,10747701.03921,838612.44258,3015665.20903,45326241.92247,10198164.80312,593.87289,14990408.12354
2022-11-02,3686109.82408,8758671.99141,836941.62432,2123973.44658,42716644.00784,10241053.77586,595.5019,16494151.02544
2022-11-03,3679880.29847,8761651.99142,834680.94432,2122843.13666,41116770.92571,10268953.40027,442663.84976,17187338.71912
2022-11-04,4691064.20187,8761651.99142,833628.94432,2134621.73421,41151648.00013,10393645.98181,294475.45975,17406471.23225
2022-11-05,3647574.64279,3718216.01503,826337.10785,2145773.81576,42476265.83379,9204433.08792,193134.95739,17871465.98539
2022-11-06,3669464.49726,3747689.82494,815224.04629,2154230.20745,42885571.21413,10063247.35309,194665.91283,22549846.21114
2022-11-07,3679522.59345,3710712.6034,809349.48235,2156142.70603,43002453.76676,7323722.43053,195217.27499,20645623.52745
2022-11-08,3425600.41522,3706979.26741,825812.04773,2192082.59874,43484406.71717,6026795.36255,196213.62736,9826544.50432
2022-11-09,3417565.14072,7731625.76067,821955.12067,2028431.69885,21993300.88668,5926338.29924,0,5308309.30524
2022-11-10,3439289.12817,7770283.88948,823034.14793,1285876.20442,19837170.22415,9653021.70639,0,2663008.13561
2022-11-11,3432444.77169,30982821.57658,836139.51601,1123579.74037,12458952.46156,4373679.08623,0,4184935.5907
2022-11-12,3432444.77169,30920306.65521,832880.78677,1134850.90638,11055915.13377,9602241.46435,0,2499995.00526
2022-11-13,3425600.41522,30814105.80389,800391.87496,1137120.60819,12302435.79047,9111604.74948,0,8987888.4853
2022-11-14,3432444.77169,30792932.27064,795104.55881,974105.48865,12240227.66802,8676315.85927,0,8505256.17686
2022-11-15,3429022.59345,30826241.18566,854755.25466,982498.79181,12453743.99352,5225927.64883,0,10103839.45596
2022-11-16,3429022.59345,37921659.20766,867692.67455,980537.71638,12521982.9313,8336363.47591,0,16960446.47048
2022-11-17,3435866.94993,37883775.43223,869943.32899,980330.82292,15479901.08424,7143573.64617,0,17453429.3103
2022-11-18,3418181.1328,35244991.7171,864511.64044,988781.94185,15921333.32334,7704285.96153,0,17436404.99725
2022-11-19,3425600.41522,27883515.1511,859988.51292,990925.15159,13873415.17559,7704042.62102,0,16790028.74421
2022-11-20,3429022.59345,22785775.44468,859165.27595,989935.21638,14113296.63182,10458872.96126,0,16774042.41181
2022-11-21,3425600.41522,22482849.82168,884280.95448,988859.1568,14682922.84965,8576164.96934,0,16586879.91907
2022-11-22,3432444.77169,22181465.73869,880445.66991,990925.15159,14631373.37518,7274139.75699,0,15610467.40634
2022-11-23,3425800.61522,22203626.04712,904876.5377,990925.15159,14632926.85032,4881926.42422,0,15724891.8809
2022-11-24,3425800.61522,22148577.16912,928462.78216,1011771.81655,14631588.81694,5959049.37742,0,15924281.01129
2022-11-25,3422378.23698,22021715.14769,925917.21394,1012783.58837,13351640.03757,5143546.49051,0,15848011.69198
2022-11-26,3419640.33439,21972041.79449,924737.9938,1011301.34266,13739634.54562,9887370.79467,0,18378665.86282
2022-11-27,3425800.61522,21996015.4737,922540.48748,1011771.81655,14551909.4313,10219515.93515,0,18377277.64906
2022-11-28,3410704.50481,21996015.5738,921968.68565,1011771.81655,14578254.17524,6013452.27145,0,23326371.58105
2022-11-29,3425800.61522,21996015.5738,920756.57276,1012783.58837,14572937.02221,8155371.19833,0,22319907.98699
2022-11-30,3429222.99345,22039469.66146,962087.7725,1051794.94745,14987778.89043,8501617.94426,0,22013893.03692
2022-12-01,3232045.37169,21960077.71587,904929.80219,1077996.132,15013122.95189,8391159.72241,0,22187622.44417
2022-12-02,3235267.74993,21976874.8024,1514067.35105,1079070.90382,17760572.94287,10675093.62404,0,22560620.81464
2022-12-03,3222378.23698,20362362.44188,2063363.61807,1083359.1668,17714940.97599,10225767.24774,0,22716356.24815
2022-12-04,3238378.23698,9938736.15836,2078922.25699,1083646.36036,17588030.09931,10224194.91356,0,24299688.74855
2022-12-05,3244854.99345,9939247.24485,2083156.66091,1085916.81518,17620936.56784,10248522.43697,0,24728175.82715
2022-12-06,3322090.13796,8481158.11343,2108610.40917,2151148.40295,17201196.07511,9186566.4912,0,20698713.69599
2022-12-07,3320116.81641,8466641.92632,2253388.96371,2149713.41148,17170829.35765,9252759.006,0,19373647.60754
2022-12-08,3322056.91705,8461036.01143,2266607.84223,2153400.65295,8684885.25213,9278637.26405,0,19595399.32677
2022-12-09,3322090.13796,8430456.87805,2325629.36538,1150435.47022,8589013.12538,8074687.12055,0,19657880.94757
2022-12-10,3320565.29858,8432937.98041,2441512.86153,1150796.96254,8588933.43213,12293080.11942,0,30119008.20703
2022-12-11,3325412.22809,8433114.1421,2437107.16798,1207050.21377,8607108.29757,8923578.76252,0,28425915.04303
2022-12-12,3328734.31823,8433238.42801,2427929.1669,1207499.40355,8615914.67829,8467047.33867,0,28760694.24855
2022-12-13,3319166.69863,8432461.42801,2419232.43197,1210311.90355,8624357.26904,8199221.58423,0,32018657.33253
2022-12-14,3319588.60408,8381456.56686,2353281.26822,1223376.22651,8510528.2199,8186291.86247,0,32360021.94499
2022-12-15,3317781.38705,8383812.5949,2801126.22491,1223720.11766,8501462.33502,7093153.42665,0,30484021.00886
2022-12-16,3318701.60602,8392825.86944,2896228.67047,1234442.61295,8537173.70489,4302539.01883,0,26267868.34239
2022-12-17,3316914.19166,1180641.56509,971099.77893,1234442.61295,8346947.49003,4299070.77362,0,25489309.67253
2022-12-18,3315680.29958,133853.10299,891234.49141,1233209.40355,8380324.9196,4228602.3599,0,22973648.27257
2022-12-19,3316914.19166,133851.63061,894882.28919,1233195.83825,8382350.11296,4226958.74495,0,23226092.08002
2022-12-20,3264595.63939,133853.10299,978869.87586,527656.05661,8327097.98259,4221508.22521,0,20164996.04133
2022-12-21,3261092.72827,133663.267,961500.78685,537206.57615,8326185.19578,4217772.14734,0,18551350.31515
2022-12-22,,133993.5552,1235282.41182,35776.46672,5414354.52955,4229743.75741,0,17501709.02366
2022-12-23,,133859.82909,1378581.45842,57599.19844,5385199.56447,4225381.87201,0,16984688.82257
2022-12-24,,133726.10299,1408274.14925,57541.65678,5330526.41607,4222266.16662,0,16965480.96701
2022-12-25,,133859.82909,1404940.01287,57599.19844,5328386.76263,4228469.99933,0,16521095.00431
2022-12-26,3191554.68784,133993.5552,1410208.81674,57656.7401,5316953.1092,4232944.21212,0,19183161.83392
2022-12-27,3192541.18306,133859.82909,1520893.53798,57599.19844,5338440.17636,4228720.8041,0,19654467.07298
2022-12-28,3072341.18306,133634.90179,1505824.19397,57502.41337,3825053.17393,4167070.77308,0,20654597.96131
2022-12-29,3075413.52424,39781.41761,1498909.68034,95769.15678,3837156.79474,4169915.65469,0,19817140.19437
2022-12-30,3072341.18306,39781.41761,1554993.95625,34938.80984,3846922.30321,4167156.59293,0,19817039.35873
2022-12-31,3071182.91044,39781.41761,1376808.53131,0.80984,3704935.76943,4167156.59293,0,20686907.25754
2023-01-01,3075413.52424,39645.02303,1375577.97654,0.81065,3704620.26297,4171323.74952,0,18490998.82468
2023-01-02,3070181.32721,39601.53629,1252427.55034,0.80976,3732220.18968,4166748.21158,0,18456183.42385
2023-01-03,2972341.18306,39605.41762,1207905.90416,1.80984,3735675.61187,4167156.59293,0,18457992.3071
2023-01-04,2972237.15112,39605.41762,1201150.5626,2013100.80984,3725419.97319,4158800.02442,0,17862483.27204
2023-01-05,2972341.18306,39645.02303,1198643.42709,2059408.16365,3765354.81907,4158881.54319,0,17877439.03527
2023-01-06,2975313.52424,39645.02303,1243133.18632,2061660.41365,3775173.68702,4158881.54319,0,17878515.57848
2023-01-07,2971800.21697,39605.41762,1215826.94298,723423.81284,3788102.61187,4154726.81637,0,15577167.51089
2023-01-08,2975313.52424,39645.02303,1401330.19104,724147.23666,3790660.36677,4158631.24586,0,15056521.91817
2023-01-09,2981258.20661,39584.41762,1382760.64617,723423.81284,3918939.99501,4154476.76909,0,14938847.26175
2023-01-10,2975313.52424,39624.00203,1388287.04376,724147.23666,3893603.32002,4158786.85153,0,14953788.11101
2023-01-11,2971951.80637,39538.53928,1442501.40705,733260.47783,3972921.2641,4148310.63418,0,14921265.74531
2023-01-12,2978285.86543,39931.33296,1464197.8469,740338.01135,4011700.07716,4183833.89863,0,15047582.90962
2023-01-13,2972222.28941,39404.78304,1437179.4428,750683.74566,3996149.52785,4154779.49656,0,14943085.80608
2023-01-14,3013495.9186,39441.14245,1554629.09346,751433.67947,4132544.75012,4158930.12543,0,14120497.15023
2023-01-15,3004482.59871,36487.24646,1507707.28356,6480.74747,4102978.6283,4168950.12542,0,14119480.90113
2023-01-16,3001934.79747,36560.07529,1550921.86252,6493.68309,4240165.76976,4177270.18351,0,13677797.65269
2023-01-17,2998401.52593,35384.9675,1439429.82975,6467.81185,4127620.68911,4160627.67282,0,13069774.38623
2023-01-18,3208591.71325,35375.44747,1462762.35941,6465.07596,4111979.89636,4158746.56169,0,13354346.31338
2023-01-19,3213156.2569,35384.04735,1553305.17264,6466.64764,4078151.55066,4159757.56476,0,13357592.7928
2023-01-20,3216366.20321,35383.69344,1661063.89042,217.77046,4081777.44869,4159715.95895,0,13057516.19282
2023-01-21,3109451.82913,35353.64698,1630707.47244,42472.02768,4223998.79179,4181216.63344,0,11528153.88648
2023-01-22,3113056.2569,35461.19846,1776437.26821,42601.23442,4218510.34676,4201453.71218,0,9846142.83019
2023-01-23,3116166.20321,35358.74104,1785823.4189,42558.71822,4175937.64349,4197260.6446,0,9836316.34034
2023-01-24,3116166.20321,35323.41762,1777702.92191,37367.20202,4172151.94485,4193067.57702,0,9826489.85049
2023-01-25,3113056.2569,35291.97978,1810721.55682,37333.94521,4074015.94771,4200175.09127,0,9129139.97776
2023-01-26,2982925.50194,35196.60655,1800170.82954,37233.05376,4135043.20031,4189920.56751,0,9655204.36303
2023-01-27,2743275.24545,35323.41762,1928916.4964,13370.20202,4088874.81322,4205016.57702,0,9389991.43228
2023-01-28,2746753.37955,35323.41762,1781313.80953,73546.34203,4155923.00461,4181326.69504,0,9033834.12159
2023-01-29,2750088.6519,35358.74104,1779077.15773,39576.87937,4103571.39426,4185508.02174,0,9042867.95571
2023-01-30,2747341.31059,35313.24448,1812138.8357,39525.95528,4115761.34963,4180122.47295,0,8737205.61165
2023-01-31,2745657.19037,35358.74104,1757645.61638,39586.88937,4015020.13755,4185508.02174,0,8748462.37443
2023-02-01,2752835.99321,35358.74104,1739576.15002,48583.37687,4038925.5365,4295618.02174,0,8747443.59135
2023-02-02,2747341.31059,35281.13549,1710050.1049,39471.53798,4152227.65408,4286189.97699,0,8315951.31072
2023-02-03,2752835.99321,35358.74104,2239220.65598,83308.06688,1224624.40511,777411.03162,0,8115751.31072
2023-02-04,2731622.21007,35358.74104,2233676.6359,86306.07444,1286297.56031,777411.03162,0,7853114.68515
2023-02-05,2731622.21007,35307.94597,2277061.29858,86392.2943,1364200.20238,776294.23136,0,7841403.397
2023-02-06,2731622.21007,35322.88777,2276576.72935,86218.56129,1383821.72971,776395.57054,0,7155013.48629
2023-02-07,2717434.38221,35358.74104,2265855.46715,88558.32444,1443673.35835,796688.23504,0,5258004.81766
2023-02-08,2715203.36858,35270.50314,2285994.92963,91453.79325,1547223.84654,774730.01564,0,5244883.443
2023-02-09,2544973.41226,35323.41762,2805258.25446,155715.99657,1625419.42519,790892.30231,0,4851515.32374
2023-02-10,2543784.51258,35323.41762,2791191.58122,155715.99657,1358220.64472,780892.30169,0,4845454.48306
2023-02-11,2548369.5411,35323.41762,2756075.79428,898888.30369,1396306.26068,774687.09322,0,4634161.78178
2023-02-12,2545823.71738,35323.41762,2583498.79403,898888.30369,1460548.12426,774687.09322,0,4634161.78178
2023-02-13,2545823.71738,35162.83737,2553896.57343,894801.95746,1361771.6828,771165.3657,0,4613094.88232
2023-02-14,2543254.98125,35319.74399,2604419.26541,898794.81931,1322604.45779,769578.07024,0,4632672.58727
2023-02-15,2538489.91897,35323.41762,2746516.086,1308285.80369,1365452.46259,769658.11468,0,4633154.43533
2023-02-16,2341682.4814,25263.84446,2720589.81561,806838.2593,1484771.47919,670941.59231,0,4627316.0117
2023-02-17,2337207.31798,25181.97649,2703036.92322,804223.68462,1416669.51622,674935.4799,0,4612321.10642
2023-02-18,2339343.13826,25213.41762,2563260.20213,1114072.25636,1548414.07536,675778.17529,0,4219473.20319
2023-02-19,2337265.80155,25201.81945,2553797.47496,1113702.56741,1658228.82854,675467.31733,0,4217532.24552
2023-02-20,2337581.61288,25207.26555,2555912.32256,112897.55263,1664116.85637,678998.45923,0,3419862.42472
2023-02-21,2336596.74942,25177.00945,2624462.94228,43711.89511,1609793.1924,678183.46222,0,3415212.46683
2023-02-22,2341682.4814,25210.66936,2698631.88052,43770.33487,1498339.70354,679090.14639,0,3419778.36864
2023-02-23,2338231.95027,25207.89588,2733882.65103,65597.33757,1460159.11399,703231.43243,0,3419402.15201
2023-02-24,2235316.7993,25188.96061,2820468.9519,94769.69068,1449899.96093,702703.18994,0,3416833.61849
2023-02-25,2241582.4814,25199.6511,2720181.67399,94810.9115,1350237.4381,703001.42538,0,3256518.11256
2023-02-26,2239287.15468,25211.40055,2700918.11415,94855.11752,1353777.23355,703329.20301,0,3207463.68047
2023-02-27,2237544.94572,24063.45704,2692209.99405,94957.56924,1424760.06058,671131.90979,0,3205923.01839
2023-02-28,2237914.43734,24063.45704,2586340.78058,96900.60215,1395125.64289,670616.11525,0,3205923.01839
2023-03-01,2241582.4814,24159.61471,2595758.73686,64024.32734,1332910.67295,673295.89993,0,3218158.12194
2023-03-02,2238458.59772,24039.41762,2580621.10983,63705.79835,1399365.41584,679713.58124,0,3201139.4596
2023-03-03,2239260.28256,24063.45704,2508986.28837,72103.32965,1350061.35835,680393.29482,0,3201819.5959
2023-03-04,2239343.13826,24031.43654,2511508.10302,1117933.2247,1249621.6604,679537.89973,0,2965883.5
2023-03-05,2241582.4814,23341.73604,2514429.08762,1119422.80629,1167487.35835,680443.34482,0,2964785.5905
2023-03-06,2238776.58445,23318.41762,2468473.53983,1118304.50179,1163548.09627,679763.58124,0,2961823.76673
2023-03-07,2239343.13826,23318.41762,2491115.97435,63054.5018,1193731.21899,679763.58124,0,2961823.76673
2023-03-08,2241582.4814,23365.05446,2492335.99819,63180.6108,1188797.83069,681123.1084,0,2967747.41427
2023-03-09,2238530.2567,23318.41762,2357547.6867,63054.5018,1112024.30665,679763.58124,0,2961823.76673
2023-03-10,2237043.33286,23365.05446,2510236.20386,71071.3608,1045865.76527,724108.9084,0,2967747.41427
2023-03-11,1975736.03119,23143.29631,2462484.87322,118408.52499,1109671.4254,723959.08043,0,2982812.08872
2023-03-12,1918361.38574,22436.25857,1552947.94124,60669.08694,1077227.3315,677837.41617,0,2876300.54507
2023-03-13,1974643.88181,22170.47535,1548354.08574,62560.84811,1178471.37131,705409.62341,0,2921366.8443
2023-03-14,1987144.91409,22316.45796,1516273.74599,62972.78317,1224220.00143,710054.42866,0,2938098.77667
2023-03-15,1991332.4814,22412.45388,1473509.45227,70475.19501,1405406.79077,769309.03917,0,2948221.35928
2023-03-16,1995311.16768,22434.7993,1513801.23034,63306.61941,1297597.83084,770076.04719,0,2951084.60629
2023-03-17,1991332.4814,22434.7993,1679130.22991,63306.61941,1342782.52134,770076.04719,0,2951084.60629
2023-03-18,1995311.16768,22434.7993,1648873.11553,66305.06541,1503775.5073,780116.47803,0,1767624.83744
2023-03-19,1993321.82454,22457.14471,1616656.56285,66371.10631,1492979.88275,780893.48648,0,1769283.09013
2023-03-20,1993321.82454,22390.10846,1612786.64908,66305.06541,1404319.23833,780116.47803,0,1763496.6394
2023-03-21,1993321.82454,22501.83555,1773036.53192,66371.10631,1289656.56479,785805.92648,0,1768776.56946
2023-03-22,1989343.13826,22390.10846,1885673.58488,56798.25363,1311459.99614,774273.6143,0,1765256.61609
2023-03-23,2279291.57641,22457.14471,1979225.76527,50709.82593,1278650.78516,779837.52978,0,1768776.56946
2023-03-24,2276864.27889,22412.45388,1937795.12845,50443.71287,1309433.12126,785178.6795,0,1759383.23283
2023-03-25,2058077.90991,22457.14471,1826359.45453,63876.9341,1259660.05043,789515.66248,0,1791446.34347
2023-03-26,2060131.87988,22501.83555,1816521.17015,64004.05238,1225540.73667,791086.83793,0,1794808.43347
2023-03-27,2053969.96997,22367.76304,1888666.28619,63622.69755,1239465.85585,797801.66295,0,1781665.5165
2023-03-28,2053969.96997,22335.42922,1878789.43168,37338.44066,1204955.77727,797743.40164,0,1781535.40626
2023-03-29,2056023.93994,22367.76304,1822800.77129,66671.74355,1240820.942,798898.25256,0,1783993.85659
2023-03-30,1989343.01073,22367.76304,1831633.09102,97617.93655,1343272.99257,778778.00134,0,1783993.85659
2023-03-31,1991332.35374,22412.45388,1815395.9728,107921.71288,1312273.56639,870212.70441,0,1787558.27988
2023-04-01,1989343.01073,22345.41763,1783918.73571,107598.91613,1383602.70733,930249.19164,0,1757408.24993
2023-04-02,1986253.56103,22367.76304,1772463.43423,107706.51505,1386166.91717,937215.74285,0,1764106.79779
2023-04-03,1777360.35307,22367.76304,1770289.6782,107706.51505,1316704.91717,940992.34062,0,1764106.79779
2023-04-04,1777475.889,22367.76304,1756838.78712,107629.43805,1382538.30187,845103.14168,0,1764004.90187
2023-04-05,1777291.03151,22323.74257,1358178.79901,117907.13517,1456292.06186,956244.68615,0,1760533.28384
2023-04-06,1779253.36489,22390.10846,1560100.02606,109990.46679,1392164.72046,863017.65668,0,1761726.36218
2023-04-07,1779253.36489,22367.76304,1517725.99449,166186.94587,1359565.07068,966534.0779,0,1759927.58932
2023-04-08,1777475.889,22367.76304,1578906.0618,166186.94587,1327930.52992,951283.35704,0,2262579.95111
2023-04-09,1777475.889,22345.41763,1511762.1859,166020.92494,1316577.90332,927091.34753,0,2260319.63148
2023-04-10,1777475.889,17875.09646,1513015.55546,166352.96679,1327226.47771,983680.02357,0,2264840.27074
2023-04-11,1776430.73318,17799.77844,1503509.80142,173509.5282,1397906.64278,978272.04346,0,2254660.99329
2023-04-12,1776452.06289,17834.22636,1378616.68718,165972.113,1427593.3048,1009617.19838,0,2258917.33224
2023-04-13,1776529.15464,17329.85731,1370441.43212,165919.31851,1504655.51098,998823.92467,0,2258198.78743
2023-04-14,1779261.14703,17375.09846,1372415.34828,180806.416,1757800.76869,1000427.28762,0,2264094.01826
2023-04-15,1779261.14703,17357.75805,1370133.82741,180625.97047,1877699.44083,887067.52418,0,132075.19524
2023-04-16,1779261.14703,17340.41763,1429139.9178,180445.52495,2086032.942,955885.88181,0,131943.25199
2023-04-17,1777083.72954,17337.15763,1424858.77169,180411.60119,1969264.56356,960598.71728,0,131918.44666
2023-04-18,1777263.25539,17357.75805,1477827.25953,177637.31981,1938646.75123,1016764.42031,0,132075.19524
2023-04-19,1775953.24993,17333.91497,1618661.66291,177393.3125,1894462.9738,1464066.36999,0,131893.77327
2023-04-20,1776731.78778,17325.21008,1636850.91167,177304.22765,1759936.10437,1473385.0591,0,131827.53776
2023-04-21,1779261.14703,17334.43518,1649354.39877,171243.12062,1713474.23922,1473822.80269,0,131897.73157
2023-04-22,1777727.5657,17340.0188,1763535.6013,182934.42271,1600200.82128,1498213.98233,0,131940.2173
2023-04-23,1777727.5657,17340.41763,1763576.16355,182938.6303,1729728.45958,1600020.56924,0,131943.25199
2023-04-24,1777483.66337,17264.86543,1749926.33214,182141.56669,1537764.62897,1627653.43497,0,131368.37524
2023-04-25,1775818.16117,17325.22742,1755218.88021,182778.37606,1597147.8857,1598505.79966,0,131827.6697
2023-04-26,1777375.23686,17328.85157,1735089.95208,174087.43648,1663645.2102,1593317.38269,0,131855.24584
2023-04-27,1777179.71366,17329.05965,1864702.80979,174331.86809,1755531.99996,2755835.32027,0,131856.82916
2023-04-28,1776115.00095,17318.23923,1793775.47757,165257.49528,1849551.00377,2406081.35147,0,131774.49657
2023-04-29,1776991.30039,17313.03711,1663978.30274,182803.81317,1799699.94639,2282217.41992,0,131734.9136
2023-04-30,1777425.00641,17338.12869,1658000.04203,183068.74862,1668300.98352,3246526.79351,0,131925.83548
2023-05-01,1777483.66337,17329.54519,1656046.83389,182978.11763,1642476.46722,3307372.12843,0,131860.52357
2023-05-02,1000624.96691,17340.41763,1657085.8267,183092.91689,1656110.3567,1903852.56757,0,131943.25199
2023-05-03,1001633.60494,17316.05434,1647534.99229,56842.69492,1631349.01142,1910577.77485,0,131757.87172
2023-05-04,1000632.97197,17357.75805,1631549.13595,54480.09695,1790351.69854,1990934.99422,0,132075.19524
2023-05-05,1000295.75866,17340.41763,1598241.29331,54425.23918,1808047.45853,2170798.26236,0,131943.25199
2023-05-06,1000523.90298,17375.09846,1631814.2393,54534.06508,1935618.63503,2174987.00512,0,132207.1385
2023-05-07,1000632.97197,17375.09846,1631304.89044,54425.21465,1755618.29776,2174987.00512,0,132207.1385
2023-05-08,1001633.60494,17328.50476,1616836.01861,54915.04159,1730693.10159,2249653.36808,0,131852.60698
2023-05-09,1000632.97197,17326.96146,1558268.64757,62293.68906,1494944.78795,2208023.85613,0,131840.86403
2023-05-10,1000632.97197,17340.41763,1547999.43443,54426.06651,1397445.50702,2382350.52565,0,131943.25199
2023-05-11,1001633.60494,16358.57652,1621573.29718,54266.86156,1472144.76142,2376587.91225,0,131558.50547
2023-05-12,1000632.97197,16422.82405,1627941.9492,54479.79188,1423730.65986,2048614.25853,0,132075.19524
2023-05-13,999942.53522,16422.82405,1624600.15422,61699.50438,1455604.04128,2049135.76117,0,132075.19524
2023-05-14,1000544.91627,16422.82405,1568572.15243,61699.50438,1418364.19052,2057341.1662,0,132075.19524
2023-05-15,1000240.72385,16439.23046,1564294.52614,61632.19583,1393396.47938,3844119.58472,0,131931.11321
2023-05-16,1000632.97197,16406.41763,1676609.93071,61637.86651,1458369.66057,3368284.47445,0,131943.25199
2023-05-17,1000632.97197,16406.41763,1650879.3112,72054.53402,1462840.11444,3380014.97442,0,131943.25199
2023-05-18,1000632.97197,16390.9956,1858613.69423,271699.89581,1497626.54927,3439322.71906,0,131849.57228
2023-05-19,869377.47961,16406.41763,1340616.36748,469935.53402,1442157.72557,3504552.67383,0,131943.25199
2023-05-20,1047985.76129,16405.79419,1408428.29893,469917.67647,1440787.77836,3507160.75446,0,131938.23815
2023-05-21,1051129.71857,16422.82405,1400665.28052,470405.46955,1446518.73016,3485499.72788,0,132075.19524
2023-05-22,1049033.74705,16439.23046,1545604.62622,470875.40509,1389409.08771,3490556.83793,0,132207.1385
2023-05-23,1049033.74705,16377.23061,1452099.48956,61529.87729,1398231.46212,3524571.51104,0,131708.52495
2023-05-24,1049033.74705,16405.3184,1412203.34476,112718.58154,1350589.93019,4706421.51476,0,131934.4118
2023-05-25,1047985.76129,16383.53068,1406299.77103,112568.88123,1308194.57638,3930418.9758,0,131759.19116
2023-05-26,1047944.88984,16398.95271,1510539.02941,146409.48755,1328014.31652,4014811.74215,0,131773.21226
2023-05-27,1047985.76129,16405.85981,1492296.88605,160093.99961,1355036.17396,4017369.55569,0,131828.71404
2023-05-28,1047147.37268,16457.64288,1454271.45818,160579.74132,1391082.87803,4091336.74361,0,131833.19637
2023-05-29,1046179.03384,16405.89073,1446704.82607,160074.78768,1421099.94036,4132436.64313,0,131581.4498
2023-05-30,1047985.76129,16395.93082,1445106.84465,159977.60732,1438611.62906,4171677.92043,0,131501.56756
2023-05-31,1047404.12919,16405.8251,1444790.97479,105028.69769,1433138.89154,4174276.91238,0,131580.92339
2023-06-01,1049033.74705,16372.79495,1418026.24753,106578.71902,1617840.07951,4144893.9814,0,131316.00914
2023-06-02,996352.98997,16406.54707,1393494.4264,113904.28828,1652904.28082,4478145.7935,0,131586.71387
2023-06-03,996421.74308,16395.12681,1371212.58027,166698.27902,1708065.5727,4507139.96203,0,131495.11907
2023-06-04,997418.16482,16406.03841,1364539.44396,166809.22324,1740333.30492,4538815.16604,0,131582.63421
2023-06-05,996421.74308,16424.82605,1406829.14697,167000.2475,1693901.44958,4542710.63401,0,125306.01587
2023-06-06,936842.28995,16424.82605,1359177.38616,178261.5976,1840510.73237,3794122.87827,0,125122.87631
2023-06-07,937232.39435,,1307830.19795,195551.3701,1905248.83026,4036965.39263,0,125306.01587
2023-06-08,937597.17948,16404.20067,1256552.77719,195352.49768,1832321.67322,4676623.65333,0,125178.58178
2023-06-09,937750.97064,16408.41763,1245702.52043,79748.01409,1844038.1943,4610045.203,0,125180.83504
2023-06-10,937321.48069,16396.37385,1232137.02693,79689.47905,1487482.80248,4690649.86669,0,125088.9523
2023-06-11,937750.97064,16404.34834,1225133.02291,79726.53999,1352917.5826,4692789.07382,0,125149.79019
2023-06-12,936952.94456,16370.71109,1183675.95026,79688.66048,1338510.81778,5169814.21142,0,124893.16948
2023-06-13,936913.55902,16377.73389,1171701.21829,,1313586.9592,4223556.7444,0,124946.74687
2023-06-14,937750.97064,16424.82605,1179842.16331,,1280028.23007,5196355.48806,0,125079.1882
2023-06-15,936476.56707,16408.41763,1185872.05003,,1256243.23002,5189530.73003,0,125180.83504
2023-06-16,937699.39434,16397.40758,1204540.8536,,1319859.93373,4833507.98366,0,125106.83199
2023-06-17,868361.32411,16405.48052,1363682.30531,,1376812.01637,4970189.82237,0,125168.42588
2023-06-18,867788.10819,16408.41763,1344496.03,,1410537.5297,5075306.12373,0,125190.83504
2023-06-19,868508.97064,16424.82605,1327582.11055,,1387282.10155,5075357.74351,0,125316.02587
2023-06-20,869377.47961,16408.41763,1310422.81365,,1433220.00385,5070174.54887,0,125190.83504
2023-06-21,869377.47961,16408.41763,1433863.7555,,1537886.96879,5466807.71598,0,125190.83504
2023-06-22,868027.81667,16407.36749,1437653.66154,,1609199.76501,5033353.55042,0,125182.82282
2023-06-23,868508.97064,16406.56348,1504141.45861,,1545575.86688,5019105.32998,0,125151.6913
2023-06-24,869377.47961,16424.82605,1595587.62728,,1599106.67089,5278104.44066,0,125291.00087
2023-06-25,868151.14494,16408.41763,1598299.26873,,1555963.84152,5274989.56494,0,125165.83504
2023-06-26,867884.51269,16406.44862,1595713.64731,,1557225.65673,5321588.44333,0,122056.58021
2023-06-27,868508.97064,16457.64288,1589006.41774,,1542991.67487,5333885.84574,0,122391.98814
2023-06-28,868096.42888,16391.7959,1580739.15294,,1652976.81455,5846728.90929,0,121902.29816
2023-06-29,867613.53789,16394.58533,1578634.54265,,1593701.81496,5344967.92559,0,121923.04257
2023-06-30,868403.88105,16406.57989,1578041.01134,,1539686.2542,5368431.82569,0,122012.24351
2023-07-01,1670029.18741,16401.23074,1558766.21709,,1715146.88398,5378379.05275,0,121972.46306
2023-07-02,1670236.34665,16408.41763,1551751.76436,,1796317.33043,5872667.33879,0,122025.91041
2023-07-03,1670638.97064,16408.41763,1544812.97937,,1823478.43602,6032443.46044,0,122025.91041
2023-07-04,1670146.13214,16424.82605,1531101.49239,,1886942.90556,6241408.08825,0,122147.93632
2023-07-05,1669629.9047,16394.40484,1523685.114,,1563291.3277,6232278.79514,0,121921.70028
2023-07-06,1670638.97064,16403.4951,1470227.71073,,1508304.78499,6210037.99124,0,121989.30264
2023-07-07,1666562.61155,16407.25263,1486965.97519,,1385985.28656,5659896.87933,0,122017.24657
2023-07-08,1672309.60961,16408.41763,1483201.36518,,1424582.96374,5663170.62687,0,122025.91041
2023-07-09,1670617.25233,16408.15509,1479580.68002,,1440154.74344,5670623.31742,0,122023.95799
2023-07-10,1672309.60961,16457.64288,1457077.94758,,1391100.64773,5687707.66409,0,122391.98814
2023-07-11,1669021.79212,16406.67834,1503435.95958,,1425593.92377,5678833.70017,0,121971.07647
2023-07-12,1670638.97064,16407.9746,1501183.79903,,1435106.41032,5589762.56507,0,121879.8385
2023-07-13,1672309.60961,16403.26539,1502564.52803,,1382306.07222,5598504.59144,0,121844.85804
2023-07-14,1669522.98381,16384.64183,1500687.5124,,1584030.06168,5635489.35117,0,121706.52069
2023-07-15,1668913.20058,16402.60905,1639913.22757,,1463607.47144,5535051.89905,0,121839.98272
2023-07-16,1670638.97064,16408.41763,1631913.77094,,1480763.55785,5537708.17971,0,121226.34761
2023-07-17,1669516.30125,16395.29089,1788294.35073,,1429219.34476,5565575.4122,0,121129.36653
2023-07-18,1670612.24042,16408.41763,1848170.4748,,1449368.59729,5570553.1211,0,121226.34761
2023-07-19,1672309.60961,16424.82605,1848085.24073,,1390706.81957,5914820.44493,0,121347.57396
2023-07-20,1672309.60961,16399.88525,1859272.28809,,1369939.02304,5962466.8701,0,121163.30991
2023-07-21,1669604.84512,16405.77587,1915210.01548,,1365937.48911,5914760.68558,0,121206.83017
2023-07-22,1805651.33824,16402.16602,1970221.70368,,1393831.50964,5786141.75646,0,121180.16037
2023-07-23,1805891.54199,16394.14231,1967428.14775,,1345286.55023,5868415.48601,0,121120.88069
2023-07-24,1805913.21451,16396.48871,1966622.60644,,1363232.66663,5867501.76309,0,121138.21606
2023-07-25,1807849.29287,16406.87524,1913482.87638,,1284672.93476,5702739.0856,0,121714.90534
2023-07-26,1806016.15898,16408.41763,2008592.12826,,1275799.38602,5704492.90355,0,121726.34761
2023-07-27,1770116.15333,16408.41763,1914775.94835,,1285975.60881,5951635.36692,0,121726.34761
2023-07-28,1772079.42614,16406.6127,1893724.58357,,1316449.30662,5231334.1084,0,121712.95771
2023-07-29,1769416.88123,16408.41763,1881278.68428,,1315112.89051,6848864.51888,0,121726.34761
2023-07-30,1769963.90675,16408.41763,1868699.57294,,1303568.32984,6811920.2288,0,121726.34761
2023-07-31,1770309.11703,16401.77222,1780720.38783,,1290591.66453,4762796.85386,0,121716.34751
