Date,clearpool-borrowed,clearpool-Polygon-borrowed,clearpool-Ethereum-borrowed,clearpool-Ethereum,clearpool-Polygon,clearpool-Ethereum-staking,clearpool-staking
2022-04-11,,,,25412090.16443,,,
2022-04-12,,,,25449839.29453,,,
2022-04-13,,,,23762515.74742,,,
2022-04-14,32804432.77161,,32804432.77161,23735963.39242,,,
2022-04-15,34822846.32611,,34822846.32611,22890634.7658,,,
2022-04-16,36388913.07402,,36388913.07402,21965270.14935,,,
2022-04-17,38820666.04516,,38820666.04516,17660506.93908,,,
2022-04-18,37840954.07249,,37840954.07249,18790257.95105,,,
2022-04-19,37850183.7286,,37850183.7286,20922093.14286,,,
2022-04-20,36866367.25925,,36866367.25925,21725948.72508,,,
2022-04-21,38334261.56404,,38334261.56404,20277989.3786,,,
2022-04-22,38382143.81601,,38382143.81601,19099568.30186,,,
2022-04-23,38389728.84976,,38389728.84976,18797244.12059,,,
2022-04-24,38423514.84293,,38423514.84293,18799546.24572,,,
2022-04-25,38431930.63423,,38431930.63423,18864782.71551,,,
2022-04-26,38427286.46042,,38427286.46042,18531004.53039,,,
2022-04-27,38357170.78416,,38357170.78416,20840709.53744,,,
2022-04-28,38367473.95451,,38367473.95451,21345168.38186,,,
2022-04-29,38414688.39994,,38414688.39994,21234388.49639,,,
2022-04-30,38375359.21643,,38375359.21643,20958590.81898,,,
2022-05-01,38405764.39655,,38405764.39655,20970442.48,,,
2022-05-02,38436232.94518,,38436232.94518,21082619.337,,,
2022-05-03,38423750.0499,,38423750.0499,19564945.59958,,,
2022-05-04,38432459.19254,,38432459.19254,16316420.90088,,,
2022-05-05,38509611.43089,,38509611.43089,16917272.16287,,,
2022-05-06,38498221.70109,,38498221.70109,17150274.22084,,,
2022-05-07,38450874.22663,,38450874.22663,17322654.95862,,,
2022-05-08,38460031.07215,,38460031.07215,17323058.71953,,,
2022-05-09,38633539.88355,,38633539.88355,18748264.15278,,,
2022-05-10,38604028.5247,,38604028.5247,18196340.50724,,,
2022-05-11,33574807.20159,,33574807.20159,20784919.88528,,,
2022-05-12,33683265.17866,,33683265.17866,17698518.58347,,,
2022-05-13,17573390.27095,,17573390.27095,12956929.03837,,,
2022-05-14,14285620.66224,,14285620.66224,13258391.32741,,,
2022-05-15,13300157.64967,,13300157.64967,17217338.63511,,,
2022-05-16,13289684.65254,,13289684.65254,17200189.89145,,,
2022-05-17,8880138.71524,,8880138.71524,16760930.63731,,,
2022-05-18,0,,0,23456995.69978,,,
2022-05-19,3507969.93813,0,3507969.93813,17614721.10324,0,,
2022-05-20,15860390.03915,0,15860390.03915,11556589.27397,0,,
2022-05-21,15832739.06109,0,15832739.06109,15359172.06534,0,,
2022-05-22,15846050.45267,0,15846050.45267,16102194.40712,0,,
2022-05-23,18252345.3368,0,18252345.3368,18297090.42386,0,,
2022-05-24,25353613.41729,0,25353613.41729,22338038.71622,0,,
2022-05-25,25339487.43494,0,25339487.43494,20640283.49984,0,,
2022-05-26,25957936.11846,0,25957936.11846,20843590.43288,0,,
2022-05-27,27191854.86226,0,27191854.86226,19561420.97753,0,,
2022-05-28,29652622.72398,0,29652622.72398,17027034.5306,0,,
2022-05-29,29739810.72996,0,29739810.72996,16956305.1732,0,,
2022-05-30,29772355.50102,0,29772355.50102,17186910.32236,0,,
2022-05-31,30699113.26292,0,30699113.26292,16412065.64339,0,,
2022-06-01,30689069.59448,0,30689069.59448,17969036.16827,0,,
2022-06-02,33189216.05834,0,33189216.05834,16979317.65328,0,,
2022-06-03,34323121.60559,0,34323121.60559,16473608.96606,0,,
2022-06-04,34397582.48552,0,34397582.48552,16568268.27969,0,,
2022-06-05,34427928.47418,0,34427928.47418,16603834.40118,0,,
2022-06-06,34417335.60811,0,34417335.60811,17157552.82445,0,,
2022-06-07,35048161.92765,0,35048161.92765,15688708.79758,0,,
2022-06-08,35076745.25581,0,35076745.25581,15998287.87095,0,,
2022-06-09,35039571.70648,0,35039571.70648,16531922.89424,0,,
2022-06-10,35052978.91705,0,35052978.91705,18406010.71557,0,,
2022-06-11,37091203.35582,0,37091203.35582,18085380.36726,0,,
2022-06-12,36992750.79091,0,36992750.79091,18122173.48044,0,,
2022-06-13,37081947.76719,0,37081947.76719,18694665.60681,0,,
2022-06-14,40311162.55168,0,40311162.55168,10845806.6432,0,,
2022-06-15,39714794.51031,0,39714794.51031,12761811.76392,0,,
2022-06-16,22266192.02496,0,22266192.02496,10804640.20902,0,,
2022-06-17,23704728.87184,0,23704728.87184,14926390.18343,0,,
2022-06-18,24672966.70531,0,24672966.70531,13873666.76488,0,,
2022-06-19,24736495.4461,0,24736495.4461,13453693.44239,0,,
2022-06-20,24755734.49788,0,24755734.49788,14716466.18651,0,,
2022-06-21,24754586.43612,0,24754586.43612,14723403.32747,0,,
2022-06-22,24683742.60427,0,24683742.60427,14677982.807,0,,
2022-06-23,25300812.13958,0,25300812.13958,14084672.98253,0,,
2022-06-24,25323065.53643,0,25323065.53643,12576608.49997,0,,
2022-06-25,28436923.34201,0,28436923.34201,9536886.23678,0,,
2022-06-26,28409613.01338,0,28409613.01338,9526317.99802,0,,
2022-06-27,28361479.48935,0,28361479.48935,9507836.89849,0,,
2022-06-28,28996929.40959,0,28996929.40959,8863170.00332,0,,
2022-06-29,29095165.08104,0,29095165.08104,8971827.17163,0,,
2022-06-30,29104992.74725,0,29104992.74725,9171925.47656,0,,
2022-07-01,29432647.57385,0,29432647.57385,8407147.78049,0,,
2022-07-02,29879002.17295,0,29879002.17295,11580795.0791,0,,
2022-07-03,29844115.48908,0,29844115.48908,11564498.50406,0,,
2022-07-04,29870043.22521,0,29870043.22521,11576776.69193,0,,
2022-07-05,29878197.88967,0,29878197.88967,12683387.15161,0,,
2022-07-06,32070803.63117,0,32070803.63117,10397796.48606,0,,
2022-07-07,34531706.25885,0,34531706.25885,8170604.50386,0,,
2022-07-08,36730204.87985,0,36730204.87985,9596643.10787,0,,
2022-07-09,35914610.91801,0,35914610.91801,10607750.18875,0,,
2022-07-10,36259436.7233,0,36259436.7233,10436868.25357,0,,
2022-07-11,36259321.86909,0,36259321.86909,9859026.0491,0,,
2022-07-12,36249479.01211,0,36249479.01211,10844001.44555,0,,
2022-07-13,36367267.30741,0,36367267.30741,11885740.59069,0,,
2022-07-14,37171160.74027,0,37171160.74027,11054926.43796,0,,
2022-07-15,38833406.9775,0,38833406.9775,9398395.59105,0,,
2022-07-16,38672717.89074,0,38672717.89074,8528522.81794,0,,
2022-07-17,35382921.32448,0,35382921.32448,7835358.83777,0,,
2022-07-18,35389036.40902,0,35389036.40902,8136623.68107,0,,
2022-07-19,35612326.24646,0,35612326.24646,6548755.90728,0,,
2022-07-20,35072329.26411,0,35072329.26411,7174708.13457,0,,
2022-07-21,23330974.11727,0,23330974.11727,5138062.69386,0,,
2022-07-22,23124697.32826,0,23124697.32826,3597664.73276,0,,
2022-07-23,23483065.06989,0,23483065.06989,4033555.74324,0,,
2022-07-24,23280802.27727,0,23280802.27727,3609239.85731,0,,
2022-07-25,23280901.7517,0,23280901.7517,3847855.60983,0,,
2022-07-26,24703167.52003,0,24703167.52003,8300727.44006,0,,
2022-07-27,24716755.7994,0,24716755.7994,8249295.05619,0,,
2022-07-28,24719174.78833,0,24719174.78833,8242261.5799,30042.97387,,
2022-07-29,28361866.12053,4467678.6469,23894187.47363,5298607.56628,7665618.41313,,
2022-07-30,32133576.11175,8603466.93629,23530109.17546,5711573.98534,5525124.88563,,
2022-07-31,31383840.84859,7919445.10517,23464395.74342,6986711.49145,2670510.77767,,
2022-08-01,32067562.86557,7977924.45718,24089638.40839,6488665.16205,3209219.12878,,
2022-08-02,31002389.28261,9428680.89704,21573708.38558,4589635.62675,8522248.70434,,
2022-08-03,37213950.81828,15141639.17057,22072311.64771,3912339.44097,2867849.39096,,
2022-08-04,36440346.38704,14384856.64234,22055489.7447,4060672.44564,3206629.00004,,
2022-08-05,36443577.24572,14386267.65656,22057309.58916,4075943.02127,4346146.82168,,
2022-08-06,36413189.28878,14374460.84333,22038728.44545,3910087.84006,4569322.11478,,
2022-08-07,36863699.90173,14831046.07586,22032653.82587,4218485.21233,3899927.88764,,
2022-08-08,37049436.96749,15037750.18464,22011686.78285,4249245.77288,4920714.69592,,
2022-08-09,37879134.26196,17236529.17661,20642605.08535,3581991.50093,4718982.68462,,
2022-08-10,38662862.36941,18043828.60374,20619033.76566,3577014.71569,3576029.14815,,
2022-08-11,40485170.30968,20085575.88168,20399594.42801,3796493.44862,4383939.54318,,
2022-08-12,40470916.05832,20098289.05767,20372627.00065,3670917.15428,4362757.0572,,
2022-08-13,41880690.38971,21488106.18397,20392584.20574,3873745.28069,4432352.23962,,
2022-08-14,42110187.16439,21510287.68201,20599899.48238,3805373.57321,4024301.91974,,
2022-08-15,42029609.1949,21469135.34326,20560473.85164,3578880.91654,3890087.94253,,
2022-08-16,43625516.97617,23019321.55834,20606195.41783,4737534.84026,4317143.32786,,
2022-08-17,43099227.29038,22603749.16585,20495478.12453,5085561.16896,4321260.29084,,
2022-08-18,43109786.7199,22609067.43507,20500719.28483,5884136.40529,4394939.92045,,
2022-08-19,43729642.82166,22624108.8911,21105533.93057,5395648.09138,4987781.07011,,
2022-08-20,45954149.02158,23114937.90139,22839211.12019,4549247.97714,4900903.23319,,
2022-08-21,46181018.78703,23152535.27474,23028483.5123,4373720.56442,5057483.3675,,
2022-08-22,46084883.29332,23027547.23441,23057336.05891,4400308.07717,5673623.46131,,
2022-08-23,45969798.42502,22970298.11415,22999500.31086,4356359.42771,6426571.77416,,
2022-08-24,47637720.59911,24200893.77242,23436826.82669,5036922.90232,5780964.22994,,
2022-08-25,47867004.43335,24273852.22194,23593152.21141,5300991.6072,6084232.55343,,
2022-08-26,48198607.32616,24545839.85022,23652767.47594,5934209.64955,6153535.42798,,
2022-08-27,48008573.00962,24727289.90005,23281283.10957,5825933.17384,6312685.01203,,
2022-08-28,47869378.08238,24655624.29932,23213753.78306,5900736.85483,6609371.49938,,
2022-08-29,48272047.41802,24667309.96301,23604737.45501,6109531.60604,6627890.09658,,
2022-08-30,49536041.17156,25488086.52996,24047954.6416,6704265.97177,5854407.85603,,
2022-08-31,51575283.56931,25468002.20358,26107281.36572,4867189.59666,5646973.06325,,
2022-09-01,51491385.89841,25426793.65069,26064592.24772,5264176.83737,5680412.42414,,
2022-09-02,51597864.53145,25479582.66688,26118281.86457,5424203.84996,6145290.51576,,
2022-09-03,56121800.89947,25490223.26567,30631577.63379,6057849.35394,6933676.1268,,
2022-09-04,56248537.67408,25548109.81359,30700427.8605,6070587.11261,6674307.61635,,
2022-09-05,56151688.77868,25504483.47834,30647205.30034,6079921.6387,6767831.79103,,
2022-09-06,55736528.29218,27332011.99912,28404516.29306,5432420.64451,4785796.48407,,
2022-09-07,56112868.11779,27230067.14718,28882800.97061,6139723.7025,4910696.21926,,
2022-09-08,56668861.62199,27234176.38721,29434685.23478,5697249.99839,5061378.96893,,
2022-09-09,56683332.57711,27241156.37413,29442176.20297,5714303.84717,5074391.70988,,
2022-09-10,56697854.3092,27248190.77018,29449663.53903,5612574.43161,5177932.48651,,
2022-09-11,56284183.2448,26827032.05296,29457151.19184,5672896.55487,5027679.59405,,
2022-09-12,56756684.07524,27284683.83383,29472000.24141,5686626.73904,5303722.39208,,
2022-09-13,59113456.09016,29625718.6287,29487737.46146,6200635.97932,6299258.85062,,
2022-09-14,60297275.47571,30506429.51554,29790845.96017,6270164.78176,5567459.01408,,
2022-09-15,60817773.5422,30549783.3844,30267990.1578,5557967.51861,6510162.24636,,
2022-09-16,63160464.60734,31624406.17126,31536058.43607,10898874.62749,5519896.77382,,
2022-09-17,64412614.7002,31665231.06763,32747383.63257,14462618.39148,7100446.24907,,
2022-09-18,61615821.47608,31219669.00115,30396152.47493,12492523.20375,8138102.00928,,
2022-09-19,61508393.50301,31165011.54643,30343381.95658,14586942.8587,8375058.2978,,
2022-09-20,71515103.38246,33924920.38835,37590182.99412,7413042.25745,6326521.47878,,
2022-09-21,65090346.34915,28773069.73482,36317276.61434,2930715.15848,4346750.81438,,
2022-09-22,48660898.13866,25784575.45757,22876322.68109,7336364.36808,10000641.13371,,
2022-09-23,61755156.2922,32091459.4298,29663696.8624,3904448.80419,5943199.34905,,
2022-09-24,60958217.07618,32150148.78993,28808068.28625,6160792.24682,6144645.71937,,
2022-09-25,61503417.20696,32126598.21112,29376818.99584,6497620.66617,6372743.6662,,
2022-09-26,63210161.96948,32442238.75648,30767923.213,7616143.73971,6847925.35545,,
2022-09-27,64870828.63222,32809228.63549,32061599.99673,8028809.9596,6609831.67526,,
2022-09-28,68499211.15995,34194290.05942,34304921.10053,7170172.4651,6237802.52827,,
2022-09-29,69753049.86005,35284518.69264,34468531.16741,6454029.5964,5872451.05831,,
2022-09-30,69255667.90467,35364731.37801,33890936.52666,6437755.61482,6463875.21787,,
2022-10-01,76465126.31925,40053515.66525,36411610.654,7441114.50707,8028360.97506,,
2022-10-02,77859304.63599,40534932.09304,37324372.54295,8401208.51047,8314444.11521,,
2022-10-03,78342981.65772,40474205.93061,37868775.72711,8151781.67818,10904478.65859,,
2022-10-04,79526846.5714,41371755.59322,38155090.97819,11227365.09318,11723664.694,,
2022-10-05,86316968.29393,43834715.33809,42482252.95584,7709473.23641,10024894.93361,,
2022-10-06,87497798.54579,45010327.48655,42487471.05924,8476976.24099,13256596.20198,,
2022-10-07,85003979.30425,42269157.32011,42734821.98415,9030033.90634,12229748.76739,,
2022-10-08,85234979.99827,42086686.11605,43148293.88223,10493328.83084,8695101.7377,,
2022-10-09,83269481.51305,41215815.69234,42053665.82071,12560865.03004,9202471.2408,,
2022-10-10,84824355.38992,41418602.52736,43405752.86256,10015618.07356,9197823.79271,,
2022-10-11,82851557.04515,39440859.07627,43410697.96888,11323108.35348,9801172.02476,,
2022-10-12,83397268.21482,39610071.91578,43787196.29904,10920147.72847,9875710.58292,,
2022-10-13,83239222.82769,39288240.77278,43950982.05491,11654387.80103,9329118.87268,,
2022-10-14,82566475.36892,39038458.01143,43528017.35749,9668171.1433,7263950.02939,,
2022-10-15,82093167.17256,38683768.12534,43409399.04723,10135863.35308,7140312.22704,,
2022-10-16,82152211.50821,38712167.9251,43440043.5831,8357142.23461,7112740.06066,,
2022-10-17,81463878.80831,38518169.85297,42945708.95534,7290653.95583,8639743.80587,,
2022-10-18,80626998.53976,38898282.9445,41728715.59526,7929802.22791,6091117.58615,,
2022-10-19,79773421.34748,38597825.36076,41175595.98672,6627107.35192,6322481.54504,12183745.05619,12183745.05619
2022-10-20,78075040.99226,37501828.8107,40573212.18155,7264032.81252,6581317.41797,12019331.67446,12019331.67446
2022-10-21,76787686.13124,36905844.33479,39881841.79645,7151479.22546,6312610.04941,11268519.78427,11268519.78427
2022-10-22,75884052.01392,36602517.16577,39281534.84814,8764973.77884,6579042.03375,10742121.12957,10742121.12957
2022-10-23,75828068.75437,36575770.8065,39252297.94786,8271535.1658,6718927.21092,10250410.93565,10250410.93565
2022-10-24,75817939.97251,36571226.83895,39246713.13357,8291273.25958,6543108.29721,10104377.37854,10104377.37854
2022-10-25,75755480.031,36443881.66991,39311598.36109,8679860.23236,6853057.98137,9686105.16141,9686105.16141
2022-10-26,76182030.60309,36899643.46399,39282387.1391,8236316.35056,7118976.37122,11318978.36137,11318978.36137
2022-10-27,77977514.13219,38685096.66629,39292417.46591,8495621.71702,5405084.43543,10234526.39536,10234526.39536
2022-10-28,77636925.07264,39004872.22381,38632052.84883,8081901.28521,6081916.77321,9572510.00563,9572510.00563
2022-10-29,78413720.5383,39845201.61589,38568518.92241,10213938.24018,6589080.14622,9608005.26828,9608005.26828
2022-10-30,78156972.92326,39542350.19559,38614622.72766,10273425.9801,7115846.14971,9546938.33989,9546938.33989
2022-10-31,78666675.74071,40046979.59423,38619696.14648,10375808.49422,6748800.89483,9300584.47418,9300584.47418
2022-11-01,83197093.68958,42827652.59051,40369441.09908,10198164.80312,6125661.82756,8577084.41462,8577084.41462
2022-11-02,83282258.48873,42871791.10432,40410467.38441,10241053.77586,6817451.30068,8012176.9538,8012176.9538
2022-11-03,83867335.40525,42883332.89901,40984002.50624,10268953.40027,6445998.40978,7540105.51734,7540105.51734
2022-11-04,82910259.17426,42895464.52736,40014794.6469,10393645.98181,6055360.74098,7775071.79939,7775071.79939
2022-11-05,81629417.91853,41461359.05197,40168058.86656,9204433.08792,6904204.14391,7816478.30002,7816478.30002
2022-11-06,82328084.71473,41571805.3658,40756279.34893,10063247.35309,6404004.96125,8573163.05341,8573163.05341
2022-11-07,80706987.8579,41430655.782,39276332.07589,7323722.43053,4724927.04362,8425472.88037,8425472.88037
2022-11-08,72472083.26714,38986134.01866,33485949.24848,6026795.36255,4712670.65381,8282750.7193,8282750.7193
2022-11-09,47675697.0625,25717491.29543,21958205.76707,5926338.29924,3200918.79137,6624681.19733,6624681.19733
2022-11-10,30965670.98647,19973668.90637,10992002.0801,9653021.70639,4188061.31479,4616367.43365,4616367.43365
2022-11-11,32083744.93985,16333510.87549,15750234.06436,4373679.08623,4603592.15259,5685194.74184,5685194.74184
2022-11-12,27334603.60459,13808266.81577,13526336.78883,9602241.46435,3910437.48013,5081625.75015,5081625.75015
2022-11-13,8347462.50594,1272596.61385,7074865.89208,9111604.74948,2116802.52857,4771401.42494,4771401.42494
2022-11-14,8344813.37256,1272272.90657,7072540.46599,8676315.85927,2324340.88131,4668937.96147,4668937.96147
2022-11-15,10608425.33386,1274309.46994,9334115.86392,5225927.64883,394051.05376,4227169.17037,4227169.17037
2022-11-16,16802793.5991,1248847.76347,15553945.83563,8336363.47591,219367.36662,5196388.16221,5196388.16221
2022-11-17,16047072.49755,504081.34612,15542991.15143,7143573.64617,902020.07404,4927618.31169,4927618.31169
2022-11-18,13287737.41521,503847.9216,12783889.49361,7704285.96153,226063.05983,5072829.6423,5072829.6423
2022-11-19,13333207.40377,505736.98589,12827470.41788,7704042.62102,181607.27567,5000866.00805,5000866.00805
2022-11-20,13324314.76204,505556.82283,12818757.93922,10458872.96126,177896.28313,4771126.95425,4771126.95425
2022-11-21,13329309.27869,505881.95665,12823427.32204,8576164.96934,165216.54457,4635094.73968,4635094.73968
2022-11-22,13334419.3624,506207.76305,12828211.59935,7274139.75699,150509.49393,4408078.79678,4408078.79678
2022-11-23,17442886.54441,507039.97787,16935846.56654,4881926.42422,148994.72256,4482051.79086,4482051.79086
2022-11-24,17429760.62227,484305.23565,16945455.38662,5959049.37742,145356.00809,4932354.29635,4932354.29635
2022-11-25,13918238.42145,484133.3671,13434105.05435,5143546.49051,140546.50168,4786487.21847,4786487.21847
2022-11-26,9160207.30553,483916.83172,8676290.47381,9887370.79467,139846.46733,4708258.15197,4708258.15197
2022-11-27,9174360.47626,484757.13079,8689603.34547,10219515.93515,139999.05371,4558593.29123,4558593.29123
2022-11-28,9153923.80218,461045.31616,8692878.48602,6013452.27145,139678.88325,4685123.08655,4685123.08655
2022-11-29,9157779.13739,461341.58829,8696437.54911,8155371.19833,139944.90949,4522825.02057,4522825.02057
2022-11-30,9207568.20249,463943.83202,8743624.37047,8501617.94426,140643.94246,4815897.23184,4815897.23184
2022-12-01,9184156.07181,462857.72134,8721298.35048,8391159.72241,139294.98688,4845292.84971,4845292.84971
2022-12-02,9197436.75852,463616.9067,8733819.85182,10675093.62404,136953.80229,4924276.9982,4924276.9982
2022-12-03,9131683.06595,431902.57527,8699780.49068,10225767.24774,135266.79941,4824586.47005,4824586.47005
2022-12-04,9138264.27025,432294.46263,8705969.80762,10224194.91356,134291.93894,4585537.9758,4585537.9758
2022-12-05,9161579.90494,433478.1755,8728101.72944,10248522.43697,134515.19129,4543019.3461,4543019.3461
2022-12-06,9156587.50671,433323.63044,8723263.87627,9186566.4912,134380.94459,4521174.58215,4521174.58215
2022-12-07,9145041.08713,432860.85433,8712180.2328,9252759.006,134075.10106,4561530.2223,4561530.2223
2022-12-08,9141842.93749,410852.33371,8730990.60378,9278637.26405,134294.457,4434664.28012,4434664.28012
2022-12-09,9130377.99489,410415.19671,8719962.79818,8074687.12055,123932.25071,4443257.22782,4443257.22782
2022-12-10,2400654.64051,410808.50438,1989846.13613,12293080.11942,84405.55657,4972559.74485,4972559.74485
2022-12-11,2402251.31089,411081.77317,1991169.53772,8923578.76252,84407.32978,4902457.99032,4902457.99032
2022-12-12,2304420.7395,411500.17261,1892920.56689,8467047.33867,84388.73511,5141577.70513,5141577.70513
2022-12-13,2284379.11745,390757.7874,1893621.33006,8199221.58423,84155.29555,5123382.25797,5123382.25797
2022-12-14,2284551.76579,390869.57958,1893682.18621,8186291.86247,68325.58878,5143699.89475,5143699.89475
2022-12-15,2286180.31254,391230.72229,1894949.59025,7093153.42665,68390.29847,5114414.47754,5114414.47754
2022-12-16,2289626.62494,391903.72652,1897722.89842,4302539.01883,68463.82355,5108856.23162,5108856.23162
2022-12-17,2290615.44173,392156.66319,1898458.77854,4299070.77362,67653.2538,4847734.30375,4847734.30375
2022-12-18,2269305.38091,372007.91748,1897297.46342,4228602.3599,67518.16591,4634967.05262,4634967.05262
2022-12-19,2270255.08904,372243.02584,1898012.0632,4226958.74495,67517.52321,4557204.94628,4557204.94628
2022-12-20,2271282.28879,372486.77079,1898795.518,4221508.22521,67518.26591,4625039.28947,4625039.28947
2022-12-21,2270389.0063,372415.12815,1897973.87815,4217772.14734,67461.82064,4885097.71099,4885097.71099
2022-12-22,2277843.5607,373713.1003,1904130.4604,4229743.75741,67663.14038,4727388.83092,4727388.83092
2022-12-23,2257550.49956,354551.81894,1902998.68061,4225381.87201,67522.62338,4700416.60195,4700416.60195
2022-12-24,2256294.25522,354425.30442,1901868.95079,4222266.16662,67355.03014,4603511.91209,4603511.91209
2022-12-25,2259551.7012,355008.07336,1904543.62784,4228469.99933,67422.38518,4723211.03384,4723211.03384
2022-12-26,2262811.11778,355591.35673,1907219.76105,4232944.21212,67489.74021,4623065.84117,4623065.84117
2022-12-27,2261556.75945,355464.80556,1906091.9539,4228720.8041,67422.38518,4706330.45682,4706330.45682
2022-12-28,2240762.27848,337098.02374,1903664.25474,4167070.77308,67251.71883,4874777.30472,4874777.30472
2022-12-29,2243285.77083,337544.82781,1905740.94302,4169915.65469,67297.70163,4635525.54137,4635525.54137
2022-12-30,2244284.90414,337761.50139,1906523.40275,4167156.59293,62261.03398,4596307.3774,4596307.3774
2022-12-31,2245284.18879,337978.21761,1907305.97118,4167156.59293,62261.03398,4442517.55713,4442517.55713
2023-01-01,2248529.74938,338533.12124,1909996.62814,4171323.74952,62323.29501,4339187.87065,4339187.87065
2023-01-02,2230044.84379,321360.80513,1908684.03866,4166748.21158,62341.72408,4202801.28216,4202801.28216
2023-01-03,2231270.86649,321598.85845,1909672.00803,4167156.59293,62347.83417,4223278.44354,4223278.44354
2023-01-04,2232278.29876,321805.3764,1910472.92236,4158800.02442,62347.83417,4372297.69234,4372297.69234
2023-01-05,2235549.34729,322333.99859,1913215.3487,4158881.54319,62410.18201,4392641.18219,4392641.18219
2023-01-06,2236589.88537,322541.96924,1914047.91613,4158881.54319,62460.52292,4543115.86312,4543115.86312
2023-01-07,2218887.00905,305919.493,1912967.51605,4154726.81637,62162.70752,4410083.10369,4410083.10369
2023-01-08,2222141.48221,306422.24614,1915719.23607,4158631.24586,62323.30058,4353775.99605,4353775.99605
2023-01-09,2220963.92764,306313.37762,1914650.55003,4154476.76909,62311.95464,4456733.19562,4456733.19562
2023-01-10,2224231.25281,306817.1755,1917414.07731,4158786.85153,55363.99516,4985994.01438,4985994.01438
2023-01-11,2220479.51553,306352.78607,1914126.72946,4148310.63418,55234.5953,4776423.60248,4776423.60248
2023-01-12,2226263.58631,293729.03618,1932534.55013,4183833.89863,55539.60881,4846497.52494,4846497.52494
2023-01-13,2211840.8206,291876.60229,1919964.2183,4154779.49656,55153.91708,4948796.25034,4948796.25034
2023-01-14,2215088.89491,292355.73424,1922733.16067,4158930.12543,55221.6167,5335983.00717,5335983.00717
2023-01-15,2216120.01368,292543.92384,1923576.08984,4168950.12542,55430.28902,5665515.23377,5665515.23377
2023-01-16,2221561.66145,293316.81159,1928244.84987,4177270.18351,55625.12957,5627866.24,5627866.24
2023-01-17,2199729.34978,278326.08524,1921403.26454,4160627.67282,55232.71178,5357928.24921,5357928.24921
2023-01-18,2199818.34368,278387.28981,1921431.05387,4158746.56169,55210.4753,5166931.68993,5166931.68993
2023-01-19,2201372.97766,278634.18796,1922738.78971,4159757.56476,55223.89713,5096763.34536,5096763.34536
2023-01-20,2202372.01488,278810.62073,1923561.39416,4159715.95895,55223.34479,5029025.46949,5029025.46949
2023-01-21,2202520.4032,278883.75011,1923636.65309,4181216.63344,55205.40427,5480197.35763,5480197.35763
2023-01-22,2195089.4804,265746.49226,1929342.98814,4201453.71218,55226.36249,5597398.66202,5597398.66202
2023-01-23,2193833.70089,265652.01792,1928181.68298,4197260.6446,55171.30642,5496416.84805,5496416.84805
2023-01-24,2192576.19306,265557.34209,1927018.85097,4193067.57702,55116.19023,5902553.61424,5902553.61424
2023-01-25,2191536.99477,265491.55295,1926045.44182,4200175.09127,55070.70764,6004171.75694,6004171.75694
2023-01-26,2186525.05218,264944.70599,1921580.3462,4189920.56751,54894.89947,5976698.50267,5976698.50267
2023-01-27,2182310.27032,253063.89638,1929246.37394,4205016.57702,55081.67126,5820180.77356,5820180.77356
2023-01-28,2183245.37272,253226.28673,1930019.08599,4181326.69504,55081.67126,5967803.48874,5967803.48874
2023-01-29,2186367.38131,253642.36074,1932725.02057,4185508.02174,55062.20086,5691413.94541,5691413.94541
2023-01-30,2184491.20095,253478.01861,1931013.18234,4180122.47295,56413.60897,6075797.57377,6075797.57377
2023-01-31,2188249.95771,253967.33398,1934282.62373,4185508.02174,55697.48016,5719441.58386,5719441.58386
2023-02-01,2039811.61885,215048.43707,1824763.18178,4295618.02174,54677.95764,6077282.10036,6077282.10036
2023-02-02,2036009.17189,214714.30398,1821294.86791,4286189.97699,54557.95017,6225343.72529,6225343.72529
2023-02-03,2041175.39878,215324.75461,1825850.64417,777411.03162,54677.95764,6784965.35578,6784965.35578
2023-02-04,2041852.23545,215463.35453,1826388.88092,777411.03162,54677.95764,6663460.14232,6663460.14232
2023-02-05,2039595.31805,215292.62242,1824302.69562,776294.23136,54601.40841,6507839.49633,6507839.49633
2023-02-06,2030113.57451,204501.2444,1825612.33012,776395.57054,65775.88704,6349923.69712,6349923.69712
2023-02-07,2032827.23475,204822.58229,1828004.65246,796688.23504,54807.90553,7550213.25158,7550213.25158
2023-02-08,2028423.40466,204442.77814,1823980.62651,774730.01564,54671.13216,7890622.89477,7890622.89477
2023-02-09,2032136.84719,204881.26161,1827255.58557,790892.30231,54614.67061,6991989.96891,6991989.96891
2023-02-10,2032807.59698,205013.15388,1827794.44309,780892.30169,54614.67061,6482848.8487,6482848.8487
2023-02-11,2033464.50114,205131.0557,1828333.44544,774687.09322,61136.47205,6581201.32579,6581201.32579
2023-02-12,2009075.63218,180203.13522,1828872.49696,774687.09322,80499.87127,6842645.53429,6842645.53429
2023-02-13,2000534.11524,179439.07167,1821095.04357,771165.3657,99251.52256,6800179.43202,6800179.43202
2023-02-14,2023091.93406,193324.97368,1829766.96038,769578.07024,54603.56207,6507968.34292,6507968.34292
2023-02-15,2023968.58823,193469.30157,1830499.28666,769658.11468,54609.24143,7793222.71843,7793222.71843
2023-02-16,2028684.21598,193980.836,1834703.37998,670941.59231,54718.45992,7517007.51502,7517007.51502
2023-02-17,2022775.99725,193476.75749,1829299.23976,674935.4799,54541.14371,7973671.52217,7973671.52217
2023-02-18,2025968.22196,193843.08784,1832125.13412,675778.17529,54609.24143,9210944.03245,9210944.03245
2023-02-19,1997168.60734,165344.58999,1831824.01735,675467.31733,82631.92033,9449834.34957,9449834.34957
2023-02-20,1998191.50946,165429.58161,1832761.92786,678998.45923,87349.46199,9388479.67348,9388479.67348
2023-02-21,1996384.43385,165280.79234,1831103.64151,678183.46222,53984.72931,8201045.76731,8201045.76731
2023-02-22,1999702.27232,165608.20837,1834094.06395,679090.14639,54056.90314,8063719.28217,8063719.28217
2023-02-23,2000130.92439,165696.25377,1834434.67062,703231.43243,54050.95623,7298174.7772,7298174.7772
2023-02-24,1964293.03974,130693.96977,1833599.06997,702703.18994,54067.04505,7306957.21871,7306957.21871
2023-02-25,1950755.1568,115835.29423,1834919.86257,703001.42538,53493.39744,7779794.54621,7779794.54621
2023-02-26,1952281.97504,115963.72797,1836318.24707,703329.20301,53518.33898,7472945.60817,7472945.60817
2023-02-27,1955010.80256,116163.52906,1838847.2735,671131.90979,53582.14941,7215011.75222,7215011.75222
2023-02-28,1955633.5224,116238.06335,1839395.45904,670616.11525,53582.14941,7271928.74531,7271928.74531
2023-03-01,1964072.59017,116777.37972,1847295.21046,673295.89993,53796.26389,7655893.93381,7655893.93381
2023-03-02,1937920.36783,99269.75989,1838650.60794,679713.58124,70560.35218,7427313.55155,7427313.55155
2023-03-03,1940448.87566,99413.41792,1841035.45774,680393.29482,53340.21157,7925237.39534,7925237.39534
2023-03-04,1938476.06415,99344.94345,1839131.12069,679537.89973,53218.1617,7702007.97967,7702007.97967
2023-03-05,1941667.65342,99539.79731,1842127.85611,680443.34482,55290.47127,7698096.49917,7698096.49917
2023-03-06,1940333.88243,99500.66035,1840833.22208,679763.58124,55239.13255,7774216.16256,7774216.16256
2023-03-07,1940940.03707,99561.16145,1841378.87561,679763.58124,55194.05097,7908327.22993,7908327.22993
2023-03-08,1932388.77004,86780.39184,1845608.3782,681123.1084,58853.27215,8032561.77496,8032561.77496
2023-03-09,1929117.3716,86647.18892,1842470.18268,679763.58124,58408.08148,9203443.01931,9203443.01931
2023-03-10,2058830.35971,86861.0507,1971969.30901,724108.9084,58446.29488,7745250.22274,7745250.22274
2023-03-11,2074658.29043,86077.27033,1988581.0201,723959.08043,57892.80081,7156323.02209,7156323.02209
2023-03-12,2011893.23345,83488.55912,1928404.67433,677837.41617,54676.61167,6926062.81597,6926062.81597
2023-03-13,2075265.19538,86137.27609,1989127.91929,705409.62341,56383.18858,7222109.28499,7222109.28499
2023-03-14,2080082.64174,77262.23125,2002820.41049,710054.42866,66247.48444,7336204.51006,7336204.51006
2023-03-15,2089658.08631,77617.5654,2012040.52092,769309.03917,66537.60837,7666191.74226,7666191.74226
2023-03-16,2594491.9811,77717.94722,2516774.03388,770076.04719,66602.9496,7310242.46782,7310242.46782
2023-03-17,2595278.88931,77742.02465,2517536.86466,770076.04719,63341.90275,6997066.49221,6997066.49221
2023-03-18,2596057.97519,77766.13935,2518291.83584,780116.47803,63567.99568,7136467.48588,7136467.48588
2023-03-19,2599421.07746,77867.6045,2521553.47295,780893.48648,63627.44459,7396466.91784,7396466.91784
2023-03-20,2597613.39209,77814.20534,2519799.18674,780116.47803,63564.4341,7315202.98359,7315202.98359
2023-03-21,2600953.76088,77915.02944,2523038.73144,785805.92648,63728.25415,7243847.01978,7243847.01978
2023-03-22,2646733.56994,77784.19355,2568949.37639,774273.6143,65225.13306,7166276.93099,7166276.93099
2023-03-23,2652818.54036,77962.51212,2574856.02824,779837.52978,65031.22437,6846062.615,6846062.615
2023-03-24,2740248.81347,77575.82872,2662672.98475,785178.6795,64689.95604,6920678.1952,6920678.1952
2023-03-25,2755578.03529,78009.11237,2677568.92292,789515.66248,65032.22937,6711907.66464,6711907.66464
2023-03-26,2761884.12708,78187.02436,2683697.10272,791086.83793,65162.65375,6634150.55764,6634150.55764
2023-03-27,2742496.87961,77637.79771,2664859.0819,797801.66295,64445.57425,6514420.68569,6514420.68569
2023-03-28,2743125.66102,77655.46752,2665470.1935,797743.40164,64494.25924,6287739.65469,6287739.65469
2023-03-29,2747952.50477,77791.97694,2670160.52783,798898.25256,64710.99585,6206856.36809,6206856.36809
2023-03-30,2748777.40074,77814.61261,2670962.78814,778778.00134,64710.99585,6456096.0038,6456096.0038
2023-03-31,2849838.84901,77994.10301,2771844.74601,870212.70441,65241.48855,6858811.92117,6858811.92117
2023-04-01,2886793.32145,77783.89028,2809009.43117,930249.19164,63941.42259,6732295.34038,6732295.34038
2023-04-02,2890394.62456,77885.30618,2812509.31838,937215.74285,64005.83871,6627317.57952,6627317.57952
2023-04-03,2891278.30014,77908.71119,2813369.58895,940992.34062,64005.83871,6612691.46969,6612691.46969
2023-04-04,2908412.03753,77931.93784,2830480.09969,845103.14168,64718.87745,6587848.6527,6587848.6527
2023-04-05,2903753.12175,77801.69372,2825951.42803,956244.68615,64643.30916,6622321.41744,6622321.41744
2023-04-06,3009018.18021,78056.1815,2930961.99871,863017.65668,64960.7362,6721556.03599,6721556.03599
2023-04-07,3267035.34351,78001.42192,3189033.92159,966534.0779,65337.60768,6609317.5137,6609317.5137
2023-04-08,3268018.08621,78024.52956,3189993.55665,951283.35704,65350.5806,6876207.72014,6876207.72014
2023-04-09,3266300.41052,77969.67368,3188330.73684,927091.34753,65372.80725,6679146.42112,6679146.42112
2023-04-10,3380900.74343,78148.75431,3302751.98912,983680.02357,65495.46381,6659732.08547,6659732.08547
2023-04-11,3370457.44587,77842.58676,3292614.85912,978272.04346,65210.16307,6680173.50272,6680173.50272
2023-04-12,3770737.47911,78016.43757,3692721.04154,1009617.19838,65368.79518,6417757.43955,6417757.43955
2023-04-13,3770937.82558,78014.80767,3692923.01791,998823.92467,65359.08387,6403048.9533,6403048.9533
2023-04-14,3782251.76954,78241.72354,3704010.046,1000427.28762,65529.70963,6658874.13576,6658874.13576
2023-04-15,3779702.0358,78186.87979,3701515.15602,887067.52418,65338.9291,6833278.65988,6833278.65988
2023-04-16,3706482.5618,78132.01031,3628350.5515,955885.88181,65220.82963,7097533.87111,7097533.87111
2023-04-17,3706274.63676,78140.56067,3628134.07608,960598.71728,65233.61163,7418184.38874,7418184.38874
2023-04-18,3711645.09085,78256.67879,3633388.41207,1016764.42031,66475.22462,7170304.95979,7170304.95979
2023-04-19,6416645.91509,78172.4169,6338473.49819,1464066.36999,66290.48676,7141501.72242,7141501.72242
2023-04-20,6415726.85525,78156.38193,6337570.47332,1473385.0591,66258.19558,6821466.12705,6821466.12705
2023-04-21,6419864.41756,78221.23847,6341643.17908,1473822.80269,66294.97536,6581682.26985,6581682.26985
2023-04-22,6424376.62196,78269.68778,6346106.93418,1498213.98233,66176.47682,6461461.1096,6461461.1096
2023-04-23,6519561.99183,78294.74413,6441267.24771,1600020.56924,66173.98895,6445917.09062,6445917.09062
2023-04-24,6497786.43661,77976.76871,6419809.66791,1627653.43497,65885.66889,6263427.90506,6263427.90506
2023-04-25,6507554.04696,67281.3502,6440272.69676,1598505.79966,63729.57298,6293948.95601,6293948.95601
2023-04-26,6510705.92663,67315.53105,6443390.39557,1593317.38269,63742.90414,6247728.27974,6247728.27974
2023-04-27,5851533.82265,67353.81656,5784180.0061,2755835.32027,54224.52465,6286040.92607,6286040.92607
2023-04-28,6988140.10133,0.01619,6988140.08514,2406081.35147,120344.21425,6538120.41514,6538120.41514
2023-04-29,7960271.07943,0.01619,7960271.06324,2282217.41992,120308.06475,6787516.63207,6787516.63207
2023-04-30,7973972.81195,0.01622,7973972.79573,3246526.79351,120484.42558,7486429.52849,7486429.52849
2023-05-01,7911036.94238,0.01622,7911036.92615,3307372.12843,120426.0771,7716677.88417,7716677.88417
2023-05-02,9242337.62229,0.01624,9242337.60605,1903852.56757,120231.51186,7111884.09186,7111884.09186
2023-05-03,9250557.45271,0.01623,9250557.43649,1910577.77485,119864.64374,7747282.37572,7747282.37572
2023-05-04,9197973.1409,0.01627,9197973.12463,1990934.99422,120149.29234,7921189.92064,7921189.92064
2023-05-05,10498088.22725,0.01626,10498088.21099,2170798.26236,116417.04935,7750403.11501,7750403.11501
2023-05-06,10521582.59131,0.0163,10521582.57501,2174987.00512,116629.3973,7601032.91657,7601032.91657
2023-05-07,10524916.46348,0.01631,10524916.44717,2174987.00512,116629.3973,7392191.0493,7392191.0493
2023-05-08,10403054.96983,0.01624,10403054.95359,2249653.36808,116069.64603,7387163.56659,7387163.56659
2023-05-09,10272889.09271,0.01628,10272889.07643,2208023.85613,116307.68838,6955492.06084,6955492.06084
2023-05-10,11102181.07153,0.0163,11102181.05523,2382350.52565,116341.74889,6603175.1354,6603175.1354
2023-05-11,11079884.96187,0.01626,11079884.94561,2376587.91225,116012.6024,6451890.59706,6451890.59706
2023-05-12,11943011.99315,0.01633,11943011.97681,2048614.25853,114966.72927,6499407.54705,6499407.54705
2023-05-13,11950231.74444,0.01634,11950231.7281,2049135.76117,87592.37931,6302870.2168,6302870.2168
2023-05-14,11951592.93833,0.01635,11951592.92198,2057341.1662,87596.61205,6334861.12207,6334861.12207
2023-05-15,11561721.92577,0.01634,11561721.90943,3844119.58472,87477.96755,6507265.74804,6507265.74804
2023-05-16,13859735.18929,0.01634,13859735.17294,3368284.47445,87446.79266,6561542.26799,6561542.26799
2023-05-17,13862413.86364,0.01635,13862413.84728,3380014.97442,87123.30979,6377074.18642,6377074.18642
2023-05-18,13858894.10312,0.01634,13858894.08677,3439322.71906,87041.41388,6181732.52168,6181732.52168
2023-05-19,13873236.29408,0.01637,13873236.27772,3504552.67383,87123.30979,5955037.7016,5955037.7016
2023-05-20,13877408.24662,0.01637,13877408.23025,3507160.75446,86964.98202,5899543.74481,5899543.74481
2023-05-21,13905274.48507,0.0164,13905274.46867,3485499.72788,86619.69574,5897845.78608,5897845.78608
2023-05-22,13910029.46797,0.01642,13910029.45155,3490556.83793,86799.66012,5610895.42711,5610895.42711
2023-05-23,13819488.3582,0.01637,13819488.34183,3524571.51104,86472.29892,5698913.51601,5698913.51601
2023-05-24,13844431.90739,0.0164,13844431.89099,4706421.51476,86588.04615,5774440.67993,5774440.67993
2023-05-25,16658888.45733,0.01639,16658888.44094,3930418.9758,86453.01269,5393617.39777,5393617.39777
2023-05-26,16672475.11148,0.01641,16672475.09507,4014811.74215,86534.39205,5366046.76079,5366046.76079
2023-05-27,16684024.96485,0.01643,16684024.94842,4017369.55569,85060.84737,5379378.08928,5379378.08928
2023-05-28,16711783.52758,0.01648,16711783.5111,4091336.74361,83122.67955,5357434.97249,5357434.97249
2023-05-29,16691250.76591,0.01644,16691250.74947,4132436.64313,82861.29477,5422827.44104,5422827.44104
2023-05-30,16686689.13708,0.01644,16686689.12064,4171677.92043,82810.99022,5433289.304,5433289.304
2023-05-31,16699929.95001,0.01645,16699929.93355,4174276.91238,82860.96327,5446129.18945,5446129.18945
2023-06-01,16571063.02614,0.01643,16571063.00971,4144893.9814,82694.1378,5497614.39164,5497614.39164
2023-06-02,16585901.04272,0.01647,16585901.02625,4478145.7935,82864.60973,5576873.66816,5576873.66816
2023-06-03,16864621.39519,0.01647,16864621.37872,4507139.96203,82806.92939,5560744.44594,5560744.44594
2023-06-04,16877261.88022,0.01649,16877261.86374,4538815.16604,82862.04064,5537236.10946,5537236.10946
2023-06-05,16895098.02264,0.01651,16895098.00612,4542710.63401,82956.93143,5519027.90541,5519027.90541
2023-06-06,18228047.2679,0.01652,18228047.25137,3794122.87827,82956.93143,5455450.98944,5455450.98944
2023-06-07,18930616.46092,0.01653,18930616.44439,4036965.39263,82956.93143,5579142.79136,5579142.79136
2023-06-08,19955750.6061,0.01652,19955750.58958,4676623.65333,82871.61794,5597496.08845,5597496.08845
2023-06-09,19962095.37094,0.01653,19962095.35441,4610045.203,82874.16173,5607538.71341,5607538.71341
2023-06-10,19956545.85801,0.01652,19956545.84149,4690649.86669,82813.3321,5635254.33149,5635254.33149
2023-06-11,19970886.0838,0.01654,19970886.06726,4692789.07382,82853.60894,5402375.33973,5402375.33973
2023-06-12,19938997.8053,0.01651,19938997.78879,5169814.21142,82683.71691,5421498.27763,5421498.27763
2023-06-13,20878981.81823,0.01653,20878981.8017,4223556.7444,82719.18705,5366636.57088,5366636.57088
2023-06-14,20905727.89842,0.01655,20905727.88187,5196355.48806,82753.28883,5132373.17142,5132373.17142
2023-06-15,20924275.83665,0.01657,20924275.82008,5189530.73003,82820.54911,5064930.40855,5064930.40855
2023-06-16,20915841.80746,0.01657,20915841.79089,4833507.98366,82721.00604,5021979.2777,5021979.2777
2023-06-17,20872562.21651,0.01659,20872562.19992,4970189.82237,82761.73211,4970772.51861,4970772.51861
2023-06-18,20886694.87561,0.0166,20886694.85901,5075306.12373,81018.88107,5006149.21732,5006149.21732
2023-06-19,20915669.18823,0.01662,20915669.17161,5075357.74351,81099.89995,5056433.98119,5056433.98119
2023-06-20,20900950.6106,0.01661,20900950.59398,5070174.54887,79779.59877,5125059.41865,5125059.41865
2023-06-21,18032639.75586,0.01662,18032639.73924,5466807.71598,79779.59877,5170823.6088,5170823.6088
2023-06-22,18476384.09493,0.01663,18476384.07831,5033353.55042,79774.49287,4907160.04803,4907160.04803
2023-06-23,18487290.18854,0.01663,18487290.1719,5019105.32998,79771.30359,4933814.6394,4933814.6394
2023-06-24,23119365.96038,0.01666,23119365.94372,5278104.44066,79851.49503,4967716.05368,4967716.05368
2023-06-25,23109009.24725,0.01665,23109009.2306,5274989.56494,79771.72331,4950424.76644,4950424.76644
2023-06-26,23114189.91797,0.01666,23114189.90131,5321588.44333,79730.50025,4997015.99331,4997015.99331
2023-06-27,23171186.29589,0.01672,23171186.27917,5333885.84574,79979.28927,5031566.52048,5031566.52048
2023-06-28,23104280.39973,0.01666,23104280.38307,5846728.90929,79659.29237,4929102.78066,4929102.78066
2023-06-29,23612423.92599,0.01667,23612423.90933,5344967.92559,79672.84818,4711385.09045,4711385.09045
2023-06-30,23631556.03838,0.01669,23631556.02169,5368431.82569,79731.13818,4780082.17386,4780082.17386
2023-07-01,23634219.91538,0.01669,23634219.89869,5378379.05275,79694.4112,4679707.74201,4679707.74201
2023-07-02,23649871.77876,0.01671,23649871.76205,5872667.33879,79707.23605,4692770.07988,4692770.07988
2023-07-03,23657458.59015,0.01672,23657458.57343,6032443.46044,79707.23605,4676578.56376,4676578.56376
2023-07-04,23688553.34752,0.01674,23688553.33078,6241408.08825,79786.94329,5009685.44756,5009685.44756
2023-07-05,23656700.60258,0.01671,23656700.58587,6232278.79514,79121.02122,4888819.85995,4888819.85995
2023-07-06,23674659.86149,0.01673,23674659.84476,6210037.99124,79141.96548,4808989.90811,4808989.90811
2023-07-07,24067000.47081,0.01674,24067000.45407,5659896.87933,79146.21131,4853168.79148,4853168.79148
2023-07-08,24092931.40625,0.01675,24092931.38949,5663170.62687,79151.83109,5113722.25046,5113722.25046
2023-07-09,24100524.05592,0.01676,24100524.03916,5670623.31742,79150.56466,5068943.85847,5068943.85847
2023-07-10,24180730.89385,0.01682,24180730.87704,5687707.66409,79389.28659,5069651.14786,5069651.14786
2023-07-11,24113907.32554,0.01677,24113907.30876,5678833.70017,79132.44217,4952274.62794,4952274.62794
2023-07-12,24129467.76901,0.01678,24129467.75222,5589762.56507,79116.69489,4984747.38042,4984747.38042
2023-07-13,24125577.09644,0.01679,24125577.07965,5598504.59144,79094.45289,4881144.66259,4881144.66259
2023-07-14,24109821.87933,0.01677,24109821.86256,5635489.35117,79071.36568,4976989.58883,4976989.58883
2023-07-15,24140044.40607,0.0168,24140044.38927,5535051.89905,79165.48184,5002428.47434,5002428.47434
2023-07-16,24160316.79335,0.01681,24160316.77654,5537708.17971,79132.03128,5042554.29381,5042554.29381
2023-07-17,24153690.30204,0.01681,24153690.28523,5565575.4122,79056.96507,5016298.977,5016298.977
2023-07-18,24168991.43983,0.01683,24168991.423,5570553.1211,79119.25468,5258804.69175,5258804.69175
2023-07-19,24193270.92592,0.01685,24193270.90906,5914820.44493,79198.37394,5215577.44192,5215577.44192
2023-07-20,24216792.12836,0.01683,24216792.11153,5962466.8701,79078.11267,4993837.62322,4993837.62322
2023-07-21,24233761.96127,0.01685,24233761.94442,5914760.68558,79106.51648,4989375.47984,4989375.47984
2023-07-22,24323767.21551,0.01685,24323767.19865,5786141.75646,79089.11025,5229141.43004,5229141.43004
2023-07-23,24322563.48735,0.01685,24322563.4705,5868415.48601,79050.42093,5322989.42118,5322989.42118
2023-07-24,24325466.25804,0.01686,24325466.24118,5867501.76309,79061.73498,5026256.87081,5026256.87081
2023-07-25,24529504.75082,0.01688,24529504.73394,5702739.0856,79080.1252,4961768.67664,4961768.67664
2023-07-26,24539574.54865,0.01689,24539574.53176,5704492.90355,79087.55943,4952488.47894,4952488.47894
2023-07-27,24898036.69972,0.0169,24898036.68283,5951635.36692,79063.86603,4925417.14087,4925417.14087
2023-07-28,22283369.69687,0.01691,22283369.67996,5231334.1084,79055.169,4924974.10271,4924974.10271
2023-07-29,23739669.57572,0.01691,23739669.5588,6848864.51888,79063.86603,4943060.04038,4943060.04038
2023-07-30,23747706.78453,0.01692,23747706.76761,6811920.2288,79063.86603,5046899.5062,5046899.5062
2023-07-31,21859911.05346,0.01693,21859911.03653,4762796.85386,79009.22358,5093268.58937,5093268.58937
