Date,goldfinch-borrowed,goldfinch-Ethereum-borrowed,goldfinch-Ethereum
2021-08-26,5206154.70568,5206154.70568,14796495.9184
2021-08-27,5200853.90874,5200853.90874,14781430.58113
2021-08-28,5707499.93586,5707499.93586,14799812.46664
2021-08-29,5717883.44476,5717883.44476,14826737.06687
2021-08-30,5708418.76328,5708418.76328,14802194.70867
2021-08-31,5709296.27345,5709296.27345,14811249.54788
2021-09-01,7341355.2319,7341355.2319,14885420.47405
2021-09-02,7330983.63403,7330983.63403,14864390.89702
2021-09-03,7315895.64378,7315895.64378,12668545.29358
2021-09-04,12213879.61267,12213879.61267,7826925.11215
2021-09-05,12205688.81382,12205688.81382,7820678.91209
2021-09-06,12184077.03217,12184077.03217,7807831.81964
2021-09-07,12218369.33985,12218369.33985,7829807.10513
2021-09-08,12202942.78171,12202942.78171,7535968.09919
2021-09-09,12202942.78171,12202942.78171,7402410.84919
2021-09-10,12202942.78171,12202942.78171,7481807.84919
2021-09-11,12195657.62487,12195657.62487,7507112.76666
2021-09-12,12202942.78171,12202942.78171,7841669.44009
2021-09-13,12202942.78171,12202942.78171,7751221.19009
2021-09-14,12224216.1605,12224216.1605,7855339.18402
2021-09-15,12202942.78171,12202942.78171,7841584.46008
2021-09-16,12202942.78171,12202942.78171,7841669.44009
2021-09-17,12220318.31788,12220318.31788,12901508.25345
2021-09-18,12256861.02862,12256861.02862,20069168.86533
2021-09-19,12202942.78143,12202942.78143,22207588.68246
2021-09-20,12202942.78143,12202942.78143,23049379.11946
2021-09-21,12148383.42426,12148383.42426,23085725.3279
2021-09-22,12324972.20925,12324972.20925,23253764.97505
2021-09-23,12202942.78143,12202942.78143,22714798.11496
2021-09-24,12202942.78143,12202942.78143,22688780.34496
2021-09-25,12202942.78143,12202942.78143,22704603.69496
2021-09-26,12202942.78143,12202942.78143,22970067.87856
2021-09-27,12202942.78143,12202942.78143,23000982.09257
2021-09-28,12164100.81456,12164100.81456,22990790.23405
2021-09-29,12324972.20925,12324972.20925,23360621.31865
2021-09-30,12202942.78143,12202942.78143,23299169.73381
2021-10-01,12202942.78143,12202942.78143,23368986.76738
2021-10-02,12165858.03832,12165858.03832,23111657.05982
2021-10-03,12202942.78143,12202942.78143,25780822.24673
2021-10-04,12202942.78143,12202942.78143,25786092.64642
2021-10-05,12202942.78143,12202942.78143,25927069.76437
2021-10-06,12202942.75735,12202942.75735,26043405.46899
2021-10-07,12180245.28382,12180245.28382,25474747.93637
2021-10-08,12202942.75735,12202942.75735,25594274.25201
2021-10-09,12202942.75735,12202942.75735,25743988.20665
2021-10-10,12202942.75735,12202942.75735,25814447.91207
2021-10-11,12202942.75735,12202942.75735,25842046.69106
2021-10-12,12202942.75735,12202942.75735,25867949.45378
2021-10-13,12202942.75735,12202942.75735,23597849.41427
2021-10-14,12202942.75735,12202942.75735,23627717.34183
2021-10-15,12202942.75735,12202942.75735,23910688.65757
2021-10-16,12202942.75735,12202942.75735,22960795.71238
2021-10-17,12202942.75735,12202942.75735,22834509.96306
2021-10-18,12202942.75735,12202942.75735,22890267.64376
2021-10-19,12197060.93894,12197060.93894,23680488.90364
2021-10-20,12202942.75735,12202942.75735,23729764.98515
2021-10-21,12202942.75735,12202942.75735,24339400.72434
2021-10-22,17202942.75735,17202942.75735,24387517.9655
2021-10-23,17202942.75735,17202942.75735,19379410.88952
2021-10-24,17374972.18492,17374972.18492,19575482.26414
2021-10-25,17374972.18492,17374972.18492,19603661.91917
2021-10-26,17202942.75735,17202942.75735,19402209.75818
2021-10-27,17202942.75735,17202942.75735,20047578.78477
2021-10-28,17191502.80042,17191502.80042,19822845.91701
2021-10-29,17202942.75735,17202942.75735,20070934.50401
2021-10-30,17202942.75735,17202942.75735,19589610.26433
2021-10-31,18202942.75735,18202942.75735,19580261.45686
2021-11-01,18183265.37623,18183265.37623,19511549.77644
2021-11-02,18202942.75735,18202942.75735,19521500.02486
2021-11-03,18202942.75735,18202942.75735,19426749.07486
2021-11-04,18202942.75735,18202942.75735,19552535.89527
2021-11-05,18202942.75735,18202942.75735,19241965.94814
2021-11-06,18202942.75735,18202942.75735,18760190.72596
2021-11-07,18202942.75735,18202942.75735,18679475.60092
2021-11-08,18202942.75735,18202942.75735,18946482.33921
2021-11-09,18202942.75735,18202942.75735,18043739.62663
2021-11-10,18202942.6761,18202942.6761,18010652.63174
2021-11-11,18202942.6761,18202942.6761,18094229.29775
2021-11-12,22059948.68509,22059948.68509,14163208.91249
2021-11-13,22059948.68509,22059948.68509,13665976.52851
2021-11-14,22059948.68509,22059948.68509,13948104.76161
2021-11-15,22280548.17194,22280548.17194,14094310.58548
2021-11-16,22059948.68509,22059948.68509,13647026.15064
2021-11-17,22059948.68509,22059948.68509,13538811.30907
2021-11-18,22280548.17194,22280548.17194,13584592.32929
2021-11-19,22059948.68509,22059948.68509,13616469.65571
2021-11-20,22280548.17194,22280548.17194,13845580.92889
2021-11-21,22280548.17194,22280548.17194,13863025.42155
2021-11-22,22059948.68509,22059948.68509,13519283.09865
2021-11-23,22034579.74411,22034579.74411,13298478.0847
2021-11-24,22059948.68509,22059948.68509,13063355.24272
2021-11-25,22059948.68509,22059948.68509,13056811.49564
2021-11-26,22042455.14579,22042455.14579,13049729.16047
2021-11-27,22024013.02869,22024013.02869,12985686.7706
2021-11-28,21985143.3991,21985143.3991,12880393.26569
2021-11-29,22058889.80756,22058889.80756,12902150.54251
2021-11-30,22025932.24422,22025932.24422,15009974.78814
2021-12-01,29492915.43322,29492915.43322,5120839.25164
2021-12-02,29559838.90851,29559838.90851,5027944.68115
2021-12-03,29525785.97409,29525785.97409,4998127.72063
2021-12-04,29509409.82333,29509409.82333,4971234.12489
2021-12-05,29504355.09088,29504355.09088,4945645.12658
2021-12-06,29559838.90851,29559838.90851,4896276.6384
2021-12-07,29559838.90851,29559838.90851,4882781.35688
2021-12-08,29559838.90851,29559838.90851,4888095.23857
2021-12-09,29553394.86363,29553394.86363,4831182.12582
2021-12-10,29541925.64613,29541925.64613,4802323.16268
2021-12-11,29444969.31962,29444969.31962,4764166.48028
2021-12-12,29494422.93002,29494422.93002,4744216.56066
2021-12-13,29493683.93405,29493683.93405,5458106.49289
2021-12-14,29512454.43172,29512454.43172,5340498.95873
2021-12-15,29446169.48226,29446169.48226,6781275.8804
2021-12-16,29412909.3242,29412909.3242,7502398.57331
2021-12-17,29456598.26521,29456598.26521,7492448.9765
2021-12-18,29455272.57246,29455272.57246,5982286.40175
2021-12-19,29459838.84748,29459838.84748,6360840.77037
2021-12-20,29407960.07127,29407960.07127,6036446.13299
2021-12-21,33209838.84748,33209838.84748,1195819.73491
2021-12-22,33209838.84748,33209838.84748,1671744.039
2021-12-23,33209838.84748,33209838.84748,2009302.90734
2021-12-24,33209838.84748,33209838.84748,2035400.08408
2021-12-25,33209838.84748,33209838.84748,2034951.15908
2021-12-26,33209838.84748,33209838.84748,2022268.65908
2021-12-27,33209838.84748,33209838.84748,2024604.56007
2021-12-28,33209838.84748,33209838.84748,1990067.66512
2021-12-29,33209838.84748,33209838.84748,1961557.64017
2021-12-30,33174304.31992,33174304.31992,1934799.07668
2021-12-31,33209838.84748,33209838.84748,1965047.29605
2022-01-01,33209838.84748,33209838.84748,1955337.76175
2022-01-02,33209838.84748,33209838.84748,1939700.94936
2022-01-03,33209838.84748,33209838.84748,1928594.90936
2022-01-04,33061564.86399,33061564.86399,1937888.27489
2022-01-05,33058457.07689,33058457.07689,1947880.29108
2022-01-06,33061564.86399,33061564.86399,1996775.55904
2022-01-07,33061564.86399,33061564.86399,7215491.33447
2022-01-08,33061564.83163,33061564.83163,7223258.72177
2022-01-09,33061564.83163,33061564.83163,7580465.1024
2022-01-10,33061564.83163,33061564.83163,7556136.54679
2022-01-11,33061564.83163,33061564.83163,7586734.62326
2022-01-12,33061564.83163,33061564.83163,8925395.69674
2022-01-13,33061564.83163,33061564.83163,17853101.21393
2022-01-14,33060023.72333,33060023.72333,22178445.3414
2022-01-15,33060023.71461,33060023.71461,23065109.37976
2022-01-16,33060023.71461,33060023.71461,23762019.79621
2022-01-17,33060023.71461,33060023.71461,29379295.20394
2022-01-18,33060023.71461,33060023.71461,29816315.83582
2022-01-19,33046832.76514,33046832.76514,30022596.13931
2022-01-20,33060023.71461,33060023.71461,30243122.86453
2022-01-21,33060023.71461,33060023.71461,30116782.48395
2022-01-22,32986266.8017,32986266.8017,28608187.63104
2022-01-23,33031790.45435,33031790.45435,28209345.0099
2022-01-24,33390623.95175,33390623.95175,29749025.07133
2022-01-25,33060023.70629,33060023.70629,30889997.16906
2022-01-26,33390623.94336,33390623.94336,31400323.27509
2022-01-27,33060023.70629,33060023.70629,32157155.8325
2022-01-28,33060023.70629,33060023.70629,33940247.32422
2022-01-29,33060023.70629,33060023.70629,33808618.42612
2022-01-30,33060023.69953,33060023.69953,34283595.01732
2022-01-31,33026930.61581,33026930.61581,36793208.43357
2022-02-01,33060023.69953,33060023.69953,49124778.68971
2022-02-02,33011853.9884,33011853.9884,49340994.66395
2022-02-03,33011853.9884,33011853.9884,49331099.81369
2022-02-04,32921949.7612,32921949.7612,49109701.44633
2022-02-05,33240681.43841,33240681.43841,49628596.85594
2022-02-06,32866378.20079,32866378.20079,48783833.26465
2022-02-07,32911565.7806,32911565.7806,48829839.20975
2022-02-08,32910841.72433,32910841.72433,48772958.6369
2022-02-09,32665880.84135,32665880.84135,49594023.88922
2022-02-10,32665880.84135,32665880.84135,49541952.51858
2022-02-11,32665880.83506,32665880.83506,49722357.35487
2022-02-12,32661438.27527,32661438.27527,50562949.90889
2022-02-13,32644177.75037,32644177.75037,50690755.12101
2022-02-14,32676789.31656,32676789.31656,50076234.24291
2022-02-15,32644177.75037,32644177.75037,50815068.4997
2022-02-16,32644177.75037,32644177.75037,50793630.60582
2022-02-17,32611566.18419,32611566.18419,50963836.86465
2022-02-18,32600413.02855,32600413.02855,50989739.76731
2022-02-19,32644177.75037,32644177.75037,51583850.99151
2022-02-20,32676789.31656,32676789.31656,52247094.98649
2022-02-21,32611566.18419,32611566.18419,53474594.78184
2022-02-22,58177502.75667,58177502.75667,21153178.39542
2022-02-23,58045238.93303,58045238.93303,22371383.86245
2022-02-24,58061379.99667,58061379.99667,22665444.22836
2022-02-25,58119441.37667,58119441.37667,21510363.9784
2022-02-26,65982728.74815,65982728.74815,12358813.17447
2022-02-27,66131706.7689,66131706.7689,12803130.14917
2022-02-28,66197772.41002,66197772.41002,12588120.51527
2022-03-01,66131706.7689,66131706.7689,12911698.07951
2022-03-02,64423274.11953,64423274.11953,12931060.07264
2022-03-03,64358915.20433,64358915.20433,13038282.25673
2022-03-04,64333815.2274,64333815.2274,18130935.87628
2022-03-05,59479654.09863,59479654.09863,20775846.01947
2022-03-06,59598613.40683,59598613.40683,21621464.16833
2022-03-07,59477512.83108,59477512.83108,21259673.27642
2022-03-08,59455862.23699,59455862.23699,21237477.54977
2022-03-09,59470256.31328,59470256.31328,21198387.18287
2022-03-10,58478133.63303,58478133.63303,22816105.5182
2022-03-11,58479654.10404,58479654.10404,22731569.28482
2022-03-12,58538133.75814,58538133.75814,27870245.24482
2022-03-13,58538133.75178,58538133.75178,28176079.32087
2022-03-14,58479654.09768,58479654.09768,28191594.94756
2022-03-15,58398835.21572,58398835.21572,39619823.73362
2022-03-16,58364039.82153,58364039.82153,39572870.43196
2022-03-17,58479654.09768,58479654.09768,40514539.32436
2022-03-18,66666253.75178,66666253.75178,42562855.41461
2022-03-19,66557962.71422,66557962.71422,37555552.17167
2022-03-20,66544309.78513,66544309.78513,37284773.83476
2022-03-21,66586800.36444,66586800.36444,27159394.28238
2022-03-22,66541645.79896,66541645.79896,26938330.67624
2022-03-23,66599654.09768,66599654.09768,27079769.77226
2022-03-24,66525728.48163,66525728.48163,26802073.40577
2022-03-25,66543044.3917,66543044.3917,29681987.07677
2022-03-26,66582937.5845,66582937.5845,29630904.49307
2022-03-27,66565421.86877,66565421.86877,29746531.27583
2022-03-28,66599654.08363,66599654.08363,29731620.18037
2022-03-29,66553567.12184,66553567.12184,29698796.51762
2022-03-30,66666253.73655,66666253.73655,29738813.34612
2022-03-31,67132451.31513,67132451.31513,29980926.7966
2022-04-01,67132451.31116,67132451.31116,30121750.00323
2022-04-02,66999251.99981,66999251.99981,29819962.05544
2022-04-03,66799453.03759,66799453.03759,29660176.73746
2022-04-04,66599654.07536,66599654.07536,29564713.05691
2022-04-05,66284869.26589,66284869.26589,29881845.61025
2022-04-06,66216182.82167,66216182.82167,29869167.7595
2022-04-07,66183762.29082,66183762.29082,29955311.28753
2022-04-08,66036510.75909,66036510.75909,31557568.1691
2022-04-09,66258150.5027,66258150.5027,31645101.79375
2022-04-10,66141463.11151,66141463.11151,28549817.1698
2022-04-11,66119982.02359,66119982.02359,28707018.45758
2022-04-12,66112821.65454,66112821.65454,28750336.3344
2022-04-13,74007433.5356,74007433.5356,18851261.06274
2022-04-14,74225725.91927,74225725.91927,19890655.66642
2022-04-15,74335305.5628,74335305.5628,20037012.97151
2022-04-16,74335305.5628,74335305.5628,20941250.16132
2022-04-17,74182327.81109,74182327.81109,20578060.99176
2022-04-18,74249534.05638,74249534.05638,20603050.36188
2022-04-19,74202378.29311,74202378.29311,21518309.28637
2022-04-20,74216859.19679,74216859.19679,21433875.39839
2022-04-21,74206759.69474,74206759.69474,21548105.98534
2022-04-22,74215596.75625,74215596.75625,22234877.42982
2022-04-23,74250796.49135,74250796.49135,22215894.60393
2022-04-24,74261044.51549,74261044.51549,22301797.21927
2022-04-25,74261044.51549,74261044.51549,22590851.61372
2022-04-26,74204012.03133,74204012.03133,22714881.77555
2022-04-27,82061890.51737,82061890.51737,13370283.73556
2022-04-28,82065756.78646,82065756.78646,13310050.56152
2022-04-29,82148100.09201,82148100.09201,13310634.87088
2022-04-30,82045767.35264,82045767.35264,13487188.55574
2022-05-01,82092162.58174,82092162.58174,13473376.75261
2022-05-02,82139791.72651,82139791.72651,13202551.25658
2022-05-03,82094465.88026,82094465.88026,13154868.43322
2022-05-04,82209878.96422,82209878.96422,13808663.39659
2022-05-05,82238423.34702,82238423.34702,15815330.19148
2022-05-06,82194413.99281,82194413.99281,15818150.01702
2022-05-07,82037461.01767,82037461.01767,17901982.72099
2022-05-08,82073902.40551,82073902.40551,18877999.29208
2022-05-09,82424990.08784,82424990.08784,19893245.63922
2022-05-10,82342729.61869,82342729.61869,19450521.85575
2022-05-11,82260469.14954,82260469.14954,20127597.45931
2022-05-12,82342729.6122,82342729.6122,2809803.31623
2022-05-13,82424990.07887,82424990.07887,1938399.56888
2022-05-14,82342729.60973,82342729.60973,1925075.88282
2022-05-15,82507250.54801,82507250.54801,1938716.57866
2022-05-16,82589511.00975,82589511.00975,1935501.37997
2022-05-17,82507250.54061,82507250.54061,1928807.849
2022-05-18,82507250.54061,82507250.54061,1945582.78134
2022-05-19,82507250.54061,82507250.54061,1888008.70943
2022-05-20,82220490.54522,82220490.54522,1911568.7229
2022-05-21,82424990.06604,82424990.06604,1941992.21965
2022-05-22,82424990.06604,82424990.06604,1901867.66072
2022-05-23,82424990.06604,82424990.06604,2034353.88394
2022-05-24,82424990.06405,82424990.06405,1926845.10036
2022-05-25,82342729.59481,82342729.59481,1925402.05605
2022-05-26,82260469.12569,82260469.12569,1920414.35708
2022-05-27,82342729.58734,82342729.58734,1949826.84194
2022-05-28,82227893.96511,82227893.96511,1967621.08953
2022-05-29,82507250.51821,82507250.51821,1972787.64873
2022-05-30,82507250.51821,82507250.51821,1972988.23779
2022-05-31,82342729.57858,82342729.57858,2012891.73711
2022-06-01,82342729.57575,82342729.57575,1906673.14188
2022-06-02,82342729.57575,82342729.57575,2036545.86124
2022-06-03,82110096.96912,82110096.96912,2041170.75452
2022-06-04,82342729.57575,82342729.57575,2345487.88503
2022-06-05,82342729.57575,82342729.57575,2345487.88087
2022-06-06,82342729.57575,82342729.57575,2343775.6091
2022-06-07,82342729.57173,82342729.57173,2403631.20277
2022-06-08,82260469.10263,82260469.10263,2711897.23372
2022-06-09,82236120.00378,82236120.00378,2688596.85731
2022-06-10,82342729.56517,82342729.56517,2561391.7609
2022-06-11,82342729.56517,82342729.56517,2074420.43036
2022-06-12,82260469.09608,82260469.09608,2068935.84419
2022-06-13,82589510.97246,82589510.97246,2076026.42433
2022-06-14,82507250.50337,82507250.50337,2068782.18951
2022-06-15,82507250.50337,82507250.50337,2116347.64112
2022-06-16,82671771.43906,82671771.43906,2075334.29153
2022-06-17,82589510.96997,82589510.96997,2054606.07676
2022-06-18,82342729.56269,82342729.56269,2043031.17762
2022-06-19,82424990.03178,82424990.03178,2043525.27968
2022-06-20,82507250.49341,82507250.49341,2069191.29429
2022-06-21,82424990.02433,82424990.02433,2035023.7964
2022-06-22,82424990.02232,82424990.02232,2058325.69474
2022-06-23,103552488.14197,103552488.14197,2038055.53397
2022-06-24,103824859.85207,103824859.85207,2040329.20292
2022-06-25,103244323.88169,103244323.88169,2092642.40579
2022-06-26,102935517.31818,102935517.31818,2118244.19233
2022-06-27,102738152.83545,102738152.83545,1813003.43872
2022-06-28,102523656.01286,102523656.01286,1813103.52944
2022-06-29,102523656.02337,102523656.02337,1811198.07662
2022-06-30,102513639.52362,102513639.52362,1799393.15755
2022-07-01,102718461.30366,102718461.30366,1802987.7105
2022-07-02,102616450.87538,102616450.87538,1786192.44777
2022-07-03,102514039.24776,102514039.24776,1739237.69358
2022-07-04,102411677.74013,102411677.74013,1736396.21338
2022-07-05,102616501.09561,102616501.09561,1733888.55263
2022-07-06,102514089.41381,102514089.41381,1778234.5095
2022-07-07,100512189.53839,100512189.53839,1776951.70317
2022-07-08,100512293.64228,100512293.64228,1728367.3829
2022-07-09,100714279.12347,100714279.12347,1726639.80052
2022-07-10,100710219.47269,100710219.47269,1722279.72115
2022-07-11,100710207.36875,100710207.36875,1741868.48235
2022-07-12,100609798.38655,100609798.38655,1732959.91411
2022-07-13,100509389.40612,100509389.40612,1722930.70203
2022-07-14,100509389.39861,100509389.39861,1749069.21172
2022-07-15,100514408.66515,100514408.66515,1748662.03088
2022-07-16,100444494.66797,100444494.66797,1837407.91252
2022-07-17,100417173.76505,100417173.76505,1802611.61142
2022-07-18,100544938.34682,100544938.34682,1804464.49776
2022-07-19,100851488.12854,100851488.12854,1814223.33543
2022-07-20,101007173.89054,101007173.89054,1967558.23143
2022-07-21,100383874.64088,100383874.64088,1905079.89691
2022-07-22,100456441.11519,100456441.11519,1899624.29244
2022-07-23,100703778.43928,100703778.43928,1903930.22833
2022-07-24,100502772.89349,100502772.89349,1891533.02839
2022-07-25,100604437.62093,100604437.62093,1973817.90684
2022-07-26,100805445.47177,100805445.47177,1971473.38697
2022-07-27,100604426.98997,100604426.98997,1953331.88842
2022-07-28,100481510.69206,100481510.69206,1950845.37235
2022-07-29,100604426.98997,100604426.98997,1950538.90822
2022-07-30,100604421.23914,100604421.23914,1955634.63706
2022-07-31,100466730.87241,100466730.87241,1951242.78905
2022-08-01,100503917.32179,100503917.32179,1946435.42611
2022-08-02,100704925.15643,100704925.15643,1950099.84096
2022-08-03,100210411.71684,100210411.71684,1793492.76732
2022-08-04,100379096.13911,100379096.13911,1722347.13261
2022-08-05,100387860.12071,100387860.12071,1760333.77846
2022-08-06,100159405.03044,100159405.03044,1704910.15991
2022-08-07,100386831.76796,100386831.76796,1632371.57409
2022-08-08,100227677.02069,100227677.02069,1629720.62537
2022-08-09,100386831.76796,100386831.76796,1631863.36639
2022-08-10,100482904.39545,100482904.39545,1643136.73368
2022-08-11,100472896.41149,100472896.41149,1650097.02375
2022-08-12,100372574.00978,100372574.00978,1643051.90381
2022-08-13,100210935.05943,100210935.05943,1637986.79513
2022-08-14,100472846.31149,100472846.31149,1642030.46283
2022-08-15,100357554.26326,100357554.26326,1615910.74337
2022-08-16,100357554.26073,100357554.26073,1676115.10434
2022-08-17,100467834.55747,100467834.55747,1670125.42796
2022-08-18,100367567.25752,100367567.25752,1645491.86128
2022-08-19,100267299.28294,100267299.28294,1661465.77459
2022-08-20,100367506.52019,100367506.52019,1688751.84341
2022-08-21,100367506.52019,100367506.52019,1684838.82139
2022-08-22,100467773.75947,100467773.75947,1685371.09334
2022-08-23,100160438.25625,100160438.25625,1650574.84354
2022-08-24,100082202.06773,100082202.06773,1645816.01877
2022-08-25,100166289.71661,100166289.71661,1659497.82639
2022-08-26,100392623.97809,100392623.97809,1684379.43977
2022-08-27,100492962.65559,100492962.65559,1685827.65084
2022-08-28,100293635.54203,100293635.54203,1674897.70051
2022-08-29,100193442.09993,100193442.09993,1665428.2958
2022-08-30,100295636.33846,100295636.33846,1666507.97894
2022-08-31,100189729.75572,100189729.75572,1595426.12133
2022-09-01,100003894.47827,100003894.47827,1615287.19605
2022-09-02,100184268.38174,100184268.38174,1591908.41125
2022-09-03,100197726.57075,100197726.57075,1589432.5912
2022-09-04,100199726.57075,100199726.57075,1590644.5412
2022-09-05,100199799.81574,100199799.81574,1590381.23882
2022-09-06,100600609.05501,100600609.05501,1596077.81458
2022-09-07,100190983.59574,100190983.59574,1580624.21882
2022-09-08,100292255.12205,100292255.12205,1602501.97627
2022-09-09,100293256.12205,100293256.12205,1599703.77086
2022-09-10,100296042.15057,100296042.15057,1602443.22387
2022-09-11,100292225.33757,100292225.33757,1596839.87712
2022-09-12,100164164.33724,100164164.33724,1592017.83846
2022-09-13,100192017.71051,100192017.71051,1596075.02773
2022-09-14,100076095.54602,100076095.54602,1589033.48637
2022-09-15,100191938.24051,100191938.24051,1587565.01773
2022-09-16,100080319.81509,100080319.81509,1633380.8021
2022-09-17,100180922.18096,100180922.18096,1658210.39144
2022-09-18,100300940.55424,100300940.55424,1641431.70964
2022-09-19,100058965.84353,100058965.84353,1599072.51239
2022-09-20,100162619.50526,100162619.50526,1572437.23803
2022-09-21,100071292.19722,100071292.19722,1529306.57855
2022-09-22,100263706.36277,100263706.36277,1528473.39478
2022-09-23,100262267.58645,100262267.58645,1526195.27996
2022-09-24,100262267.56548,100262267.56548,1577289.02718
2022-09-25,100137365.41997,100137365.41997,1558317.7143
2022-09-26,100462591.7764,100462591.7764,1562253.45601
2022-09-27,100262267.56548,100262267.56548,1558034.69208
2022-09-28,100262510.35861,100262510.35861,1533650.65311
2022-09-29,100462835.05041,100462835.05041,1582577.15477
2022-09-30,100162348.00638,100162348.00638,1558313.25389
2022-10-01,99536297.27989,99536297.27989,826882.92476
2022-10-02,99599372.71261,99599372.71261,790939.08736
2022-10-03,99397885.36552,99397885.36552,785886.47798
2022-10-04,99389654.91947,99389654.91947,775230.1593
2022-10-05,99296213.64167,99296213.64167,748383.29058
2022-10-06,99283093.72533,99283093.72533,746626.36685
2022-10-07,99311737.3645,99311737.3645,742326.3446
2022-10-08,99644875.90239,99644875.90239,764342.2856
2022-10-09,99036953.93571,99036953.93571,759053.18464
2022-10-10,99092514.56622,99092514.56622,757878.34335
2022-10-11,99562203.5122,99562203.5122,760448.86499
2022-10-12,99331382.14847,99331382.14847,784944.67259
2022-10-13,99462840.02795,99462840.02795,777269.58473
2022-10-14,99561215.91325,99561215.91325,772581.14978
2022-10-15,99263625.25034,99263625.25034,813328.5519
2022-10-16,99307742.19632,99307742.19632,812955.40162
2022-10-17,99294325.07659,99294325.07659,811096.79263
2022-10-18,99459596.48736,99459596.48736,836569.46476
2022-10-19,99328739.0505,99328739.0505,841518.82527
2022-10-20,99857037.42662,99857037.42662,841022.86469
2022-10-21,99360236.24392,99360236.24392,869064.66678
2022-10-22,99459596.26092,99459596.26092,861142.55905
2022-10-23,99360236.0249,99360236.0249,856315.27678
2022-10-24,99320790.00342,99320790.00342,867648.96057
2022-10-25,99459596.25314,99459596.25314,867807.59467
2022-10-26,99360186.0057,99360186.0057,835627.31128
2022-10-27,99359697.38488,99359697.38488,871042.93114
2022-10-28,99459054.03074,99459054.03074,876325.42928
2022-10-29,99268856.22586,99268856.22586,856011.30423
2022-10-30,99359670.9651,99359670.9651,856375.16432
2022-10-31,99344722.78906,99344722.78906,849434.13009
2022-11-01,99286001.24943,99286001.24943,838612.44258
2022-11-02,99359626.63545,99359626.63545,836941.62432
2022-11-03,99359626.63545,99359626.63545,834680.94432
2022-11-04,99359626.63545,99359626.63545,833628.94432
2022-11-05,98496390.19925,98496390.19925,826337.10785
2022-11-06,99277158.14535,99277158.14535,815224.04629
2022-11-07,99551137.68108,99551137.68108,809349.48235
2022-11-08,99451784.72663,99451784.72663,825812.04773
2022-11-09,99351607.80422,99351607.80422,821955.12067
2022-11-10,99847360.84324,99847360.84324,823034.14793
2022-11-11,99847360.83545,99847360.83545,836139.51601
2022-11-12,99648657.60644,99648657.60644,832880.78677
2022-11-13,99306393.29585,99306393.29585,800391.87496
2022-11-14,99236549.82102,99236549.82102,795104.55881
2022-11-15,99350604.31206,99350604.31206,854755.25466
2022-11-16,99448953.91428,99448953.91428,867692.67455
2022-11-17,99349604.29811,99349604.29811,869943.32899
2022-11-18,99239723.63575,99239723.63575,864511.64044
2022-11-19,99548300.56716,99548300.56716,859988.51292
2022-11-20,99448950.9658,99448950.9658,859165.27595
2022-11-21,99448950.96429,99448950.96429,884280.95448
2022-11-22,99448933.19253,99448933.19253,880445.66991
2022-11-23,99547485.1759,99547485.1759,904876.5377
2022-11-24,99547485.16814,99547485.16814,928462.78216
2022-11-25,99447043.45218,99447043.45218,925917.21394
2022-11-26,99338655.11611,99338655.11611,924737.9938
2022-11-27,99447043.448,99447043.448,922540.48748
2022-11-28,99447043.01255,99447043.01255,921968.68565
2022-11-29,99447043.01232,99447043.01232,920756.57276
2022-11-30,99943781.48783,99943781.48783,962087.7725
2022-12-01,99645737.84422,99645737.84422,904929.80219
2022-12-02,100357576.76024,100357576.76024,1514067.35105
2022-12-03,100421747.6289,100421747.6289,2063363.61807
2022-12-04,100466942.34697,100466942.34697,2078922.25699
2022-12-05,100677440.58852,100677440.58852,2083156.66091
2022-12-06,100627925.00908,100627925.00908,2108610.40917
2022-12-07,100556988.61364,100556988.61364,2253388.96371
2022-12-08,100729466.44097,100729466.44097,2266607.84223
2022-12-09,100619839.87008,100619839.87008,2325629.36538
2022-12-10,100776407.70868,100776407.70868,2441512.86153
2022-12-11,100776525.58898,100776525.58898,2437107.16798
2022-12-12,100814028.40686,100814028.40686,2427929.1669
2022-12-13,100814025.45453,100814025.45453,2419232.43197
2022-12-14,100715657.37445,100715657.37445,2353281.26822
2022-12-15,101085436.52968,101085436.52968,2801126.22491
2022-12-16,101073723.94729,101073723.94729,2896228.67047
2022-12-17,101350829.74773,101350829.74773,971099.77893
2022-12-18,101320802.61099,101320802.61099,891234.49141
2022-12-19,101320668.21826,101320668.21826,894882.28919
2022-12-20,101328642.60679,101328642.60679,978869.87586
2022-12-21,101243930.56345,101243930.56345,961500.78685
2022-12-22,101531298.59012,101531298.59012,1235282.41182
2022-12-23,101430282.1311,101430282.1311,1378581.45842
2022-12-24,101331032.4211,101331032.4211,1408274.14925
2022-12-25,101437588.15567,101437588.15567,1404940.01287
2022-12-26,101538967.01315,101538967.01315,1410208.81674
2022-12-27,101437825.5715,101437825.5715,1520893.53798
2022-12-28,101257384.41656,101257384.41656,1505824.19397
2022-12-29,101326697.35134,101326697.35134,1498909.68034
2022-12-30,100804210.40866,100804210.40866,1554993.95625
2022-12-31,101048150.59512,101048150.59512,1376808.53131
2023-01-01,101150683.37972,101150683.37972,1375577.97654
2023-01-02,101152355.21418,101152355.21418,1252427.55034
2023-01-03,101168286.14631,101168286.14631,1207905.90416
2023-01-04,101174744.48788,101174744.48788,1201150.5626
2023-01-05,101276921.90809,101276921.90809,1198643.42709
2023-01-06,101276921.90101,101276921.90101,1243133.18632
2023-01-07,101189017.26589,101189017.26589,1215826.94298
2023-01-08,101290459.06798,101290459.06798,1401330.19104
2023-01-09,101189269.796,101189269.796,1382760.64617
2023-01-10,101290459.06575,101290459.06575,1388287.04376
2023-01-11,101072336.2241,101072336.2241,1442501.40705
2023-01-12,101999131.90603,101999131.90603,1464197.8469
2023-01-13,100865757.77895,100865757.77895,1437179.4428
2023-01-14,101009478.56906,101009478.56906,1554629.09346
2023-01-15,101040395.07978,101040395.07978,1507707.28356
2023-01-16,101252739.1436,101252739.1436,1550921.86252
2023-01-17,100998349.82769,100998349.82769,1439429.82975
2023-01-18,100978351.7114,100978351.7114,1462762.35941
2023-01-19,101020046.99365,101020046.99365,1553305.17264
2023-01-20,101025254.92608,101025254.92608,1661063.89042
2023-01-21,100941281.71888,100941281.71888,1630707.47244
2023-01-22,101255585.00001,101255585.00001,1776437.26821
2023-01-23,101154713.44145,101154713.44145,1785823.4189
2023-01-24,101053659.781,101053659.781,1777702.92191
2023-01-25,100963902.1936,100963902.1936,1810721.55682
2023-01-26,100691024.95998,100691024.95998,1800170.82954
2023-01-27,101410942.41807,101410942.41807,1928916.4964
2023-01-28,101410942.41805,101410942.41805,1781313.80953
2023-01-29,101512352.55124,101512352.55124,1779077.15773
2023-01-30,101426638.42011,101426638.42011,1812138.8357
2023-01-31,101607363.55608,101607363.55608,1757645.61638
2023-02-01,101607483.67403,101607483.67403,1739576.15002
2023-02-02,101392444.41169,101392444.41169,1710050.1049
2023-02-03,102140950.36957,102140950.36957,2239220.65598
2023-02-04,102140950.36955,102140950.36955,2233676.6359
2023-02-05,102022481.64618,102022481.64618,2277061.29858
2023-02-06,102066642.56181,102066642.56181,2276576.72935
2023-02-07,102180251.62851,102180251.62851,2265855.46715
2023-02-08,101951339.31088,101951339.31088,2285994.92963
2023-02-09,102594073.21947,102594073.21947,2805258.25446
2023-02-10,101409941.13099,101409941.13099,2791191.58122
2023-02-11,101419941.13099,101419941.13099,2756075.79428
2023-02-12,101420541.13035,101420541.13035,2583498.79403
2023-02-13,100969536.88967,100969536.88967,2553896.57343
2023-02-14,101484142.4588,101484142.4588,2604419.26541
2023-02-15,101670743.68499,101670743.68499,2746516.086
2023-02-16,101894834.99254,101894834.99254,2720589.81561
2023-02-17,101574630.37564,101574630.37564,2703036.92322
2023-02-18,101755820.8769,101755820.8769,2563260.20213
2023-02-19,101710013.53861,101710013.53861,2553797.47496
2023-02-20,101763535.36499,101763535.36499,2555912.32256
2023-02-21,101687350.25062,101687350.25062,2624462.94228
2023-02-22,101869321.55333,101869321.55333,2698631.88052
2023-02-23,101893970.51046,101893970.51046,2733882.65103
2023-02-24,101365458.57448,101365458.57448,2820468.9519
2023-02-25,101420665.79892,101420665.79892,2720181.67399
2023-02-26,101468153.63206,101468153.63206,2700918.11415
2023-02-27,101577748.00487,101577748.00487,2692209.99405
2023-02-28,101594757.26843,101594757.26843,2586340.78058
2023-03-01,102000730.32444,102000730.32444,2595758.73686
2023-03-02,101500115.14017,101500115.14017,2580621.10983
2023-03-03,101601585.84275,101601585.84275,2508986.28837
2023-03-04,101472386.14386,101472386.14386,2511508.10302
2023-03-05,101608590.15484,101608590.15484,2514429.08762
2023-03-06,101507083.07177,101507083.07177,2468473.53983
2023-03-07,101537817.5955,101537817.5955,2491115.97435
2023-03-08,101741672.0119,101741672.0119,2492335.99819
2023-03-09,101541691.99175,101541691.99175,2357547.6867
2023-03-10,101712930.63081,101712930.63081,2510236.20386
2023-03-11,100747912.85378,100747912.85378,2462484.87322
2023-03-12,97665209.56455,97665209.56455,1552947.94124
2023-03-13,100710570.21989,100710570.21989,1548354.08574
2023-03-14,101373704.04867,101373704.04867,1516273.74599
2023-03-15,101824118.06829,101824118.06829,1473509.45227
2023-03-16,101959150.93008,101959150.93008,1513801.23034
2023-03-17,102096415.60696,102096415.60696,1679130.22991
2023-03-18,102096415.59932,102096415.59932,1648873.11553
2023-03-19,102198105.25588,102198105.25588,1616656.56285
2023-03-20,102096415.59887,102096415.59887,1612786.64908
2023-03-21,102299770.63623,102299770.63623,1773036.53192
2023-03-22,101994701.73681,101994701.73681,1885673.58488
2023-03-23,102227394.66922,102227394.66922,1979225.76527
2023-03-24,101709094.96681,101709094.96681,1937795.12845
2023-03-25,101912142.18243,101912142.18243,1826359.45453
2023-03-26,102015559.29862,102015559.29862,1816521.17015
2023-03-27,101574193.70115,101574193.70115,1888666.28619
2023-03-28,101427362.67382,101427362.67382,1878789.43168
2023-03-29,101574193.70107,101574193.70107,1822800.77129
2023-03-30,101585348.76665,101585348.76665,1831633.09102
2023-03-31,101788315.61394,101788315.61394,1815395.9728
2023-04-01,101483864.02015,101483864.02015,1783918.73571
2023-04-02,101585347.88349,101585347.88349,1772463.43423
2023-04-03,101585347.88344,101585347.88344,1770289.6782
2023-04-04,101585347.88338,101585347.88338,1756838.78712
2023-04-05,101384999.16486,101384999.16486,1358178.79901
2023-04-06,101765714.29553,101765714.29553,1560100.02606
2023-04-07,101505856.60378,101505856.60378,1517725.99449
2023-04-08,101551930.02696,101551930.02696,1578906.0618
2023-04-09,101451479.54039,101451479.54039,1511762.1859
2023-04-10,101654382.49844,101654382.49844,1513015.55546
2023-04-11,101226054.346,101226054.346,1503509.80142
2023-04-12,101411919.8916,101411919.8916,1378616.68718
2023-04-13,101384270.81917,101384270.81917,1370441.43212
2023-04-14,101648943.56743,101648943.56743,1372415.34828
2023-04-15,101547497.51597,101547497.51597,1370133.82741
2023-04-16,101474200.16488,101474200.16488,1429139.9178
2023-04-17,101455122.97514,101455122.97514,1424858.77169
2023-04-18,101676790.64346,101676790.64346,1477827.25953
2023-04-19,101638173.4139,101638173.4139,1618661.66291
2023-04-20,101608954.52985,101608954.52985,1636850.91167
2023-04-21,101359417.72498,101359417.72498,1649354.39877
2023-04-22,101484119.3966,101484119.3966,1763535.6013
2023-04-23,101486453.58503,101486453.58503,1763576.16355
2023-04-24,101044277.10666,101044277.10666,1749926.33214
2023-04-25,101397551.45156,101397551.45156,1755218.88021
2023-04-26,101418762.12019,101418762.12019,1735089.95208
2023-04-27,101502832.30068,101502832.30068,1864702.80979
2023-04-28,101444446.61262,101444446.61262,1793775.47757
2023-04-29,101413974.30432,101413974.30432,1663978.30274
2023-04-30,101560952.40341,101560952.40341,1658000.04203
2023-05-01,101514170.90059,101514170.90059,1656046.83389
2023-05-02,101577860.21894,101577860.21894,1657085.8267
2023-05-03,101435143.32534,101435143.32534,1647534.99229
2023-05-04,101679924.26619,101679924.26619,1631549.13595
2023-05-05,101394398.58583,101394398.58583,1598241.29331
2023-05-06,101624981.59249,101624981.59249,1631814.2393
2023-05-07,101624981.59062,101624981.59062,1631304.89044
2023-05-08,101352460.30734,101352460.30734,1616836.01861
2023-05-09,101343433.73708,101343433.73708,1558268.64757
2023-05-10,101422137.26714,101422137.26714,1547999.43443
2023-05-11,101179268.11876,101179268.11876,1621573.29718
2023-05-12,100512184.3208,100512184.3208,1627941.9492
2023-05-13,100513353.29334,100513353.29334,1624600.15422
2023-05-14,100545004.90797,100545004.90797,1568572.15243
2023-05-15,100437530.15689,100437530.15689,1564294.52614
2023-05-16,100446771.24969,100446771.24969,1676609.93071
2023-05-17,100452644.35312,100452644.35312,1650879.3112
2023-05-18,100395918.10807,100395918.10807,1858613.69423
2023-05-19,100659071.44652,100659071.44652,1340616.36748
2023-05-20,100660486.92398,100660486.92398,1408428.29893
2023-05-21,100781138.8948,100781138.8948,1400665.28052
2023-05-22,100885416.40833,100885416.40833,1545604.62622
2023-05-23,100591400.96114,100591400.96114,1452099.48956
2023-05-24,100764203.55655,100764203.55655,1412203.34476
2023-05-25,100631332.29049,100631332.29049,1406299.77103
2023-05-26,100726805.67135,100726805.67135,1510539.02941
2023-05-27,100782480.12508,100782480.12508,1492296.88605
2023-05-28,101088264.55132,101088264.55132,1454271.45818
2023-05-29,100771197.02961,100771197.02961,1446704.82607
2023-05-30,100752954.63356,100752954.63356,1445106.84465
2023-05-31,100770903.36644,100770903.36644,1444790.97479
2023-06-01,100588941.69212,100588941.69212,1418026.24753
2023-06-02,100575234.24153,100575234.24153,1393494.4264
2023-06-03,100525690.70988,100525690.70988,1371212.58027
2023-06-04,100598331.94139,100598331.94139,1364539.44396
2023-06-05,100713652.75178,100713652.75178,1406829.14697
2023-06-06,100747568.08877,100747568.08877,1359177.38616
2023-06-07,100789677.00317,100789677.00317,1307830.19795
2023-06-08,100700950.59809,100700950.59809,1256552.77719
2023-06-09,100713259.2128,100713259.2128,1245702.52043
2023-06-10,100639335.67498,100639335.67498,1232137.02693
2023-06-11,100691474.10474,100691474.10474,1225133.02291
2023-06-12,100520085.27817,100520085.27817,1183675.95026
2023-06-13,100563874.37667,100563874.37667,1171701.21829
2023-06-14,100709134.02751,100709134.02751,1179842.16331
2023-06-15,100807534.56678,100807534.56678,1185872.05003
2023-06-16,100612814.60224,100612814.60224,1204540.8536
2023-06-17,100664796.85919,100664796.85919,1363682.30531
2023-06-18,100685649.86046,100685649.86046,1344496.03
2023-06-19,100793147.93706,100793147.93706,1327582.11055
2023-06-20,100708196.52598,100708196.52598,1310422.81365
2023-06-21,100725089.85639,100725089.85639,1433863.7555
2023-06-22,100728308.38502,100728308.38502,1437653.66154
2023-06-23,100723538.91797,100723538.91797,1504141.45861
2023-06-24,100835656.88504,100835656.88504,1595587.62728
2023-06-25,100734926.22958,100734926.22958,1598299.26873
2023-06-26,100722996.47333,100722996.47333,1595713.64731
2023-06-27,101037640.8269,101037640.8269,1589006.41774
2023-06-28,100633443.46383,100633443.46383,1580739.15294
2023-06-29,100653354.28817,100653354.28817,1578634.54265
2023-06-30,100380086.31137,100380086.31137,1578041.01134
2023-07-01,100361554.15598,100361554.15598,1558766.21709
2023-07-02,100412350.82785,100412350.82785,1551751.76436
2023-07-03,100418516.27981,100418516.27981,1544812.97937
2023-07-04,100529749.55854,100529749.55854,1531101.49239
2023-07-05,100344593.43774,100344593.43774,1523685.114
2023-07-06,100455572.52342,100455572.52342,1470227.71073
2023-07-07,100499252.29671,100499252.29671,1486965.97519
2023-07-08,100508934.14316,100508934.14316,1483201.36518
2023-07-09,100508619.41479,100508619.41479,1479580.68002
2023-07-10,100834694.98481,100834694.98481,1457077.94758
2023-07-11,100529226.33378,100529226.33378,1503435.95958
2023-07-12,100538160.18359,100538160.18359,1501183.79903
2023-07-13,100513263.39298,100513263.39298,1502564.52803
2023-07-14,100317568.63883,100317568.63883,1500687.5124
2023-07-15,100428179.44649,100428179.44649,1639913.22757
2023-07-16,100464589.47268,100464589.47268,1631913.77094
2023-07-17,100387630.0958,100387630.0958,1788294.35073
2023-07-18,100468004.49568,100468004.49568,1848170.4748
2023-07-19,100568472.50014,100568472.50014,1848085.24073
2023-07-20,100420357.49303,100420357.49303,1859272.28809
2023-07-21,100456745.81097,100456745.81097,1915210.01548
2023-07-22,100442772.41136,100442772.41136,1970221.70368
2023-07-23,100394163.84472,100394163.84472,1967428.14775
2023-07-24,100408532.71105,100408532.71105,1966622.60644
2023-07-25,100484973.0319,100484973.0319,1913482.87638
2023-07-26,100494457.52245,100494457.52245,2008592.12826
2023-07-27,100554428.63003,100554428.63003,1914775.94835
2023-07-28,100140828.94077,100140828.94077,1893724.58357
2023-07-29,100161660.62918,100161660.62918,1881278.68428
2023-07-30,99541111.68003,99541111.68003,1868699.57294
2023-07-31,99572992.26729,99572992.26729,1780720.38783
