Date,maple-staking,maple-Ethereum-staking,maple-Ethereum,maple-borrowed,maple-Ethereum-borrowed,maple-Solana-borrowed,maple-Solana
2021-05-20,,,2006326.85976,,,,
2021-05-21,,,8019715.81042,,,,
2021-05-22,,,17024931.5168,,,,
2021-05-23,,,17012817.11867,,,,
2021-05-24,,,17016207.98782,,,,
2021-05-25,,,16997180.30115,,,,
2021-05-26,,,16935140.13507,,,,
2021-05-27,,,16977742.18646,,,,
2021-05-28,,,17008675.72275,,,,
2021-05-29,,,17013305.39722,,,,
2021-05-30,,,16920758.6264,,,,
2021-05-31,,,17022273.37148,,,,
2021-06-01,,,17004302.61567,,,,
2021-06-02,,,16988609.09747,,,,
2021-06-03,,,17045322.69893,,,,
2021-06-04,,,16983035.95652,,,,
2021-06-05,,,16899270.81178,,,,
2021-06-06,,,16971581.90529,,,,
2021-06-07,,,16988148.94974,,,,
2021-06-08,,,17037147.98762,,,,
2021-06-09,,,17035734.77637,,,,
2021-06-10,,,17156906.13733,,,,
2021-06-11,,,17025658.53847,,,,
2021-06-12,,,0.84435,,,,
2021-06-13,,,0.8442,,,,
2021-06-14,0,0,0.84262,16989785.89139,16989785.89139,,
2021-06-15,0,0,0.84534,17044631.69946,17044631.69946,,
2021-06-16,0,0,0.84362,17009931.24401,17009931.24401,,
2021-06-17,0,0,0.84316,17000663.55881,17000663.55881,,
2021-06-18,0,0,0.84324,17002259.39709,17002259.39709,,
2021-06-19,0,0,0.84498,17037540.93565,17037540.93565,,
2021-06-20,0,0,0.84641,17066202.94221,17066202.94221,,
2021-06-21,0,0,0.84036,16944310.91523,16944310.91523,,
2021-06-22,0,0,0.84702,17078548.80233,17078548.80233,,
2021-06-23,0,0,0.84269,16991241.31484,16991241.31484,,
2021-06-24,0,0,3302549.35562,17006495.04025,17006495.04025,,
2021-06-25,0,0,12899646.42266,17130619.05414,17130619.05414,,
2021-06-26,0,0,18125819.25807,16975045.20091,16975045.20091,,
2021-06-27,0,0,18351949.50568,17186772.22348,17186772.22348,,
2021-06-28,0,0,20301361.44084,17125739.38318,17125739.38318,,
2021-06-29,0,0,20147267.32579,16995546.89519,16995546.89519,,
2021-06-30,0,0,20167024.63013,17012213.48262,17012213.48262,,
2021-07-01,0,0,16245029.8148,21120237.02622,21120237.02622,,
2021-07-02,0,0,16265769.78182,21147201.15151,21147201.15151,,
2021-07-03,0,0,12181096.96299,25058731.98996,25058731.98996,,
2021-07-04,0,0,12173707.24158,25043529.98895,25043529.98895,,
2021-07-05,0,0,12191405.94315,25079937.37343,25079937.37343,,
2021-07-06,0,0,12160411.17268,25016175.49839,25016175.49839,,
2021-07-07,0,0,12175306.86129,25046818.63661,25046818.63661,,
2021-07-08,0,0,24200091.11043,25012964.18987,25012964.18987,,
2021-07-09,0,0,27088005.88095,25093059.25863,25093059.25863,,
2021-07-10,0,0,30198607.39521,25077215.17507,25077215.17507,,
2021-07-11,0,0,33795745.27614,25106452.24184,25106452.24184,,
2021-07-12,0,0,33691090.41441,25028705.40517,25028705.40517,,
2021-07-13,0,0,33784339.78576,25097979.24036,25097979.24036,,
2021-07-14,0,0,33751262.00164,25073333.88131,25073333.88131,,
2021-07-15,0,0,33652548.12577,25000000,25000000,,
2021-07-16,0,0,22236804.60681,36638826.53771,36638826.53771,,
2021-07-17,0,0,22128724.95893,36460747.37837,36460747.37837,,
2021-07-18,0,0,18185548.36327,40573626.55696,40573626.55696,,
2021-07-19,0,0,18244403.65229,40704938.10556,40704938.10556,,
2021-07-20,0,0,17918329.03523,40786878.12625,40786878.12625,,
2021-07-21,0,0,14037875.77138,44891067.97774,44891067.97774,,
2021-07-22,0,0,14069898.26454,45000132.07912,45000132.07912,,
2021-07-23,0,0,14023167.42496,44864641.87517,44864641.87517,,
2021-07-24,0,0,13983836.23937,44784103.69537,44784103.69537,,
2021-07-25,0,0,14066980.08459,44856513.15554,44856513.15554,,
2021-07-26,0,0,14104956.46252,44981288.11278,44981288.11278,,
2021-07-27,0,0,13950761.26138,44489553.25445,44489553.25445,,
2021-07-28,0,0,14046633.73468,44834802.35311,44834802.35311,,
2021-07-29,0,0,14048996.87205,44750000,44750000,,
2021-07-30,0,0,14012108.09446,44632498.88498,44632498.88498,,
2021-07-31,0,0,12534406.97124,50033165.29837,50033165.29837,,
2021-08-01,0,0,13469842.66747,49698477.87348,49698477.87348,,
2021-08-02,0,0,13903617.52118,49702043.40015,49702043.40015,,
2021-08-03,0,0,13962217.45109,49740469.7296,49740469.7296,,
2021-08-04,0,0,9083600.31366,54699164.05261,54699164.05261,,
2021-08-05,0,0,9092855.39086,54754895.80754,54754895.80754,,
2021-08-06,0,0,10588339.99275,54669665.16207,54669665.16207,,
2021-08-07,0,0,12066788.64039,54765983.8085,54765983.8085,,
2021-08-08,0,0,14617410.55511,54796398.49594,54796398.49594,,
2021-08-09,0,0,12750027.35729,57250000,57250000,,
2021-08-10,0,0,11888713.43229,61246952.9786,61246952.9786,,
2021-08-11,0,0,13905419.90114,61276190.64398,61276190.64398,,
2021-08-12,0,0,16513519.81448,59233593.42359,59233593.42359,,
2021-08-13,0,0,15513186.91196,67307288.80103,67307288.80103,,
2021-08-14,0,0,18016755.97281,67250000,67250000,,
2021-08-15,0,0,16767518.03948,73061487.61572,73061487.61572,,
2021-08-16,0,0,19962040.26538,72958597.1654,72958597.1654,,
2021-08-17,0,0,24209466.49128,73039319.1528,73039319.1528,,
2021-08-18,0,0,26311650.27802,72831653.99753,72831653.99753,,
2021-08-19,0,0,31946224.6227,73017054.45,73017054.45,,
2021-08-20,0,0,42652722.25576,74351541.83113,74351541.83113,,
2021-08-21,0,0,25527239.69661,91059631.75449,91059631.75449,,
2021-08-22,0,0,20849628.91694,95554413.70558,95554413.70558,,
2021-08-23,0,0,21243724.96622,95641602.85079,95641602.85079,,
2021-08-24,0,0,21489568.85671,96633857.2,96633857.2,,
2021-08-25,0,0,22052049.70301,96641565.86151,96641565.86151,,
2021-08-26,0,0,22086022.20218,96712816.46329,96712816.46329,,
2021-08-27,0,0,5208904.41075,113599287.33,113599287.33,,
2021-08-28,0,0,9999058.99372,113740557.08617,113740557.08617,,
2021-08-29,0,0,10406906.34024,113947482.37745,113947482.37745,,
2021-08-30,0,0,14846914.85217,113758867.72027,113758867.72027,,
2021-08-31,0,0,15006713.39987,113776354.97321,113776354.97321,,
2021-09-01,0,0,18217323.16468,113908106.91791,113908106.91791,,
2021-09-02,0,0,46319212.95873,113747181.71507,113747181.71507,,
2021-09-03,0,0,46310591.31857,113513077.2,113513077.2,,
2021-09-04,0,0,36430039.57253,132318483.63778,132318483.63778,,
2021-09-05,0,0,36405609.07743,132229749.0082,132229749.0082,,
2021-09-06,0,0,36381849.70606,131995618.8,131995618.8,,
2021-09-07,0,0,21460699.25574,147386085.38934,147386085.38934,,
2021-09-08,0,0,12538759.87891,157200000,157200000,,
2021-09-09,0,0,12568759.87891,157200000,157200000,,
2021-09-10,0,0,12481998.1486,157200000,157200000,,
2021-09-11,0,0,3830052.92285,165800957.7,165800957.7,,
2021-09-12,0,0,3834524.05937,165900000,165900000,,
2021-09-13,0,0,3834126.49071,165900000,165900000,,
2021-09-14,0,0,3833043.34399,166189213.31561,166189213.31561,,
2021-09-15,0,0,2975647.86397,166900000,166900000,,
2021-09-16,0,0,2999236.35197,166900000,166900000,,
2021-09-17,0,0,6107920.93777,167137645.71252,167137645.71252,,
2021-09-18,0,0,6233891.99183,167637441.42024,167637441.42024,,
2021-09-19,0,0,6201519.3263,166900000,166900000,,
2021-09-20,0,0,6706494.3263,166900000,166900000,,
2021-09-21,0,0,6676509.59017,166153790.1,166153790.1,,
2021-09-22,0,0,6849292.73838,168569000,168569000,,
2021-09-23,0,0,7227956.94537,166900000,166900000,,
2021-09-24,0,0,7192291.59681,166900000,166900000,,
2021-09-25,0,0,7231122.48949,166900000,166900000,,
2021-09-26,0,0,11530985.50042,166900000,166900000,,
2021-09-27,0,0,11530969.74854,166900000,166900000,,
2021-09-28,0,0,11634640.92649,166368757.3,166368757.3,,
2021-09-29,0,0,8862200.17362,171599000,171599000,,
2021-09-30,0,0,5943591.30726,173900000,173900000,,
2021-10-01,0,0,6177480.00528,173900000,173900000,,
2021-10-02,0,0,2817705.71884,178356322.9,178356322.9,,
2021-10-03,0,0,3593135.8717,178900000,178900000,,
2021-10-04,0,0,6724810.8717,178900000,178900000,,
2021-10-05,0,0,8401794.7405,178900000,178900000,,
2021-10-06,0,0,8549233.76175,178900000,178900000,,
2021-10-07,0,0,21149843.89245,178567246,178567246,,
2021-10-08,0,0,21890923.32923,178900000,178900000,,
2021-10-09,0,0,21985309.00902,178900000,178900000,,
2021-10-10,0,0,26564309.0915,178900000,178900000,,
2021-10-11,0,0,15624975.81576,190100000,190100000,,
2021-10-12,0,0,27957592.86491,191100000,191100000,,
2021-10-13,0,0,23810758.56969,197100000,197100000,,
2021-10-14,0,0,18377198.47151,204600000,204600000,,
2021-10-15,0,0,26968685.04191,204600000,204600000,,
2021-10-16,0,0,22245281.19168,209600000,209600000,,
2021-10-17,0,0,27966926.62904,209600000,209600000,,
2021-10-18,0,0,29677893.09561,209350000,209350000,,
2021-10-19,0,0,39015598.25213,209249093.3,209249093.3,,
2021-10-20,0,0,27554706.86253,221350000,221350000,,
2021-10-21,0,0,29695162.08186,221350000,221350000,,
2021-10-22,0,0,21544675.02606,229850000,229850000,,
2021-10-23,0,0,21542654.47538,229850000,229850000,,
2021-10-24,0,0,22761200.54969,232148500,232148500,,
2021-10-25,0,0,22900244.45652,232148500,232148500,,
2021-10-26,0,0,21878870.87642,232350000,232350000,,
2021-10-27,0,0,25461886.93684,232350000,232350000,,
2021-10-28,0,0,25554881.63203,232195487.25,232195487.25,,
2021-10-29,0,0,18771148.90347,239350000,239350000,,
2021-10-30,0,0,23833288.62824,239350000,239350000,,
2021-10-31,0,0,23951514.63881,239350000,239350000,,
2021-11-01,0,0,23903736.4311,239091262.65,239091262.65,,
2021-11-02,0,0,24926113.14799,239350000,239350000,,
2021-11-03,0,0,25128891.46062,239350000,239350000,,
2021-11-04,0,0,30369080.81166,239350000,239350000,,
2021-11-05,0,0,31714703.21844,239350000,239350000,,
2021-11-06,0,0,29360496.60431,248350000,248350000,,
2021-11-07,0,0,30839919.73724,248350000,248350000,,
2021-11-08,0,0,33444183.98633,248350000,248350000,,
2021-11-09,0,0,34325771.36427,252350000,252350000,,
2021-11-10,0,0,29780239.54688,259850000,259850000,,
2021-11-11,0,0,29753755.94285,259850000,259850000,,
2021-11-12,0,0,28112971.57731,261850000,261850000,,
2021-11-13,0,0,28306700.66084,275850000,275850000,,
2021-11-14,0,0,27880209.2558,275850000,275850000,,
2021-11-15,0,0,29909010.35648,278608500,278608500,,
2021-11-16,0,0,39612341.55605,275850000,275850000,,
2021-11-17,0,0,46530551.0668,277850000,277850000,,
2021-11-18,0,0,51510683.54106,280628500,280628500,,
2021-11-19,0,0,51279621.20229,277850000,277850000,,
2021-11-20,0,0,25939912.96566,309666000,309666000,,
2021-11-21,0,0,37016872.05963,316736000,316736000,,
2021-11-22,0,0,38119899.12508,313600000,313600000,,
2021-11-23,0,0,44901202.48892,313239360,313239360,,
2021-11-24,0,0,55940311.47569,313600000,313600000,,
2021-11-25,0,0,46234840.26094,323600000,323600000,,
2021-11-26,0,0,46169298.35433,323343385.2,323343385.2,,
2021-11-27,0,0,46472057.93337,323072855.6,323072855.6,,
2021-11-28,0,0,46866059.8544,322502672.4,322502672.4,,
2021-11-29,0,0,71153261.17325,323584467.2,323584467.2,,
2021-11-30,0,0,67294113.39011,323101008.8,323101008.8,,
2021-12-01,0,0,51323270.31119,338831145.6,338831145.6,,
2021-12-02,0,0,44106771.12309,355600000,355600000,,
2021-12-03,0,0,85903086.51518,357687468.8,357687468.8,,
2021-12-04,0,0,82064734.66521,362480551.4,362480551.4,,
2021-12-05,0,0,77149277.90546,369405322.3,369405322.3,,
2021-12-06,0,0,79672171.53522,370100100,370100100,,
2021-12-07,0,0,84721164.3799,370100100,370100100,,
2021-12-08,0,0,75201727.08045,383100100,383100100,,
2021-12-09,0,0,48985073.06427,407011352.1782,407011352.1782,,
2021-12-10,0,0,49493010.45807,406853397.3394,406853397.3394,,
2021-12-11,0,0,45784112.11269,429424845.0114,429424845.0114,,
2021-12-12,0,0,46060408.45642,430146075.4787,430146075.4787,,
2021-12-13,0,0,49090249.46441,430135297.9762,430135297.9762,,
2021-12-14,0,0,22453141.12428,456866567.0397,456866567.0397,,
2021-12-15,0,0,22573323.79983,457387773.5536,457387773.5536,,
2021-12-16,0,0,24654572.04179,456871143.0407,456871143.0407,,
2021-12-17,0,0,43556883.65077,457549763.989,457549763.989,,
2021-12-18,0,0,46960969.86403,454529636.9845,454529636.9845,,
2021-12-19,0,0,47279630.73859,454600100,454600100,,
2021-12-20,0,0,47273334.54684,453799549.2239,453799549.2239,,
2021-12-21,0,0,47781701.96669,454600100,454600100,,
2021-12-22,0,0,27898231.68097,477900100,477900100,,
2021-12-23,0,0,37470091.76597,477900100,477900100,,
2021-12-24,0,0,26377693.41191,489000100,489000100,,
2021-12-25,0,0,26375560.48273,489000100,489000100,,
2021-12-26,0,0,26380517.48273,489000100,489000100,,
2021-12-27,0,0,23298961.47988,489000100,489000100,,
2021-12-28,0,0,23296992.19222,489000100,489000100,,
2021-12-29,0,0,25296920.11046,489000100,489000100,,
2021-12-30,0,0,30090540.88751,488476869.893,488476869.893,,
2021-12-31,0,0,25073075.89377,482000000,482000000,,
2022-01-01,0,0,25699403.21743,482000000,482000000,,
2022-01-02,0,0,25664329.90013,482000000,482000000,,
2022-01-03,0,0,25863826.39193,482000000,482000000,,
2022-01-04,0,0,26884427.68578,482000000,482000000,,
2022-01-05,0,0,26795116.54678,481954692,481954692,,
2022-01-06,0,0,27062049.34915,482000000,482000000,,
2022-01-07,0,0,26045359.93431,482000000,482000000,,
2022-01-08,0,0,27606678.02189,482000000,482000000,,
2022-01-09,0,0,27430902.73554,482000000,482000000,,
2022-01-10,0,0,24610161.84509,482000000,482000000,,
2022-01-11,0,0,24862706.4325,482000000,482000000,,
2022-01-12,0,0,23595380.05199,482000000,482000000,,
2022-01-13,0,0,27968055.57889,482000000,482000000,,
2022-01-14,0,0,36357034.51938,473000000,473000000,,
2022-01-15,0,0,37629074.69962,477000000,477000000,,
2022-01-16,0,0,38525022.2771,477000000,477000000,,
2022-01-17,0,0,35483418.13663,477000000,477000000,,
2022-01-18,0,0,22240346.03801,477000000,477000000,,
2022-01-19,0,0,22257034.84739,481807682,481807682,,
2022-01-20,0,0,22682341.80144,482000000,482000000,,
2022-01-21,0,0,27448646.05817,480000000,480000000,,
2022-01-22,0,0,33489049.02752,476434697.5,476434697.5,,
2022-01-23,0,0,33523834.50496,477092215,477092215,,
2022-01-24,0,0,33656741.7588,482275000,482275000,,
2022-01-25,0,0,23996761.87334,481000000,481000000,,
2022-01-26,0,0,24691295.50895,485810000,485810000,,
2022-01-27,0,0,24455693.93068,481000000,481000000,,
2022-01-28,0,0,40353818.01439,481000000,481000000,,
2022-01-29,0,0,51392416.05215,476000000,476000000,,
2022-01-30,0,0,55992791.27785,476000000,476000000,,
2022-01-31,0,0,55840712.77663,475523524,475523524,,
2022-02-01,0,0,35014318.30555,497423790,497423790,,
2022-02-02,0,0,35777226.19321,497423790,497423790,,
2022-02-03,0,0,36683446.09695,497423790,497423790,,
2022-02-04,0,0,41477546.00956,502277082.25332,502277082.25332,,
2022-02-05,0,0,42560883.40267,507448027.9,507448027.9,,
2022-02-06,0,0,38617832.85484,506727097.13633,506727097.13633,,
2022-02-07,0,0,44350932.75715,502423790,502423790,,
2022-02-08,0,0,49846862.90148,499412802.67662,499412802.67662,,
2022-02-09,0,0,36469162.11256,514423790,514423790,,
2022-02-10,0,0,30632734.83151,520423790,520423790,,
2022-02-11,0,0,32635610.21059,519623790,519623790,,
2022-02-12,0,0,30885887.23018,522552713.16456,522552713.16456,,
2022-02-13,0,0,34252894.08113,523146413.79,523146413.79,,
2022-02-14,0,0,39549206.54836,518659037.58,518659037.58,,
2022-02-15,0,0,48900987.94122,509132413.79,509132413.79,,
2022-02-16,0,0,26868302.50788,536659913.79,536659913.79,,
2022-02-17,0,0,77660033.48173,536123790,536123790,,
2022-02-18,0,0,108004061.54023,507700097.16382,507700097.16382,,
2022-02-19,0,0,71147676.70355,555678913.79,555678913.79,,
2022-02-20,0,0,43267627.57886,586294037.58,586294037.58,,
2022-02-21,0,0,53854370.93514,585123790,585123790,,
2022-02-22,0,0,70745232.59293,576775037.58,576775037.58,,
2022-02-23,0,0,79208494.87759,567965851.58638,567965851.58638,,
2022-02-24,0,0,79634225.15966,579623790,579623790,,
2022-02-25,0,0,73970054.56835,614448928.49,614448928.49,,
2022-02-26,0,0,37461596.53048,651702749.54355,651702749.54355,,
2022-02-27,0,0,43761074.62551,647170804.39,647170804.39,,
2022-02-28,0,0,44084535.77328,646375787.28,646375787.28,,
2022-03-01,0,0,44288960.0336,648428674.99,648428674.99,,
2022-03-02,0,0,52555658.01546,643414959.29,643414959.29,,
2022-03-03,0,0,34969556.19781,656561360.7,656561360.7,,
2022-03-04,0,0,35575109.86596,655355852.1219,655355852.1219,,
2022-03-05,0,0,40032239.92613,653541519.6,653541519.6,,
2022-03-06,0,0,40634513.19183,655282221.48,655282221.48,,
2022-03-07,0,0,41074553.96035,652951327.24356,652951327.24356,,
2022-03-08,0,0,33600398.82303,652135842.384,652135842.384,,
2022-03-09,0,0,95960337.81086,624113703.64118,624113703.64118,,
2022-03-10,0,0,104535613.56816,634902235.18146,634902235.18146,,
2022-03-11,0,0,114769163.74438,633585835.3,633585835.3,,
2022-03-12,0,0,81060071.33234,667229114.99,667229114.99,,
2022-03-13,0,0,77975435.92843,667498675.39,667498675.39,,
2022-03-14,0,0,62034804.39732,681765458,681765458,,
2022-03-15,0,0,46814603.57409,697727949.52222,697727949.52222,,
2022-03-16,0,0,53165453.4281,698037558.16717,698037558.16717,,
2022-03-17,0,0,57250654.43672,702257764.6,702257764.6,,
2022-03-18,0,0,67526839.83939,703952166.19,703952166.19,,
2022-03-19,0,0,53788770.96195,720464719.70746,720464719.70746,,
2022-03-20,0,0,53182041.56011,720365072.43051,720365072.43051,,
2022-03-21,0,0,55587627.05027,719035182.40853,719035182.40853,,
2022-03-22,0,0,104526545.77718,719317406.67891,719317406.67891,,
2022-03-23,0,0,61080742.543,766861058.6,766861058.6,,
2022-03-24,0,0,67187871.54642,769990586.8931,769990586.8931,,
2022-03-25,0,0,48601112.36707,791496610.2385,791496610.2385,,
2022-03-26,0,0,67265004.97593,800840666.93871,800840666.93871,,
2022-03-27,0,0,68266111.07371,801404067.51194,801404067.51194,,
2022-03-28,0,0,51125689.40535,821934871.48,821934871.48,,
2022-03-29,0,0,48128016.23812,822773567.89732,822773567.89732,,
2022-03-30,0,0,28575856.50952,845090922.03,845090922.03,,
2022-03-31,0,0,29697229.82224,852344737.62,852344737.62,,
2022-04-01,0,0,30790992.90267,850180738.1,850180738.1,,
2022-04-02,0,0,41809708.65467,847131880.52,847131880.52,,
2022-04-03,0,0,41801560.31488,844834574.91,844834574.91,,
2022-04-04,0,0,41816622.73507,844299584.1,844299584.1,,
2022-04-05,0,0,46824752.07551,844171438.34023,844171438.34023,,
2022-04-06,0,0,47123803.78982,841195241.30659,841195241.30659,,
2022-04-07,0,0,73859886.12299,824167671.42548,824167671.42548,,
2022-04-08,0,0,79259844.63148,823786182.91369,823786182.91369,,
2022-04-09,0,0,68328752.88931,837077886.82226,837077886.82226,,
2022-04-10,0,0,68410356.30247,837465059.19986,837465059.19986,,
2022-04-11,0,0,70067634.70574,836172275.6071,836172275.6071,,
2022-04-12,0,0,66487703.75056,839115494.58618,839115494.58618,,
2022-04-13,0,0,90194241.80042,819550400.83733,819550400.83733,,
2022-04-14,0,0,72686363.58126,846031260.81995,846031260.81995,,
2022-04-15,0,0,65077653.56003,844991739.56,844991739.56,,
2022-04-16,0,0,62166376.62627,850843806.23,850843806.23,,
2022-04-17,0,0,52163962.0254,860004443.3906,860004443.3906,,
2022-04-18,0,0,56808483.02435,858797807.05155,858797807.05155,,
2022-04-19,0,0,57055428.70872,860051805.0579,860051805.0579,,
2022-04-20,0,0,73834423.671,846307341.29595,846307341.29595,,
2022-04-21,0,0,74514483.15019,845680832.60331,845680832.60331,,
2022-04-22,0,0,82653482.9482,834500506.58812,834500506.58812,,
2022-04-23,0,0,55369416.90414,852525114.90938,852525114.90938,,
2022-04-24,0,0,56137140.16611,852001411.14,852001411.14,,
2022-04-25,0,0,56515871.15597,851669923.89,851669923.89,,
2022-04-26,0,0,53696350.9239,853337740.64568,853337740.64568,,
2022-04-27,0,0,53469423.19345,846469278.65021,846469278.65021,,
2022-04-28,0,0,54771811.90923,848765824.63774,848765824.63774,,
2022-04-29,0,0,56472188.3738,861068757.05173,861068757.05173,,
2022-04-30,0,0,59760592.52577,858612491.48817,858612491.48817,,
2022-05-01,0,0,60363441.75815,856632021.53853,856632021.53853,,
2022-05-02,0,0,82468439.90196,840599133.9252,840599133.9252,,
2022-05-03,0,0,75695988.70544,841200745.345,841200745.345,,
2022-05-04,0,0,77432177.00491,839982320.207,839982320.207,,
2022-05-05,0,0,79517839.7212,844650942.5464,844650942.5464,,
2022-05-06,0,0,35288143.74401,903573676.4794,903573676.4794,,
2022-05-07,0,0,21395021.96751,910641729.6178,910641729.6178,,
2022-05-08,0,0,21564697.87557,909350942.2664,909350942.2664,,
2022-05-09,0,0,24483683.53177,909321124.56,909321124.56,,
2022-05-10,0,0,24080550.57841,897803262.92,897803262.92,,
2022-05-11,0,0,25791033.21616,899324236.48,899324236.48,,
2022-05-12,0,0,25171334.24649,892283064.52,892283064.52,,
2022-05-13,0,0,32883236.02283,881992263.76,881992263.76,,
2022-05-14,0,0,69803939.7745,845401145.48,845401145.48,,
2022-05-15,0,0,69865697.31416,848363544.6,848363544.6,,
2022-05-16,0,0,68473479.73151,851590495.84,851590495.84,,
2022-05-17,0,0,81428307.90662,835781357.56,835781357.56,,
2022-05-18,0,0,86088145.24914,833258807.88,833258807.88,,
2022-05-19,0,0,86254746.586,828012701.64,828012701.64,,
2022-05-20,0,0,137192470.40346,780653901.7428,780653901.7428,,
2022-05-21,0,0,93456448.57025,781195852.24,781195852.24,,
2022-05-22,0,0,41765789.52008,816881681.12,816881681.12,,
2022-05-23,0,0,39159262.79171,818883822.56,818883822.56,,
2022-05-24,0,0,38269219.88371,816765140.32,816765140.32,,
2022-05-25,0,0,38720026.21096,806070192.88,806070192.88,,
2022-05-26,22.84,22.84,61754378.39935,780628160.7,780628160.7,,
2022-05-27,237.93,237.93,33099166.42084,797189899.74,797189899.74,,
2022-05-28,0,0,45660826.14137,793814120.6888,793814120.6888,,
2022-05-29,0,0,51078940.06842,793345515.06,793345515.06,,
2022-05-30,0,0,47949285.7273,793820612.28,793820612.28,,
2022-05-31,7275968.60711,7275968.60711,84439317.51913,766710219.08,766710219.08,,
2022-06-01,24027234.34095,24027234.34095,89510546.39867,765538644.26,765538644.26,,
2022-06-02,35620029.06222,35620029.06222,91116306.08866,764630345.36,764630345.36,,
2022-06-03,39737160.75172,39737160.75172,84072025.78752,769024354.8384,769024354.8384,,
2022-06-04,50196781.45606,50196781.45606,83570258.03951,769399145.88,769399145.88,,
2022-06-05,50202107.01319,50202107.01319,49511919.75588,791592811.88,791592811.88,,
2022-06-06,48405487.91194,48405487.91194,50966540.36309,791663141.62,791663141.62,,
2022-06-07,57799713.40938,57799713.40938,42010376.48737,793234364.78,793234364.78,,
2022-06-08,68894403.8018,68894403.8018,35430301.03786,800329421.64,800329421.64,,
2022-06-09,68850273.66666,68850273.66666,45023598.91484,790232581.4088,790232581.4088,,
2022-06-10,71324295.90089,71324295.90089,41891630.58003,791105549.78,791105549.78,,
2022-06-11,67815088.03281,67815088.03281,76090756.39635,753622546.04,753622546.04,,
2022-06-12,66412892.00948,66412892.00948,76045317.36068,748734808.58,748734808.58,,
2022-06-13,57626254.31969,57626254.31969,77245761.40123,749155753.76,749155753.76,,
2022-06-14,46132512.17201,46132512.17201,71560785.17346,740433941.64,740433941.64,,
2022-06-15,45478031.34712,45478031.34712,76253421.22326,735533418.94,735533418.94,,
2022-06-16,38565567.05835,38565567.05835,76105657.15082,737554495.3,737554495.3,,
2022-06-17,38810376.58237,38810376.58237,73598759.44817,732268857.72,732268857.72,,
2022-06-18,38230454.35801,38230454.35801,68331498.43339,728185776.6,728185776.6,,
2022-06-19,37880212.39528,37880212.39528,74395154.36979,717310166.46,717310166.46,,
2022-06-20,38374458.24272,38374458.24272,151346664.22784,642710875.86,642710875.86,,
2022-06-21,39895834.42945,39895834.42945,153123309.77639,637864009.88,637864009.88,,
2022-06-22,38691871.10732,38691871.10732,150299638.48398,637724586.74,637724586.74,,
2022-06-23,37847261.663,37847261.663,149554768.72554,634441135.1528,634441135.1528,,
2022-06-24,34023453.1149,34023453.1149,82819012.22706,628833713.24,628833713.24,,
2022-06-25,34645438.37357,34645438.37357,39276587.2197,632112600.24,632112600.24,,
2022-06-26,34824087.04578,34824087.04578,9181752.45283,632770579.62,632770579.62,,
2022-06-27,34268627.05438,34268627.05438,9090094.9131,630413842.16,630413842.16,,
2022-06-28,34130559.72264,34130559.72264,7077036.05389,609836693.16,609836693.16,,
2022-06-29,29180639.14826,29180639.14826,6053723.65751,608905031.32,608905031.32,,
2022-06-30,25201841.76769,25201841.76769,1764.96841,607477099.2,607477099.2,,
2022-07-01,20407265.19522,20407265.19522,1781.37098,608935827.2,608935827.2,,
2022-07-02,21072752.20662,21072752.20662,17540.09597,607203866.78,607203866.78,,
2022-07-03,19978706.64871,19978706.64871,11214.54876,606609033.88,606609033.88,,
2022-07-04,20432767.98875,20432767.98875,11318.80689,606300385.32,606300385.32,,
2022-07-05,20264124.84451,20264124.84451,259195.6979,723709595.92457,609714298.64,113995297.28457,1442854.62468
2022-07-06,22623198.08231,22623198.08231,690872.43989,723286162.68457,609290865.4,113995297.28457,1593188.69268
2022-07-07,21819689.80169,21819689.80169,240162.65895,723848948.86281,609967419.34,113881529.52281,1591598.684
2022-07-08,21088051.56672,21088051.56672,210200.99174,722584046.70309,608899115.0152,113684931.68789,1809207.35529
2022-07-09,22798508.61336,22798508.61336,220954.1881,724283520.10673,610176631.84,114106888.26673,1815922.46639
2022-07-10,27409143.86695,27409143.86695,155223.44057,724290470.98673,610183582.72,114106888.26673,1815922.46639
2022-07-11,25244889.66173,25244889.66173,134141.22825,709114705.22673,595007816.96,114106888.26673,1815922.46639
2022-07-12,25938351.41846,25938351.41846,91713.68721,696535628.59524,582542505.92,113993122.67524,1814112.97739
2022-07-13,25251571.03812,25251571.03812,89647.36199,687476926.04375,573597568.96,113879357.08375,1822312.4854
2022-07-14,26613830.42906,26613830.42906,89647.46209,689222884.12375,575343527.04,113879357.08375,1822312.4854
2022-07-15,29287319.31991,29287319.31991,87506.52947,691166041.24375,577286684.16,113879357.08375,1842336.4894
2022-07-16,36064728.36899,36064728.36899,476607.28437,686351798.85226,572586207.36,113765591.49226,1840497.99341
2022-07-17,35693588.9367,35693588.9367,577.25949,689807422.73297,576072775.4816,113734647.25137,1839997.37795
2022-07-18,35777335.00834,35777335.00834,422.32189,688185660.28375,574306303.2,113879357.08375,1843039.1914
2022-07-19,38886899.60659,38886899.60659,27.21523,689022465.23138,581833854.88,107188610.35138,8916997.85387
2022-07-20,39150044.95225,39150044.95225,132.92017,688163130.51138,580974520.16,107188610.35138,8916997.85387
2022-07-21,36490395.1593,36490395.1593,0.58558,684465962.9189,577746516.7384,106719446.1805,8784471.30813
2022-07-22,38010951.36441,38010951.36441,156848.11595,688761429.61511,578966525.2008,109794904.41431,5794820.20707
2022-07-23,38089795.24631,38089795.24631,146042.04065,681471913.92218,573920934.4,107550979.52218,8369945.90547
2022-07-24,37627729.72101,37627729.72101,130395.62602,679296213.62836,571959906.72,107336306.90836,8353256.42662
2022-07-25,38875278.3064,38875278.3064,124251.13634,674918739.85143,572483593.28,102435146.57143,13401576.1214
2022-07-26,39063164.02627,39063164.02627,124649.65498,668285114.3447,570663599.68,97621514.6647,18476377.98973
2022-07-27,34538189.33081,34538189.33081,124321.51786,661708659.24116,569272029.28,92436629.96116,23463082.37072
2022-07-28,35757477.62344,35757477.62344,124258.8014,665468971.43418,573145278.5344,92323692.89978,23434415.68766
2022-07-29,38854264.91448,38854264.91448,122645.96409,677054993.32318,568367149.4992,108687843.82397,6956044.79428
2022-07-30,44127775.18765,44127775.18765,5755454.77773,671564506.02883,562622100.48,108942405.54883,7022386.79805
2022-07-31,42510374.82842,42510374.82842,5408244.71205,670074184.77122,561280881.216,108793303.55522,7062806.22106
2022-08-01,42499697.91832,42499697.91832,2967329.80025,669764593.73685,560931021.76,108833571.97685,7065420.42662
2022-08-02,42121473.4883,42121473.4883,10108099.91678,662503628.36903,550958301.44,111545326.92903,5034448.67843
2022-08-03,41487708.4401,41487708.4401,128945.61018,634268201.8922,523110202.0112,111157999.881,5321578.98042
2022-08-04,41926660.99882,41926660.99882,34816547.74135,577767825.12883,466339436.08,111428389.04883,5309029.1068
2022-08-05,41298626.58008,41298626.58008,29798676.17948,576969503.68883,465541114.64,111428389.04883,5309479.5568
2022-08-06,41489332.78661,41489332.78661,29752529.14793,576055092.65727,464880283.8984,111174808.75887,5292312.67999
2022-08-07,42565324.58505,42565324.58505,23041461.43073,565796427.36883,454368038.32,111428389.04883,5304383.99542
2022-08-08,43481548.01402,43481548.01402,22995852.17975,553595560.33921,442343831.4836,111251728.8556,5182158.63971
2022-08-09,44079934.02251,44079934.02251,23515307.51855,554104973.03801,438823779.28,115281193.75801,1337682.94667
2022-08-10,45004575.21012,45004575.21012,23039449.48921,551897299.14574,436500939.36,115396359.78574,1339020.29527
2022-08-11,48196306.83106,48196306.83106,46088863.75648,557159630.18574,441763270.4,115396359.78574,1339020.29527
2022-08-12,49903316.70336,49903316.70336,56739549.20632,557009925.99801,441728732.24,115281193.75801,1337973.23667
2022-08-13,63074117.64362,63074117.64362,40816576.81072,564001186.71491,448905640.5936,115095546.12131,2335206.57847
2022-08-14,56918520.32185,56918520.32185,41057805.68421,556879087.08277,443399090.56,113479996.52276,4239692.71779
2022-08-15,57324949.58091,57324949.58091,8625925.10735,555377173.83322,442010430.8,113366743.03322,4235462.48854
2022-08-16,54239411.03296,54239411.03296,872034.13068,565260892.23322,451894149.2,113366743.03322,9245119.14054
2022-08-17,51135293.62656,51135293.62656,16986626.02197,578495200.52277,465015204,113479996.52276,9254152.55361
2022-08-18,53741889.81478,53741889.81478,42968458.26238,543992986.95322,430626243.92,113366743.03322,9746417.87242
2022-08-19,52311983.6619,52311983.6619,23749232.49237,549686948.21327,429439154.56,120247793.65327,3539173.82211
2022-08-20,47910298.56123,47910298.56123,38692813.53919,507190149.00692,386822107.56,120368041.44692,3532091.38493
2022-08-21,46723128.3599,46723128.3599,37468607.19686,505149294.60692,384781253.16,120368041.44692,3532091.38493
2022-08-22,47348599.65276,47348599.65276,36975159.0892,506950057.59016,386464980.24,120485077.35016,3568389.14987
2022-08-23,48732825.30278,48732825.30278,48660149.42879,480786351.22129,360633990.6466,120152360.57469,3558535.12514
2022-08-24,50174594.10508,50174594.10508,46373654.06003,481252829.88172,361194380.3304,120058449.55132,3556003.38891
2022-08-25,51687920.58862,51687920.58862,46729459.14881,473070603.67368,352857158.8482,120213444.82548,3564924.0621
2022-08-26,52807474.5791,52807474.5791,51947318.59701,464393083.794,341912505.6,122480578.194,4174239.96718
2022-08-27,53639579.15035,53639579.15035,55613354.1131,439809651.68629,322226165.4,117583486.28628,11146197.41232
2022-08-28,53010739.83992,53010739.83992,48685829.3271,438121094.75921,320910757.2634,117210337.49581,11110825.18264
2022-08-29,49075756.55432,49075756.55432,47236575.51922,436109050.51355,318877259.6,117231790.91354,11112879.83581
2022-08-30,51188087.87629,51188087.87629,40735486.64496,444712962.56747,322861883.4,121851079.16747,6623938.25263
2022-08-31,53358518.98344,53358518.98344,27408272.98933,444522041.53332,322799630.2886,121722411.24471,6616973.7427
2022-09-01,53476530.81351,53476530.81351,32332937.94497,443473859.68933,321989188.2108,121484671.47852,1686401.9865
2022-09-02,52510400.5582,52510400.5582,23501399.27743,374497570.27267,327797272.5708,46700297.70187,77428215.41908
2022-09-03,51886148.39248,51886148.39248,42665210.45382,357586112.67822,310811865.6,46774247.07822,529179.45196
2022-09-04,53715176.78891,53715176.78891,37554330.63525,357056137.94975,310206138,46849999.94975,447298.58043
2022-09-05,55107093.7911,55107093.7911,33535059.03027,357552169.54975,310702169.6,46849999.94975,447298.58043
2022-09-06,56784144.24268,56784144.24268,59298385.66113,336381346.34955,289343946.4,47037399.94955,444540.65875
2022-09-07,53812513.35718,53812513.35718,75148699.96813,306460425.78537,263463432,42996993.78537,4319900.22427
2022-09-08,50745923.19901,50745923.19901,75672438.08311,309573555.97915,266533565.2,43039990.77915,4324221.1255
2022-09-09,56846481.20966,56846481.20966,70733644.44434,320038327.77915,276998337,43039990.77915,4324221.1255
2022-09-10,58901770.01917,58901770.01917,54975970.15409,338462616.17915,295422625.4,43039990.77915,4335342.2355
2022-09-11,58707197.94309,58707197.94309,49743867.25256,344092339.57915,301052348.8,43039990.77915,4333223.1185
2022-09-12,58208104.80286,58208104.80286,46286255.20951,342873913.66549,299888873.0444,42985040.62109,4327690.79168
2022-09-13,57268536.30719,57268536.30719,18297643.19082,353872204.16071,306880963.8,46991240.36071,385390.47085
2022-09-14,53409052.99892,53409052.99892,24909788.59088,341236429.41421,294299557.9186,46936871.49561,390730.87157
2022-09-15,54686028.06829,54686028.06829,12530075.88118,356390617.36071,309399377,46991240.36071,390090.47085
2022-09-16,62185937.44876,62185937.44876,13327443.42586,350940492.57454,304002305.3242,46938187.25034,478044.14898
2022-09-17,60409483.17112,60409483.17112,21445712.00421,344211846.53922,297226527.0748,46985319.46442,478524.16921
2022-09-18,62979461.48652,62979461.48652,17100855.30007,344879992.60107,297841761,47038231.60107,479063.05532
2022-09-19,59294106.17814,59294106.17814,16477348.18609,340830319.30522,293891903.7888,46938415.51642,534692.0337
2022-09-20,57859501.99699,57859501.99699,24683806.33203,335488841.95102,288406831,47082010.95102,536327.7799
2022-09-21,55035847.4595,55035847.4595,11688086.49949,333593260.06693,286648501.1658,46944758.90113,534765.29251
2022-09-22,52027202.37546,52027202.37546,13530469.34546,329246738.71614,282211715.8,47035022.91614,535993.72364
2022-09-23,52777083.83975,52777083.83975,10620086.29656,331923250.31614,284888227.4,47035022.91614,535993.72364
2022-09-24,51648742.1003,51648742.1003,7857586.82591,333603720.50518,286577830,47025890.50518,627359.87522
2022-09-25,53835503.75389,53835503.75389,7304059.47861,333287342.80302,286320035.0006,46967307.80242,651572.16399
2022-09-26,53174739.74305,53174739.74305,12272739.3443,333748506.88727,286632615.6,47115891.28727,2728636.62247
2022-09-27,53548602.16417,53548602.16417,10211280.39935,334427322.5545,287405381.2,47021941.3545,2823295.67207
2022-09-28,52708062.87574,52708062.87574,10223676.22357,334632623.92089,287563707.6,47068916.32088,2826117.14927
2022-09-29,51473079.55424,51473079.55424,10194029.76593,334747034.48727,287631143.2,47115891.28727,2833358.84947
2022-09-30,51903944.27984,51903944.27984,6901219.08693,333841541.94975,286841542,46999999.94975,2799849.63523
2022-10-01,53505626.80735,53505626.80735,2497612.3616,323915597.7223,286886413.8,37029183.9223,7505173.50284
2022-10-02,53312239.22413,53312239.22413,2393251.43714,323698094.11403,286631918,37066176.11403,7512671.17867
2022-10-03,52598562.84015,52598562.84015,2321397.55619,322170569.15556,285179228.2454,36991340.91016,7499432.33611
2022-10-04,52657916.01255,52657916.01255,2419560.34966,323546760.33057,286554568.6,36992191.73057,7499604.82702
2022-10-05,53181500.58498,53181500.58498,2623441.70682,317671874.83137,280704726.8146,36967148.01677,7494527.59455
2022-10-06,52532695.95936,52532695.95936,3104593.6906,325160378.63566,281203776.5882,43956602.04746,499200.64671
2022-10-07,51162222.81805,51162222.81805,5239327.15937,323056293.7997,279087010.06596,43969283.73374,510338.94043
2022-10-08,50631034.56979,50631034.56979,5256804.66793,322338816.89755,278222039.38729,44116777.51026,4100681.15059
2022-10-09,50542739.29565,50542739.29565,5160980.41108,319989358.04917,276141731.94187,43847626.10729,9057837.13798
2022-10-10,49570580.2325,49570580.2325,3667546.26361,320587337.22832,276715112.2046,43872225.02372,9062918.66686
2022-10-11,47168528.1322,47168528.1322,2996209.31755,320532035.14075,276455910.95,44076124.19074,9137705.73322
2022-10-12,46342536.69083,46342536.69083,3186971.98431,329041851.55859,276070818.8354,52971032.72318,119928.05034
2022-10-13,46108650.00365,46108650.00365,12996285.37393,320084111.50335,267042975.4605,53041136.04285,120086.76642
2022-10-14,45550274.8216,45550274.8216,2960057.44877,326170590.90924,273082231.65,53088359.25924,214870.93029
2022-10-15,46200963.69698,46200963.69698,3504661.39273,323810822.9888,270881146.001,52929676.9878,216226.68636
2022-10-16,47083947.85934,47083947.85934,3499123.50853,323275151.31075,270321950.1398,52953201.17094,226342.26286
2022-10-17,46084052.86996,46084052.86996,3444662.03535,324162286.81049,271216238.2628,52946048.54769,226311.6898
2022-10-18,44553888.73083,44553888.73083,3373181.27704,325647955.26477,272612578.4,53035376.86477,226470.29025
2022-10-19,43972781.6805,43972781.6805,3383947.18904,321251631.17454,271288285.5866,49963345.58794,4059873.45273
2022-10-20,43716154.93868,43716154.93868,3392720.61981,321938581.0858,271709496.15,50229084.9358,4081466.64492
2022-10-21,42871863.48492,42871863.48492,13219638.79995,297681700.634,252707443.15,44974257.484,9110476.90921
2022-10-22,42576602.71712,42576602.71712,13290363.62105,298677491.09148,253658259.35,45019231.74148,8609812.12013
2022-10-23,42346461.76564,42346461.76564,3945877.57277,298477701.07646,253525615.9014,44952085.17506,8596970.51224
2022-10-24,42732183.77047,42732183.77047,3869687.02194,290774945.00865,255323890.4706,35451054.53805,18195217.41574
2022-10-25,42895882.46395,42895882.46395,3970489.34022,290474472.83053,254973873.5,35500599.33052,18220501.08471
2022-10-26,45322469.54574,45322469.54574,3349039.05969,295107543.94633,259642409.75,35465134.19633,18896141.78593
2022-10-27,46786630.77143,46786630.77143,3288022.8084,298386836.19633,262921702,35465134.19633,18896141.78593
2022-10-28,44255398.54603,44255398.54603,3115386.20979,296234571.12984,264741920.95,31492650.17984,21939540.46357
2022-10-29,44919155.88021,44919155.88021,3378763.98397,297307634.6942,270374598.7172,26933035.977,26428582.00454
2022-10-30,45016947.41413,45016947.41413,3438047.53366,304688606.90866,272738296,31950310.90866,21408901.99141
2022-10-31,44649363.13338,44649363.13338,3203037.35731,303543372.83202,271597854.47,31945518.36202,21398023.80631
2022-11-01,42758992.73998,42758992.73998,5212184.76162,302982214.18008,271055578.4518,31926635.72827,10747701.03921
2022-11-02,42459692.60325,42459692.60325,9115683.95242,305811129.65866,271860818.75,33950310.90866,8758671.99141
2022-11-03,40562502.81121,40562502.81121,9371815.6871,304033503.15866,270083192.25,33950310.90866,8761651.99142
2022-11-04,41942587.96603,41942587.96603,10212446.16812,304112500.90866,270162190,33950310.90866,8761651.99142
2022-11-05,41156471.54241,41156471.54241,9648883.83288,308278971.41989,274623620.8124,33655350.60748,3718216.01503
2022-11-06,40775789.18218,40775789.18218,9706774.05746,309578400.23461,275656268.084,33922132.1506,3747689.82494
2022-11-07,39309656.46958,39309656.46958,10776257.68799,305876380.93048,271858169.4,34018211.53048,3710712.6034
2022-11-08,39920229.16994,39920229.16994,18928992.2113,296365419.66957,262381158.45,33984261.21957,3706979.26741
2022-11-09,31336354.77651,31336354.77651,48672497.03063,253640710.82091,223694130.75,29946580.07091,7731625.76067
2022-11-10,22143801.70155,22143801.70155,51064973.43509,244494247.72127,214397934.75,30096312.97127,7770283.88948
2022-11-11,24804419.67207,24804419.67207,37957054.56504,226688495.91247,219720384,6968111.91247,30982821.57658
2022-11-12,24201872.06441,24201872.06441,37936302.52475,220804436.87309,213850191.85,6954245.02309,30920306.65521
2022-11-13,24083261.35444,24083261.35444,86373606.48487,171375701.71714,164445342.411,6930359.30614,30814105.80389
2022-11-14,24869099.14469,24869099.14469,104969876.2998,150168691.26492,143243206.1704,6925485.09452,30792932.27064
2022-11-15,25590192.97731,25590192.97731,119538011.27686,136547836.18903,129614391.5,6933444.68902,30826241.18566
2022-11-16,27461013.37945,27461013.37945,115103077.82615,124856457.40563,124928838.45,-72381.04437,37921659.20766
2022-11-17,26431980.269,26431980.269,114317288.05877,124031914.01437,124104222.75,-72308.73563,37883775.43223
2022-11-18,28616037.17112,28616037.17112,113032600.54392,123808737.5469,123881190.9,-72453.3531,35244991.7171
2022-11-19,26852125.01671,26852125.01671,85754077.74664,123949118.0469,124021571.4,-72453.3531,27883515.1511
2022-11-20,27049122.43162,27049122.43162,68407771.73638,124105444.15563,124177825.2,-72381.04437,22785775.44468
2022-11-21,25923403.56903,25923403.56903,57725140.43434,122282291.65563,122354672.7,-72381.04437,22482849.82168
2022-11-22,25203192.78274,25203192.78274,60084970.18287,116378412.15563,116450793.2,-72381.04437,22181465.73869
2022-11-23,24873642.50273,24873642.50273,71626063.62313,104885845.0469,104958298.4,-72453.3531,22203626.04712
2022-11-24,25293431.18931,25293431.18931,62773911.70523,111614189.2969,111686642.65,-72453.3531,22148577.16912
2022-11-25,25957878.06266,25957878.06266,72425915.49119,101870343.65563,101942724.7,-72381.04437,22021715.14769
2022-11-26,25597320.89506,25597320.89506,60942798.45147,107393878.37626,107466180.5318,-72302.15554,21972041.79449
2022-11-27,25408168.26487,25408168.26487,60040943.84979,107444589.65563,107516970.7,-72381.04437,21996015.4737
2022-11-28,25374792.15816,25374792.15816,57840092.23844,107265778.15563,107338159.2,-72381.04437,21996015.5738
2022-11-29,22507142.47909,22507142.47909,53333014.89095,104631609.90563,104703990.95,-72381.04437,21996015.5738
2022-11-30,19372858.71211,19372858.71211,21574822.48559,107874700.86196,107947443.45,-72742.58805,22039469.66146
2022-12-01,19882281.15079,19882281.15079,21582932.29479,108072200.08816,108144725.75,-72525.66184,21960077.71587
2022-12-02,20120040.20811,20120040.20811,21533244.21912,107876213.27943,107948811.25,-72597.97057,21976874.8024
2022-12-03,21109596.65456,21109596.65456,13202077.85969,107719007.79551,107791290.5,-72282.70449,20362362.44188
2022-12-04,20901180.32652,20901180.32652,9995041.46136,106750039.8837,106822341.75,-72301.8663,9938736.15836
2022-12-05,20574088.721,20574088.721,10055579.55959,107957262.6469,108029716,-72453.3531,9939247.24485
2022-12-06,16178254.30717,16178254.30717,9829499.48026,107157572.95563,107229954,-72381.04437,8481158.11343
2022-12-07,13657062.09829,13657062.09829,19867332.77999,97109204.59281,97181461.7,-72257.10719,8466641.92632
2022-12-08,12803752.81832,12803752.81832,25836009.63763,90307905.70563,90380286.75,-72381.04437,8461036.01143
2022-12-09,12889815.77113,12889815.77113,24430832.46509,91320839.48665,91393097.1,-72257.61336,8430456.87805
2022-12-10,12464245.00877,12464245.00877,24390207.0874,91032432.3317,91104712.65,-72280.3183,8432937.98041
2022-12-11,12037387.30299,12037387.30299,33120366.18727,82433694.66322,82505976.5,-72281.83678,8433114.1421
2022-12-12,11838187.04029,11838187.04029,4016.09602,115262166.31961,115334475.05524,-72308.73563,8433238.42801
2022-12-13,11297500.61297,11297500.61297,4067.36002,115695837.76212,115768146.49775,-72308.73563,8432461.42801
2022-12-14,10756814.18565,10756814.18565,33899909.7772,160336244.95806,160336244.95806,0,8381456.56686
2022-12-15,10837042.60979,10837042.60979,33884464.39505,159607257.65665,159607257.65665,0,8383812.5949
2022-12-16,10862007.05455,10862007.05455,28125391.30179,158159507.77681,158159507.77681,0,8392825.86944
2022-12-17,9751532.90969,9751532.90969,27507559.60931,149529811.35264,149529811.35264,0,1180641.56509
2022-12-18,9808167.63369,9808167.63369,27175363.69532,40647940.3,40647940.3,0,133853.10299
2022-12-19,8229219.91671,8229219.91671,21460547.44159,40723551.8,40723551.8,0,133851.63061
2022-12-20,7909655.88636,7909655.88636,21124044.77195,40401843.4,40401843.4,0,133853.10299
2022-12-21,9181321.41053,9181321.41053,21042512.25283,41060487.8,41060487.8,0,133663.267
2022-12-22,9666678.00418,9666678.00418,19267561.73973,40828386,40828386,0,133993.5552
2022-12-23,9262833.30817,9262833.30817,19245735.05741,40810460,40810460,0,133859.82909
2022-12-24,9262729.85082,9262729.85082,30325405.07694,29757092,29757092,0,133726.10299
2022-12-25,9261426.87221,9261426.87221,30136846.26748,29781154,29781154,0,133859.82909
2022-12-26,9004956.5896,9004956.5896,30133527.72708,29748972,29748972,0,133993.5552
2022-12-27,9150563.03787,9150563.03787,29787719.30785,29816629,29816629,0,133859.82909
2022-12-28,9084993.96898,9084993.96898,29033321.65089,29596743,29596743,0,133634.90179
2022-12-29,8897364.02606,8897364.02606,28212122.40022,29392409,29392409,0,39781.41761
2022-12-30,8757494.42979,8757494.42979,28017426.14921,29485676,29485676,0,39781.41761
2022-12-31,8426030.69164,8426030.69164,33456139.78664,24064712,24064712,0,39781.41761
2023-01-01,7776593.62188,7776593.62188,33436080.21199,24056536,24056536,0,39645.02303
2023-01-02,7776622.37482,7776622.37482,33433680.90686,24059224,24059224,0,39601.53629
2023-01-03,9028903.89418,9028903.89418,33644606.98326,24217172,24217172,0,39605.41762
2023-01-04,8544704.0008,8544704.0008,31889111.30256,24192812,24192812,0,39605.41762
2023-01-05,8174709.91722,8174709.91722,32382987.89247,24557512,24557512,0,39645.02303
2023-01-06,8658893.51086,8658893.51086,31283987.47252,24557008,24557008,0,39645.02303
2023-01-07,8915265.89796,8915265.89796,31409870.01816,24664556,24664556,0,39605.41762
2023-01-08,8772849.50981,8772849.50981,31341777.92619,24615892,24615892,0,39645.02303
2023-01-09,8975786.88792,8975786.88792,31655498.33128,24845576,24845576,0,39584.41762
2023-01-10,9916043.7505,9916043.7505,32057921.54363,25143664,25143664,0,39624.00203
2023-01-11,12624215.76592,12624215.76592,32151044.94738,25218018,25218018,0,39538.53928
2023-01-12,15396237.79998,15396237.79998,31077985.96291,25934916,25934916,0,39931.33296
2023-01-13,14905300.61047,14905300.61047,30984068.07426,25844728,25844728,0,39404.78304
2023-01-14,14610567.38376,14610567.38376,32523709.84646,26982396,26982396,0,39441.14245
2023-01-15,13929982.76224,13929982.76224,32375762.30302,26873364,26873364,0,36487.24646
2023-01-16,14503118.95603,14503118.95603,32583319.48106,27045424,27045424,0,36560.07529
2023-01-17,14333879.79131,14333879.79131,32634843.87434,27070848,27070848,0,35384.9675
2023-01-18,16826976.89509,16826976.89509,32803182.69519,27195014,27195014,0,35375.44747
2023-01-19,16219276.60729,16219276.60729,32192444.19614,26745656,26745656,0,35384.04735
2023-01-20,15905577.9819,15905577.9819,32555439.19752,27013140,27013140,0,35383.69344
2023-01-21,16637575.2274,16637575.2274,33743241.6876,27886194,27886194,0,35353.64698
2023-01-22,16359290.95724,16359290.95724,37558844.86526,23750724,23750724,0,35461.19846
2023-01-23,16796413.81547,16796413.81547,37572335.32093,23766176,23766176,0,35358.74104
2023-01-24,18294194.4401,18294194.4401,37447673.36857,23678224,23678224,0,35323.41762
2023-01-25,16830308.69784,16830308.69784,36398666.59608,23002280,23002280,0,35291.97978
2023-01-26,18074911.5168,18074911.5168,37113950.66185,23550260,23550260,0,35196.60655
2023-01-27,18221313.76736,18221313.76736,35392890.91275,25547910.06,25547910.06,0,35323.41762
2023-01-28,18747614.03231,18747614.03231,35468775.61062,25634934.06,25634934.06,0,35323.41762
2023-01-29,18280315.33337,18280315.33337,35298005.05475,25508578.05006,25508578.05006,0,35358.74104
2023-01-30,19235810.25488,19235810.25488,35721178.82276,25974571.98286,25974571.98286,0,35313.24448
2023-01-31,18195229.40335,18195229.40335,34873252.64478,25365694.05006,25365694.05006,0,35358.74104
2023-02-01,18882953.19111,18882953.19111,35048099.74157,25494550.05006,25494550.05006,0,35358.74104
2023-02-02,16018196.28402,16018196.28402,38411754.58304,23778991.0519,23778991.0519,0,35281.13549
2023-02-03,17157566.42937,17157566.42937,38064027.00476,23512766.05006,23512766.05006,0,35358.74104
2023-02-04,17507098.70391,17507098.70391,38259390.71005,23656742.05006,23656742.05006,0,35358.74104
2023-02-05,17285042.16076,17285042.16076,38211236.22905,23631678.98435,23631678.98435,0,35307.94597
2023-02-06,17111696.46574,17111696.46574,40923451.94242,23427277.16015,23427277.16015,0,35322.88777
2023-02-07,17371942.80461,17371942.80461,37707761.01762,26297534.05006,26297534.05006,0,35358.74104
2023-02-08,18374645.55825,18374645.55825,38350181.53854,26774697.39489,26774697.39489,0,35270.50314
2023-02-09,16661300.09558,16661300.09558,38012152.8235,26523350.06,26523350.06,0,35323.41762
2023-02-10,15486279.23585,15486279.23585,36858891.46407,25673438.06,25673438.06,0,35323.41762
2023-02-11,13856178.45711,13856178.45711,31908846.53164,29889518.06,29889518.06,0,35323.41762
2023-02-12,13585337.58606,13585337.58606,32141601.95169,30062054.06,30062054.06,0,35323.41762
2023-02-13,13064264.85244,13064264.85244,31815880.12454,29793028.74519,29793028.74519,0,35162.83737
2023-02-14,12403819.84858,12403819.84858,31773402.57211,29790041.42103,29790041.42103,0,35319.74399
2023-02-15,12464225.47602,12464225.47602,32272095.04726,30192086.06,30192086.06,0,35323.41762
2023-02-16,12892608.10038,12892608.10038,45919954.53523,19654591.23815,19654591.23815,0,25263.84446
2023-02-17,12947976.60812,12947976.60812,45284857.11824,19474636.91896,19474636.91896,0,25181.97649
2023-02-18,12879838.25493,12879838.25493,45996175.65075,19655511.82907,19655511.82907,0,25213.41762
2023-02-19,12924794.06036,12924794.06036,45977000.53916,19654876.40503,19654876.40503,0,25201.81945
2023-02-20,12655850.00893,12655850.00893,45649217.73032,19578374.13174,19578374.13174,0,25207.26555
2023-02-21,12396455.52968,12396455.52968,46003029.49067,19679365.03315,19679365.03315,0,25177.00945
2023-02-22,11880934.71982,11880934.71982,45260329.20322,19514702.35161,19514702.35161,0,25210.66936
2023-02-23,11710302.53283,11710302.53283,44933031.0072,19435487.8702,19435487.8702,0,25207.89588
2023-02-24,11956514.39351,11956514.39351,45059031.90792,19459086.13512,19459086.13512,0,25188.96061
2023-02-25,11219234.95044,11219234.95044,7564057.14137,19295574.03879,19295574.03879,0,25199.6511
2023-02-26,11253696.06901,11253696.06901,5486795.50125,19259323.46027,19259323.46027,0,25211.40055
2023-02-27,11328500.82616,11328500.82616,5524341.61999,19448827.39045,19448827.39045,0,24063.45704
2023-02-28,10392123.97179,10392123.97179,5517873.73028,19414319.15319,19414319.15319,0,24063.45704
2023-03-01,10111355.30855,10111355.30855,6595691.23258,18311194.49341,18311194.49341,0,24159.61471
2023-03-02,10938967.9981,10938967.9981,6549799.89974,18434306.25399,18434306.25399,0,24039.41762
2023-03-03,10719901.98502,10719901.98502,6533676.05955,18385001.40634,18385001.40634,0,24063.45704
2023-03-04,9929757.5711,9929757.5711,6444116.84185,18122681.87929,18122681.87929,0,24031.43654
2023-03-05,9908076.87772,9908076.87772,6445786.89283,18126166.16844,18126166.16844,0,23341.73604
2023-03-06,9888048.7355,9888048.7355,6441400.43856,18114191.27877,18114191.27877,0,23318.41762
2023-03-07,10429176.46136,10429176.46136,3709864.73095,18097813.62069,18097813.62069,0,23318.41762
2023-03-08,10581041.67956,10581041.67956,3658003.15884,18140802.42754,18140802.42754,0,23365.05446
2023-03-09,10656453.31428,10656453.31428,3614842.63803,20998114.62713,20998114.62713,0,23318.41762
2023-03-10,10196576.19951,10196576.19951,3498842.51399,20658031.69422,20658031.69422,0,23365.05446
2023-03-11,9740998.6861,9740998.6861,7991991.19332,16077096.12405,16077096.12405,0,23143.29631
2023-03-12,9134082.07638,9134082.07638,2513634.13322,21146977.02745,21146977.02745,0,22436.25857
2023-03-13,10026356.17109,10026356.17109,2602613.72137,22271937.46989,22271937.46989,0,22170.47535
2023-03-14,10673211.42195,10673211.42195,2624853.61191,22642702.80277,22642702.80277,0,22316.45796
2023-03-15,11993248.09379,11993248.09379,2517301.08927,22833382.93285,22833382.93285,0,22412.45388
2023-03-16,11472766.62405,11472766.62405,2514885.35146,22639822.05261,22639822.05261,0,22434.7993
2023-03-17,11453223.56191,11453223.56191,2550597.60945,22718267.62775,22718267.62775,0,22434.7993
2023-03-18,11606260.02166,11606260.02166,2789877.6109,23271975.1463,23271975.1463,0,22434.7993
2023-03-19,10940392.87209,10940392.87209,2790599.5831,23220039.85447,23220039.85447,0,22457.14471
2023-03-20,10738167.64073,10738167.64073,2783227.96637,23185732.12858,23185732.12858,0,22390.10846
2023-03-21,10102065.88882,10102065.88882,2803806.24339,23158745.18756,23158745.18756,0,22501.83555
2023-03-22,9974971.40847,9974971.40847,2530232.53379,23728345.09735,23728345.09735,0,22390.10846
2023-03-23,9867482.49243,9867482.49243,2508371.04909,23623389.36198,23623389.36198,0,22457.14471
2023-03-24,10297047.3899,10297047.3899,2511934.12135,23892711.40242,23892711.40242,0,22412.45388
2023-03-25,10552668.05521,10552668.05521,2599043.58038,23685598.73259,23685598.73259,0,22457.14471
2023-03-26,10504057.25867,10504057.25867,2602369.91556,23668511.4239,23668511.4239,0,22501.83555
2023-03-27,10568848.22361,10568848.22361,2591608.49271,23692551.2353,23692551.2353,0,22367.76304
2023-03-28,10590492.37636,10590492.37636,2585741.5707,23584521.38767,23584521.38767,0,22335.42922
2023-03-29,9255521.65695,9255521.65695,2485385.35374,23668196.92851,23668196.92851,0,22367.76304
2023-03-30,9599114.10826,9599114.10826,2487680.61357,23748054.34752,23748054.34752,0,22367.76304
2023-03-31,8911972.24883,8911972.24883,2493921.97821,27350223.1371,27350223.1371,0,22412.45388
2023-04-01,9217992.09468,9217992.09468,2489036.95604,27357986.03992,27357986.03992,0,22345.41763
2023-04-02,9444534.71949,9444534.71949,2490365.17991,27344956.64367,27344956.64367,0,22367.76304
2023-04-03,9121561.2006,9121561.2006,2461188.50385,27232759.17597,27232759.17597,0,22367.76304
2023-04-04,8642263.26657,8642263.26657,2463227.60761,27303704.33054,27303704.33054,0,22367.76304
2023-04-05,8541394.60649,8541394.60649,2381058.21662,27777981.88289,27777981.88289,0,22323.74257
2023-04-06,8480463.34297,8480463.34297,2330820.43778,27820600.9819,27820600.9819,0,22390.10846
2023-04-07,8540719.00216,8540719.00216,2326111.80717,27719048.66335,27719048.66335,0,22367.76304
2023-04-08,8500630.93177,8500630.93177,2312481.66087,27617792.98565,27617792.98565,0,22367.76304
2023-04-09,8581205.63255,8581205.63255,2310358.68542,27596715.76781,27596715.76781,0,22345.41763
2023-04-10,8601349.30774,8601349.30774,2315156.25953,27658062.45614,27658062.45614,0,17875.09646
2023-04-11,8948155.63022,8948155.63022,4338160.79179,25801682.82445,25801682.82445,0,17799.77844
2023-04-12,10276196.58509,10276196.58509,4329573.18291,25751058.17488,25751058.17488,0,17834.22636
2023-04-13,9890264.45972,9890264.45972,1931842.81788,28217434.92837,28217434.92837,0,17329.85731
2023-04-14,9141599.02253,9141599.02253,1960426.13166,29110112.5792,29110112.5792,0,17375.09846
2023-04-15,9740862.6182,9740862.6182,2008789.36691,29051486.21947,29051486.21947,0,17357.75805
2023-04-16,9596364.63866,9596364.63866,2007783.31694,29052466.14322,29052466.14322,0,17340.41763
2023-04-17,9635774.76038,9635774.76038,1938822.11988,29004226.41832,29004226.41832,0,17337.15763
2023-04-18,9611898.14966,9611898.14966,1890845.85365,28973261.24494,28973261.24494,0,17357.75805
2023-04-19,9782481.59959,9782481.59959,1891804.17403,29040055.32457,29040055.32457,0,17333.91497
2023-04-20,9598839.45881,9598839.45881,1868759.46097,28363107.40736,28363107.40736,0,17325.21008
2023-04-21,9573055.30999,9573055.30999,1870939.92188,28413746.54488,28413746.54488,0,17334.43518
2023-04-22,11572721.82439,11572721.82439,1847848.35834,28260397.86851,28260397.86851,0,17340.0188
2023-04-23,11045649.65426,11045649.65426,1849581.50654,28311730.86705,28311730.86705,0,17340.41763
2023-04-24,10933216.68632,10933216.68632,1843292.01303,28241412.55227,28241412.55227,0,17264.86543
2023-04-25,11645270.69953,11645270.69953,1845258.99256,28205919.56492,28205919.56492,0,17325.22742
2023-04-26,14165321.27536,14165321.27536,1849904.94157,28339526.58834,28339526.58834,0,17328.85157
2023-04-27,13810964.76227,13810964.76227,1866941.66675,28582428.55768,28582428.55768,0,17329.05965
2023-04-28,15936763.32001,15936763.32001,1851732.95255,28488655.61529,28488655.61529,0,17318.23923
2023-04-29,15321342.17928,15321342.17928,1848766.52404,28404751.00575,28404751.00575,0,17313.03711
2023-04-30,14000558.06644,14000558.06644,1853107.65615,28497866.52258,28497866.52258,0,17338.12869
2023-05-01,13727548.53276,13727548.53276,1849644.47192,28404172.74956,28404172.74956,0,17329.54519
2023-05-02,12559986.24715,12559986.24715,1843520.94614,28194283.10494,28194283.10494,0,17340.41763
2023-05-03,13014914.88287,13014914.88287,1845379.93922,28293758.19742,28293758.19742,0,17316.05434
2023-05-04,12568675.89131,12568675.89131,1855941.87508,28553146.04723,28553146.04723,0,17357.75805
2023-05-05,11339033.72324,11339033.72324,2421340.26755,28419869.28362,28419869.28362,0,17340.41763
2023-05-06,11605981.38337,11605981.38337,2443021.65419,29003117.03938,29003117.03938,0,17375.09846
2023-05-07,11546322.43324,11546322.43324,2429100.47639,28567916.16584,28567916.16584,0,17375.09846
2023-05-08,11201656.09195,11201656.09195,2419736.66757,28402216.18831,28402216.18831,0,17328.50476
2023-05-09,9953051.57822,9953051.57822,2414242.53195,28234667.22357,28234667.22357,0,17326.96146
2023-05-10,10048753.99724,10048753.99724,2417244.32739,28296730.02591,28296730.02591,0,17340.41763
2023-05-11,10469658.66093,10469658.66093,4441431.95393,26152199.46147,26152199.46147,0,16358.57652
2023-05-12,10010295.20963,10010295.20963,2901650.98493,27629066.5483,27629066.5483,0,16422.82405
2023-05-13,10240056.5717,10240056.5717,2902115.30645,27643582.06811,27643582.06811,0,16422.82405
2023-05-14,10316474.90432,10316474.90432,2900976.37797,27607977.13046,27607977.13046,0,16422.82405
2023-05-15,10450206.98642,10450206.98642,2907561.43809,27750819.16154,27750819.16154,0,16439.23046
2023-05-16,11214390.31266,11214390.31266,2901007.54673,27671970.22662,27671970.22662,0,16406.41763
2023-05-17,11995776.8569,11995776.8569,2899987.3952,27708369.32645,27708369.32645,0,16406.41763
2023-05-18,11341555.15774,11341555.15774,2896915.08199,27670874.42024,27670874.42024,0,16390.9956
2023-05-19,11931468.26159,11931468.26159,2897053.22593,27616025.9132,27616025.9132,0,16406.41763
2023-05-20,12188285.48011,12188285.48011,2897652.88102,27637162.46439,27637162.46439,0,16405.79419
2023-05-21,11998701.26283,11998701.26283,2902158.47544,27736631.40329,27736631.40329,0,16422.82405
2023-05-22,11884609.01627,11884609.01627,1916670.79645,27640783.57977,27640783.57977,0,16439.23046
2023-05-23,12416245.81559,12416245.81559,1912994.67594,27647586.31153,27647586.31153,0,16377.23061
2023-05-24,12530330.76948,12530330.76948,3688006.1996,27821014.46923,27821014.46923,0,16405.3184
2023-05-25,13424436.81865,13424436.81865,1410941.90285,29813901.23801,29813901.23801,0,16383.53068
2023-05-26,13277620.2483,13277620.2483,1413404.92641,31876530.99862,31876530.99862,0,16398.95271
2023-05-27,12394699.358,12394699.358,1417046.11029,31985168.39329,31985168.39329,0,16405.85981
2023-05-28,12889780.6981,12889780.6981,1412381.16164,32121735.48221,32121735.48221,0,16457.64288
2023-05-29,12567061.59373,12567061.59373,1419570.00402,32384275.63919,32384275.63919,0,16405.89073
2023-05-30,12509451.94607,12509451.94607,4953181.58408,28749850.07506,28749850.07506,0,16395.93082
2023-05-31,12357592.13489,12357592.13489,4957915.07576,28821729.40051,28821729.40051,0,16405.8251
2023-06-01,12339885.86766,12339885.86766,4943867.22892,28636602.83914,28636602.83914,0,16372.79495
2023-06-02,11501940.87512,11501940.87512,4881035.39696,32146305.83535,32146305.83535,0,16406.54707
2023-06-03,11843478.85917,11843478.85917,4783712.54798,32411207.58959,32411207.58959,0,16395.12681
2023-06-04,11634705.68515,11634705.68515,4785077.49161,32375924.2623,32375924.2623,0,16406.03841
2023-06-05,12678092.09013,12678092.09013,4774129.18696,32377547.51074,32377547.51074,0,16424.82605
2023-06-06,11462806.09477,11462806.09477,4805959.48371,35061338.4353,35061338.4353,0,16424.82605
2023-06-08,11258207.58853,11258207.58853,4356018.20538,36375948.67044,36375948.67044,0,16404.20067
2023-06-09,11353133.45353,11353133.45353,4356869.16862,36376896.57196,36376896.57196,0,16408.41763
2023-06-10,11296177.93453,11296177.93453,4095471.12194,36577023.18949,36577023.18949,0,16396.37385
2023-06-11,10744472.85397,10744472.85397,6517473.55556,33791538.66988,33791538.66988,0,16404.34834
2023-06-12,11045031.82243,11045031.82243,6504110.87884,33728056.31735,33728056.31735,0,16370.71109
2023-06-13,10950305.99205,10950305.99205,4170614.61523,34263339.83772,34263339.83772,0,16377.73389
2023-06-14,10514456.17229,10514456.17229,3967641.03254,34606127.41046,34606127.41046,0,16424.82605
2023-06-15,10665503.02572,10665503.02572,4023699.03128,34178624.8059,34178624.8059,0,16408.41763
2023-06-16,10797606.46104,10797606.46104,4521019.5073,34200525.61848,34200525.61848,0,16397.40758
2023-06-17,10778663.29181,10778663.29181,4014783.06983,35486598.57415,35486598.57415,0,16405.48052
2023-06-18,10628063.05484,10628063.05484,4015773.2898,35527149.34911,35527149.34911,0,16408.41763
2023-06-19,10622005.6999,10622005.6999,4019633.52543,35543081.36093,35543081.36093,0,16424.82605
2023-06-20,10603071.64339,10603071.64339,4166297.41055,35596203.37267,35596203.37267,0,16408.41763
2023-06-21,11414855.25559,11414855.25559,4318957.25768,36262426.5604,36262426.5604,0,16408.41763
2023-06-22,11886406.76881,11886406.76881,4322835.4731,36783519.31487,36783519.31487,0,16407.36749
2023-06-23,11980893.3091,11980893.3091,4021227.74395,36607892.55891,36607892.55891,0,16406.56348
2023-06-24,12188763.69775,12188763.69775,4030103.19201,35927485.84364,35927485.84364,0,16424.82605
2023-06-25,12858248.643,12858248.643,4025779.81948,35854140.01189,35854140.01189,0,16408.41763
2023-06-26,13156014.67222,13156014.67222,4026029.65566,35942174.37589,35942174.37589,0,16406.44862
2023-06-27,12705303.74821,12705303.74821,4301050.0452,34881176.52209,34881176.52209,0,16457.64288
2023-06-28,13339985.29928,13339985.29928,5993716.93369,37434125.65663,37434125.65663,0,16391.7959
2023-06-29,12587939.80673,12587939.80673,4241448.98774,39974598.56352,39974598.56352,0,16394.58533
2023-06-30,13100618.71435,13100618.71435,4245351.4444,40104548.27876,40104548.27876,0,16406.57989
2023-07-01,12250664.99144,12250664.99144,4023322.22308,40699558.21992,40699558.21992,0,16401.23074
2023-07-02,12870791.96519,12870791.96519,4024603.65528,40656724.56705,40656724.56705,0,16408.41763
2023-07-03,11775598.13789,11775598.13789,3505801.15982,40729374.68016,40729374.68016,0,16408.41763
2023-07-04,12345385.14457,12345385.14457,3512023.33616,40838757.36478,40838757.36478,0,16424.82605
2023-07-05,11661640.73656,11661640.73656,3464667.13605,40700441.48306,40700441.48306,0,16394.40484
2023-07-06,11623654.93611,11623654.93611,3769795.25181,39590945.35191,39590945.35191,0,16403.4951
2023-07-07,11757756.32772,11757756.32772,3901339.0882,38833365.7067,38833365.7067,0,16407.25263
2023-07-08,11928709.16609,11928709.16609,3533184.38263,38194523.9143,38194523.9143,0,16408.41763
2023-07-09,12118656.76428,12118656.76428,3533127.85168,38179011.76124,38179011.76124,0,16408.15509
2023-07-10,12042296.09276,12042296.09276,8558783.93578,38244186.67821,38244186.67821,0,16457.64288
2023-07-11,12270225.98726,12270225.98726,1951471.688,43364208.40935,43364208.40935,0,16406.67834
2023-07-12,12306260.30524,12306260.30524,2995620.36851,43378088.61017,43378088.61017,0,16407.9746
2023-07-13,11879376.57648,11879376.57648,1951592.52189,44378889.77964,44378889.77964,0,16403.26539
2023-07-14,12900851.63242,12900851.63242,2151956.40201,44785039.47695,44785039.47695,0,16384.64183
2023-07-15,12409030.30919,12409030.30919,2201457.45203,44445388.014,44445388.014,0,16402.60905
2023-07-16,12617108.56132,12617108.56132,2202020.37544,44468380.27497,44468380.27497,0,16408.41763
2023-07-17,12806270.60872,12806270.60872,1995982.49501,44390054.40326,44390054.40326,0,16395.29089
2023-07-18,11974136.13964,11974136.13964,1997010.15684,44377995.14299,44377995.14299,0,16408.41763
2023-07-19,11451652.28097,11451652.28097,2259288.87549,44390684.1,44390684.1,0,16424.82605
2023-07-20,11225697.46067,11225697.46067,2263904.3018,44257281.68594,44257281.68594,0,16399.88525
2023-07-21,10697756.84395,10697756.84395,2144400.56625,44264678.03192,44264678.03192,0,16405.77587
2023-07-22,10754358.73202,10754358.73202,2380836.86658,44055560.0097,44055560.0097,0,16402.16602
2023-07-23,10962183.34725,10962183.34725,2379672.60684,43889622.15718,43889622.15718,0,16394.14231
2023-07-24,11018786.7036,11018786.7036,2380012.11764,44010355.39482,44010355.39482,0,16396.48871
2023-07-25,10000144.61637,10000144.61637,2381519.23194,43854402.50967,43854402.50967,0,16406.87524
2023-07-26,11207718.15929,11207718.15929,2381743.13267,43894979.59716,43894979.59716,0,16408.41763
2023-07-27,10867906.26934,10867906.26934,1884319.11556,43951096.46671,43951096.46671,0,16408.41763
2023-07-28,10943377.84065,10943377.84065,1884111.74254,43916049.50985,43916049.50985,0,16406.6127
2023-07-29,10935696.81128,10935696.81128,2136081.85371,43733643.44976,43733643.44976,0,16408.41763
2023-07-30,11174571.34662,11174571.34662,1884939.43218,43760613.86139,43760613.86139,0,16408.41763
2023-07-31,11195826.83602,11195826.83602,1884176.21146,43652555.72136,43652555.72136,0,16401.77222
