date,n-transactions-total
2009-01-02,1.0
2009-01-11,170.0
2009-01-15,658.0
2009-01-19,1102.0
2009-01-23,1498.0
2009-01-27,2087.0
2009-01-31,2577.0
2009-02-04,3094.0
2009-02-08,3608.0
2009-02-12,4117.0
2009-02-16,4631.0
2009-02-20,5113.0
2009-02-24,5566.0
2009-02-28,5994.0
2009-03-04,6420.0
2009-03-08,6877.0
2009-03-12,7325.0
2009-03-16,7794.0
2009-03-20,8265.0
2009-03-24,8671.0
2009-03-28,9134.0
2009-04-01,9595.0
2009-04-05,10071.0
2009-04-09,10484.0
2009-04-13,10949.0
2009-04-17,11421.0
2009-04-21,11916.0
2009-04-25,12345.0
2009-04-29,12809.0
2009-05-03,13298.0
2009-05-07,13820.0
2009-05-11,14211.0
2009-05-15,14736.0
2009-05-19,15186.0
2009-05-23,15481.0
2009-05-27,15934.0
2009-05-31,16342.0
2009-06-04,16661.0
2009-06-08,16817.0
2009-06-12,17165.0
2009-06-16,17470.0
2009-06-20,17794.0
2009-06-24,18125.0
2009-06-28,18415.0
2009-07-02,18744.0
2009-07-06,19078.0
2009-07-10,19388.0
2009-07-14,19695.0
2009-07-18,19863.0
2009-07-22,20146.0
2009-07-26,20347.0
2009-07-30,20498.0
2009-08-03,20578.0
2009-08-07,20917.0
2009-08-11,21243.0
2009-08-15,21480.0
2009-08-19,21544.0
2009-08-23,21602.0
2009-08-27,21747.0
2009-08-31,22085.0
2009-09-04,22355.0
2009-09-08,22647.0
2009-09-12,22904.0
2009-09-16,23170.0
2009-09-20,23485.0
2009-09-24,23714.0
2009-09-28,24080.0
2009-10-02,24410.0
2009-10-06,24622.0
2009-10-10,24907.0
2009-10-14,25166.0
2009-10-18,25430.0
2009-10-22,25810.0
2009-10-26,26109.0
2009-10-30,26348.0
2009-11-03,26514.0
2009-11-07,26766.0
2009-11-11,27054.0
2009-11-15,27378.0
2009-11-19,27718.0
2009-11-23,28079.0
2009-11-27,28420.0
2009-12-01,28700.0
2009-12-05,28983.0
2009-12-09,29416.0
2009-12-13,29858.0
2009-12-17,30386.0
2009-12-21,31161.0
2009-12-25,31781.0
2009-12-29,32431.0
2010-01-02,32970.0
2010-01-06,33700.0
2010-01-10,34348.0
2010-01-14,34979.0
2010-01-18,35504.0
2010-01-22,36106.0
2010-01-26,36839.0
2010-01-30,37599.0
2010-02-03,38377.0
2010-02-07,39266.0
2010-02-11,40031.0
2010-02-15,40858.0
2010-02-19,41719.0
2010-02-23,42672.0
2010-02-27,43358.0
2010-03-03,44067.0
2010-03-07,44794.0
2010-03-11,45377.0
2010-03-15,45921.0
2010-03-19,46500.0
2010-03-23,47300.0
2010-03-27,48081.0
2010-03-31,48917.0
2010-04-04,49604.0
2010-04-08,50361.0
2010-04-12,51392.0
2010-04-16,52348.0
2010-04-20,56469.0
2010-04-24,57321.0
2010-04-28,58196.0
2010-05-02,58937.0
2010-05-06,59641.0
2010-05-10,60320.0
2010-05-14,60929.0
2010-05-18,61576.0
2010-05-22,62481.0
2010-05-26,63581.0
2010-05-30,64565.0
2010-06-03,65370.0
2010-06-07,66142.0
2010-06-11,67050.0
2010-06-15,68029.0
2010-06-19,68831.0
2010-06-23,69785.0
2010-06-27,70670.0
2010-07-01,71722.0
2010-07-05,72722.0
2010-07-09,73640.0
2010-07-13,78013.0
2010-07-17,87077.0
2010-07-21,89069.0
2010-07-25,92593.0
2010-07-29,97304.0
2010-08-02,98688.0
2010-08-06,100653.0
2010-08-10,102078.0
2010-08-14,103830.0
2010-08-18,105292.0
2010-08-22,106748.0
2010-08-26,108229.0
2010-08-30,109452.0
2010-09-03,110912.0
2010-09-07,112057.0
2010-09-11,113387.0
2010-09-15,115054.0
2010-09-19,116607.0
2010-09-23,119213.0
2010-09-27,121246.0
2010-10-01,123661.0
2010-10-05,125319.0
2010-10-09,126831.0
2010-10-13,128249.0
2010-10-17,129843.0
2010-10-21,132614.0
2010-10-25,134691.0
2010-10-29,136731.0
2010-11-02,138100.0
2010-11-06,139625.0
2010-11-10,141400.0
2010-11-14,142837.0
2010-11-18,158960.0
2010-11-22,188510.0
2010-11-26,199066.0
2010-11-30,200881.0
2010-12-04,202649.0
2010-12-08,204643.0
2010-12-12,206698.0
2010-12-16,209166.0
2010-12-20,211611.0
2010-12-24,213954.0
2010-12-28,216356.0
2011-01-01,218674.0
2011-01-05,222672.0
2011-01-09,227034.0
2011-01-13,232147.0
2011-01-17,236125.0
2011-01-21,239950.0
2011-01-25,244687.0
2011-01-29,248951.0
2011-02-02,254850.0
2011-02-06,258311.0
2011-02-10,263330.0
2011-02-14,271433.0
2011-02-18,280031.0
2011-02-22,287722.0
2011-02-26,296097.0
2011-03-02,304836.0
2011-03-06,314109.0
2011-03-10,321981.0
2011-03-14,332159.0
2011-03-18,343950.0
2011-03-22,359373.0
2011-03-26,371351.0
2011-03-30,381218.0
2011-04-03,388481.0
2011-04-07,396445.0
2011-04-11,403648.0
2011-04-15,412973.0
2011-04-19,424016.0
2011-04-23,433319.0
2011-04-27,446280.0
2011-05-01,461200.0
2011-05-05,473516.0
2011-05-09,487088.0
2011-05-13,500768.0
2011-05-17,517756.0
2011-05-21,537766.0
2011-05-25,561028.0
2011-05-29,582544.0
2011-06-02,607637.0
2011-06-06,643119.0
2011-06-10,687407.0
2011-06-14,736136.0
2011-06-18,784401.0
2011-06-22,828253.0
2011-06-26,869460.0
2011-06-30,911420.0
2011-07-04,948045.0
2011-07-08,985227.0
2011-07-12,1020117.0
2011-07-16,1054846.0
2011-07-20,1090253.0
2011-07-24,1123196.0
2011-07-28,1157013.0
2011-08-01,1186975.0
2011-08-05,1219102.0
2011-08-09,1249139.0
2011-08-13,1279613.0
2011-08-17,1312794.0
2011-08-21,1342755.0
2011-08-25,1372434.0
2011-08-29,1399898.0
2011-09-02,1429269.0
2011-09-06,1457332.0
2011-09-10,1484207.0
2011-09-14,1509972.0
2011-09-18,1534053.0
2011-09-22,1562716.0
2011-09-26,1586106.0
2011-09-30,1609722.0
2011-10-04,1632389.0
2011-10-08,1655193.0
2011-10-12,1678394.0
2011-10-16,1700021.0
2011-10-20,1720480.0
2011-10-24,1742318.0
2011-10-28,1762640.0
2011-11-01,1784170.0
2011-11-05,1808836.0
2011-11-09,1831920.0
2011-11-13,1853942.0
2011-11-17,1877026.0
2011-11-21,1896772.0
2011-11-25,1918362.0
2011-11-29,1940579.0
2011-12-03,1965689.0
2011-12-07,1991540.0
2011-12-11,2013872.0
2011-12-15,2034597.0
2011-12-19,2055204.0
2011-12-23,2078604.0
2011-12-27,2099428.0
2011-12-31,2119853.0
2012-01-04,2141802.0
2012-01-08,2167762.0
2012-01-12,2194335.0
2012-01-16,2221206.0
2012-01-20,2248347.0
2012-01-24,2273434.0
2012-01-28,2300283.0
2012-02-01,2326193.0
2012-02-05,2354516.0
2012-02-09,2382119.0
2012-02-13,2413283.0
2012-02-17,2448347.0
2012-02-21,2473595.0
2012-02-25,2502113.0
2012-02-29,2528080.0
2012-03-04,2554315.0
2012-03-08,2580934.0
2012-03-12,2604183.0
2012-03-16,2631707.0
2012-03-20,2658017.0
2012-03-24,2684183.0
2012-03-28,2710879.0
2012-04-01,2736972.0
2012-04-05,2765433.0
2012-04-09,2790733.0
2012-04-13,2822550.0
2012-04-17,2854228.0
2012-04-21,2886185.0
2012-04-25,2914845.0
2012-04-29,2947200.0
2012-05-03,2990876.0
2012-05-07,3047591.0
2012-05-11,3113179.0
2012-05-15,3196801.0
2012-05-19,3291777.0
2012-05-23,3405627.0
2012-05-27,3510999.0
2012-05-31,3617278.0
2012-06-04,3737191.0
2012-06-08,3854429.0
2012-06-12,3978747.0
2012-06-16,4195806.0
2012-06-20,4347208.0
2012-06-24,4441819.0
2012-06-28,4558155.0
2012-07-02,4648366.0
2012-07-06,4739594.0
2012-07-10,4846409.0
2012-07-14,4949089.0
2012-07-18,5074605.0
2012-07-22,5212119.0
2012-07-26,5331059.0
2012-07-30,5462346.0
2012-08-03,5595343.0
2012-08-07,5722485.0
2012-08-11,5854269.0
2012-08-15,6025712.0
2012-08-19,6186236.0
2012-08-23,6334409.0
2012-08-27,6463194.0
2012-08-31,6601644.0
2012-09-04,6753878.0
2012-09-08,6902241.0
2012-09-12,7033762.0
2012-09-16,7154739.0
2012-09-20,7275508.0
2012-09-24,7384773.0
2012-09-28,7503439.0
2012-10-02,7605392.0
2012-10-06,7733871.0
2012-10-10,7873791.0
2012-10-14,7989945.0
2012-10-18,8115294.0
2012-10-22,8255298.0
2012-10-26,8368550.0
2012-10-30,8455169.0
2012-11-03,8559129.0
2012-11-07,8683889.0
2012-11-11,8792250.0
2012-11-15,8910629.0
2012-11-19,9053886.0
2012-11-23,9192843.0
2012-11-27,9323592.0
2012-12-01,9461273.0
2012-12-05,9569862.0
2012-12-09,9704068.0
2012-12-13,9856024.0
2012-12-17,10004591.0
2012-12-21,10179008.0
2012-12-25,10333282.0
2012-12-29,10497706.0
2013-01-02,10644670.0
2013-01-06,10808310.0
2013-01-10,10983128.0
2013-01-14,11175862.0
2013-01-18,11371267.0
2013-01-22,11552685.0
2013-01-26,11746652.0
2013-01-30,11946799.0
2013-02-03,12173379.0
2013-02-07,12386345.0
2013-02-11,12618644.0
2013-02-15,12842453.0
2013-02-19,13048414.0
2013-02-23,13284592.0
2013-02-27,13533350.0
2013-03-03,13771565.0
2013-03-07,14021718.0
2013-03-11,14266151.0
2013-03-15,14492424.0
2013-03-19,14650795.0
2013-03-23,14866678.0
2013-03-27,15068956.0
2013-03-31,15296088.0
2013-04-04,15542903.0
2013-04-08,15781078.0
2013-04-12,16038435.0
2013-04-16,16270075.0
2013-04-20,16480736.0
2013-04-24,16699419.0
2013-04-28,16903517.0
2013-05-02,17113687.0
2013-05-06,17318921.0
2013-05-10,17560459.0
2013-05-14,17827063.0
2013-05-18,18064021.0
2013-05-22,18266162.0
2013-05-26,18472670.0
2013-05-30,18695655.0
2013-06-03,18909748.0
2013-06-07,19130607.0
2013-06-11,19317957.0
2013-06-15,19493039.0
2013-06-19,19675526.0
2013-06-23,19857923.0
2013-06-27,20038441.0
2013-07-01,20194487.0
2013-07-05,20341761.0
2013-07-09,20486099.0
2013-07-13,20655424.0
2013-07-17,20806559.0
2013-07-21,20953905.0
2013-07-25,21117080.0
2013-07-29,21270723.0
2013-08-02,21465143.0
2013-08-06,21659021.0
2013-08-10,21876015.0
2013-08-14,22069560.0
2013-08-18,22311807.0
2013-08-22,22573372.0
2013-08-26,22781271.0
2013-08-30,23029661.0
2013-09-03,23227259.0
2013-09-07,23453708.0
2013-09-11,23660010.0
2013-09-15,23854571.0
2013-09-19,24094919.0
2013-09-23,24322439.0
2013-09-27,24544378.0
2013-10-01,24732277.0
2013-10-05,24950851.0
2013-10-09,25134237.0
2013-10-13,25343881.0
2013-10-17,25555065.0
2013-10-21,25779633.0
2013-10-25,26020892.0
2013-10-29,26214060.0
2013-11-02,26404958.0
2013-11-06,26593539.0
2013-11-10,26825540.0
2013-11-14,27075645.0
2013-11-18,27314947.0
2013-11-22,27633596.0
2013-11-26,27922306.0
2013-11-30,28279868.0
2013-12-04,28586564.0
2013-12-08,28857043.0
2013-12-12,29114019.0
2013-12-16,29349973.0
2013-12-20,29633852.0
2013-12-24,29853500.0
2013-12-28,30060953.0
2014-01-01,30259586.0
2014-01-05,30486098.0
2014-01-09,30736978.0
2014-01-13,30951053.0
2014-01-17,31185351.0
2014-01-21,31421422.0
2014-01-25,31669679.0
2014-01-29,31913041.0
2014-02-02,32141133.0
2014-02-06,32406147.0
2014-02-10,32665337.0
2014-02-14,32937665.0
2014-02-18,33182973.0
2014-02-22,33451837.0
2014-02-26,33737541.0
2014-03-02,34000971.0
2014-03-06,34309391.0
2014-03-10,34579039.0
2014-03-14,34874620.0
2014-03-18,35116674.0
2014-03-22,35399977.0
2014-03-26,35669182.0
2014-03-30,35916891.0
2014-04-03,36180662.0
2014-04-07,36418645.0
2014-04-11,36684903.0
2014-04-15,36926901.0
2014-04-19,37171002.0
2014-04-23,37431721.0
2014-04-27,37680606.0
2014-05-01,37933416.0
2014-05-05,38167287.0
2014-05-09,38449155.0
2014-05-13,38702439.0
2014-05-17,38965893.0
2014-05-21,39220681.0
2014-05-25,39476803.0
2014-05-29,39749554.0
2014-06-02,39987099.0
2014-06-06,40250781.0
2014-06-10,40473834.0
2014-06-14,40719484.0
2014-06-18,40975842.0
2014-06-22,41197232.0
2014-06-26,41447698.0
2014-06-30,41685191.0
2014-07-04,41943394.0
2014-07-08,42180575.0
2014-07-12,42425727.0
2014-07-16,42678822.0
2014-07-20,42920507.0
2014-07-24,43184303.0
2014-07-28,43419821.0
2014-08-01,43684681.0
2014-08-05,43934462.0
2014-08-09,44213658.0
2014-08-13,44499113.0
2014-08-17,44780553.0
2014-08-21,45074219.0
2014-08-25,45325324.0
2014-08-29,45609878.0
2014-09-02,45871302.0
2014-09-06,46145242.0
2014-09-10,46437022.0
2014-09-14,46698904.0
2014-09-18,47022606.0
2014-09-22,47288697.0
2014-09-26,47592450.0
2014-09-30,47873824.0
2014-10-04,48167284.0
2014-10-08,48470108.0
2014-10-12,48762755.0
2014-10-16,49073750.0
2014-10-20,49356377.0
2014-10-24,49677179.0
2014-10-28,49992303.0
2014-11-01,50333527.0
2014-11-05,50679369.0
2014-11-09,51001965.0
2014-11-13,51365099.0
2014-11-17,51688536.0
2014-11-21,52032605.0
2014-11-25,52356355.0
2014-11-29,52691679.0
2014-12-03,53072918.0
2014-12-07,53417501.0
2014-12-11,53772332.0
2014-12-15,54104356.0
2014-12-19,54494163.0
2014-12-23,54856046.0
2014-12-27,55159152.0
2014-12-31,55480094.0
2015-01-04,55786649.0
2015-01-08,56167700.0
2015-01-12,56563545.0
2015-01-16,56996731.0
2015-01-20,57368543.0
2015-01-24,57734051.0
2015-01-28,58113605.0
2015-02-01,58450316.0
2015-02-05,58806421.0
2015-02-09,59164725.0
2015-02-13,59566801.0
2015-02-17,59958714.0
2015-02-21,60344470.0
2015-02-25,60740803.0
2015-03-01,61121472.0
2015-03-05,61536823.0
2015-03-09,61915745.0
2015-03-13,62314941.0
2015-03-17,62694869.0
2015-03-21,63098047.0
2015-03-25,63483022.0
2015-03-29,63862964.0
2015-04-02,64314927.0
2015-04-06,64711064.0
2015-04-10,65160266.0
2015-04-14,65572106.0
2015-04-18,65979454.0
2015-04-22,66411165.0
2015-04-26,66822901.0
2015-04-30,67279070.0
2015-05-04,67662569.0
2015-05-08,68108888.0
2015-05-12,68514934.0
2015-05-16,68921457.0
2015-05-20,69321823.0
2015-05-24,69702357.0
2015-05-28,70136658.0
2015-06-01,70616730.0
2015-06-05,71100871.0
2015-06-09,71506717.0
2015-06-13,71990448.0
2015-06-17,72477817.0
2015-06-21,72926758.0
2015-06-25,73395661.0
2015-06-29,73842827.0
2015-07-03,74414788.0
2015-07-07,75000638.0
2015-07-11,75771695.0
2015-07-15,76377423.0
2015-07-19,76860425.0
2015-07-23,77359954.0
2015-07-27,77778068.0
2015-07-31,78311452.0
2015-08-04,78814943.0
2015-08-08,79296537.0
2015-08-12,79736890.0
2015-08-16,80149184.0
2015-08-20,80623590.0
2015-08-24,81061017.0
2015-08-28,81546557.0
2015-09-01,82011379.0
2015-09-05,82517993.0
2015-09-09,83001503.0
2015-09-13,83589772.0
2015-09-17,84346930.0
2015-09-21,84864066.0
2015-09-25,85385168.0
2015-09-29,85888413.0
2015-10-03,86421773.0
2015-10-07,86930983.0
2015-10-11,87417899.0
2015-10-15,87982906.0
2015-10-19,88525516.0
2015-10-23,89112016.0
2015-10-27,89654027.0
2015-10-31,90297023.0
2015-11-04,91013174.0
2015-11-08,91646798.0
2015-11-12,92286431.0
2015-11-16,92893073.0
2015-11-20,93524134.0
2015-11-24,94102540.0
2015-11-28,94746176.0
2015-12-02,95419748.0
2015-12-06,96123127.0
2015-12-10,96942987.0
2015-12-14,97778984.0
2015-12-18,98655287.0
2015-12-22,99515476.0
2015-12-26,100305034.0
2015-12-30,101000764.0
2016-01-03,101571729.0
2016-01-07,102297161.0
2016-01-11,103010985.0
2016-01-15,103760801.0
2016-01-19,104557079.0
2016-01-23,105393213.0
2016-01-27,106277164.0
2016-01-31,107097081.0
2016-02-04,107953916.0
2016-02-08,108840634.0
2016-02-12,109728733.0
2016-02-16,110538096.0
2016-02-20,111409151.0
2016-02-24,112324526.0
2016-02-28,113159415.0
2016-03-03,114194756.0
2016-03-07,114982938.0
2016-03-11,115752295.0
2016-03-15,116462714.0
2016-03-19,117267257.0
2016-03-23,118036568.0
2016-03-27,118717643.0
2016-03-31,119519077.0
2016-04-04,120301309.0
2016-04-08,121170114.0
2016-04-12,122022428.0
2016-04-16,122869495.0
2016-04-20,123725048.0
2016-04-24,124517359.0
2016-04-28,125473816.0
2016-05-02,126363745.0
2016-05-06,127297075.0
2016-05-10,128159242.0
2016-05-14,129066021.0
2016-05-18,129981129.0
2016-05-22,130783891.0
2016-05-26,131722199.0
2016-05-30,132520907.0
2016-06-03,133435118.0
2016-06-07,134274248.0
2016-06-11,135182216.0
2016-06-15,136151343.0
2016-06-19,137124968.0
2016-06-23,138099653.0
2016-06-27,138943108.0
2016-07-01,139818164.0
2016-07-05,140623108.0
2016-07-09,141448513.0
2016-07-13,142264794.0
2016-07-17,143052608.0
2016-07-21,143942775.0
2016-07-25,144783205.0
2016-07-29,145723125.0
2016-08-02,146590177.0
2016-08-06,147488018.0
2016-08-10,148392775.0
2016-08-14,149293157.0
2016-08-18,150228418.0
2016-08-22,151096839.0
2016-08-26,152030973.0
2016-08-30,152874409.0
2016-09-03,153745688.0
2016-09-07,154639697.0
2016-09-11,155460161.0
2016-09-15,156372460.0
2016-09-19,157216700.0
2016-09-23,158153913.0
2016-09-27,159030221.0
2016-10-01,159972595.0
2016-10-05,160955164.0
2016-10-09,161955206.0
2016-10-13,162907622.0
2016-10-17,163792452.0
2016-10-21,164778698.0
2016-10-25,165649442.0
2016-10-29,166680044.0
2016-11-02,167646148.0
2016-11-06,168630170.0
2016-11-10,169740830.0
2016-11-14,170715430.0
2016-11-18,171839267.0
2016-11-22,172904661.0
2016-11-26,174101890.0
2016-11-30,175220623.0
2016-12-04,176309004.0
2016-12-08,177500532.0
2016-12-12,178517026.0
2016-12-16,179658397.0
2016-12-20,180710924.0
2016-12-24,181895789.0
2016-12-28,182941295.0
2017-01-01,183961799.0
2017-01-05,185172468.0
2017-01-09,186331500.0
2017-01-13,187526244.0
2017-01-17,188563136.0
2017-01-21,189722896.0
2017-01-25,190780358.0
2017-01-29,191844521.0
2017-02-02,193009940.0
2017-02-06,194139731.0
2017-02-10,195422528.0
2017-02-14,196526652.0
2017-02-18,197709937.0
2017-02-22,198804578.0
2017-02-26,200067913.0
2017-03-02,201323192.0
2017-03-06,202494972.0
2017-03-10,203730676.0
2017-03-14,204816495.0
2017-03-18,205991487.0
2017-03-22,207142546.0
2017-03-26,208183230.0
2017-03-30,209283040.0
2017-04-03,210331731.0
2017-04-07,211489676.0
2017-04-11,212537440.0
2017-04-15,213604022.0
2017-04-19,214675280.0
2017-04-23,215785841.0
2017-04-27,216966802.0
2017-05-01,218189730.0
2017-05-05,219439937.0
2017-05-09,220817283.0
2017-05-13,222070336.0
2017-05-17,223319866.0
2017-05-21,224608121.0
2017-05-25,225991952.0
2017-05-29,227286921.0
2017-06-02,228546120.0
2017-06-06,229706676.0
2017-06-10,230889986.0
2017-06-14,231962028.0
2017-06-18,232970155.0
2017-06-22,234059705.0
2017-06-26,234989698.0
2017-06-30,236026202.0
2017-07-04,236955005.0
2017-07-08,237881147.0
2017-07-12,238843535.0
2017-07-16,239742398.0
2017-07-20,240717621.0
2017-07-24,241630558.0
2017-07-28,242585209.0
2017-08-01,243343135.0
2017-08-05,244240858.0
2017-08-09,245225550.0
2017-08-13,246291824.0
2017-08-17,247480589.0
2017-08-21,248507661.0
2017-08-25,249431724.0
2017-08-29,250423130.0
2017-09-02,251497283.0
2017-09-06,252515787.0
2017-09-10,253462800.0
2017-09-14,254503652.0
2017-09-18,255440764.0
2017-09-22,256441730.0
2017-09-26,257321180.0
2017-09-30,258321327.0
2017-10-04,259335557.0
2017-10-08,260361879.0
2017-10-12,261548652.0
2017-10-16,262749769.0
2017-10-20,264082082.0
2017-10-24,265347488.0
2017-10-28,266383322.0
2017-11-01,267662050.0
2017-11-05,268826538.0
2017-11-09,270075705.0
2017-11-13,271037940.0
2017-11-17,272248316.0
2017-11-21,273491904.0
2017-11-25,274798026.0
2017-11-29,276271425.0
2017-12-03,277747090.0
2017-12-07,279373630.0
2017-12-11,280871727.0
2017-12-15,282565792.0
2017-12-19,284094637.0
2017-12-23,285489261.0
2017-12-27,286552442.0
2017-12-31,287846198.0
2018-01-04,289250439.0
2018-01-08,290665709.0
2018-01-12,292011260.0
2018-01-16,293089374.0
2018-01-20,294197236.0
2018-01-24,295182374.0
2018-01-28,296046100.0
2018-02-01,296975108.0
2018-02-05,297797902.0
2018-02-09,298604656.0
2018-02-13,299306169.0
2018-02-17,300060611.0
2018-02-21,300812154.0
2018-02-25,301478395.0
2018-03-01,302309658.0
2018-03-05,303041352.0
2018-03-09,303857516.0
2018-03-13,304549889.0
2018-03-17,305285642.0
2018-03-21,306033506.0
2018-03-25,306691342.0
2018-03-29,307435858.0
2018-04-02,308073189.0
2018-04-06,308813093.0
2018-04-10,309468954.0
2018-04-14,310243378.0
2018-04-18,311012999.0
2018-04-22,311801306.0
2018-04-26,312713491.0
2018-04-30,313522774.0
2018-05-04,314383829.0
2018-05-08,315180744.0
2018-05-12,315992718.0
2018-05-16,316784522.0
2018-05-20,317519701.0
2018-05-24,318354573.0
2018-05-28,319042790.0
2018-06-01,319866167.0
2018-06-05,320628257.0
2018-06-09,321415161.0
2018-06-13,322234256.0
2018-06-17,322954219.0
2018-06-21,323736973.0
2018-06-25,324463101.0
2018-06-29,325234484.0
2018-07-03,325988496.0
2018-07-07,326763721.0
2018-07-11,327545678.0
2018-07-15,328294854.0
2018-07-19,329199348.0
2018-07-23,330006442.0
2018-07-27,330977464.0
2018-07-31,331809220.0
2018-08-04,332696040.0
2018-08-08,333554382.0
2018-08-12,334361876.0
2018-08-16,335308653.0
2018-08-20,336116312.0
2018-08-24,337002185.0
2018-08-28,337831435.0
2018-09-01,338752659.0
2018-09-05,339640512.0
2018-09-09,340517266.0
2018-09-13,341444891.0
2018-09-17,342298731.0
2018-09-21,343320841.0
2018-09-25,344236324.0
2018-09-29,345202714.0
2018-10-03,346138560.0
2018-10-07,347063616.0
2018-10-11,348053877.0
2018-10-15,348961028.0
2018-10-19,349985997.0
2018-10-23,350934362.0
2018-10-27,351929533.0
2018-10-31,352989457.0
2018-11-04,354045146.0
2018-11-08,355193936.0
2018-11-12,356277368.0
2018-11-16,357423738.0
2018-11-20,358483054.0
2018-11-24,359528490.0
2018-11-28,360548754.0
2018-12-02,361509076.0
2018-12-06,362555831.0
2018-12-10,363537909.0
2018-12-14,364596118.0
2018-12-18,365651197.0
2018-12-22,366772667.0
2018-12-26,367840744.0
2018-12-30,368980920.0
2019-01-03,370039173.0
2019-01-07,371129843.0
2019-01-11,372400845.0
2019-01-15,373591457.0
2019-01-19,374779658.0
2019-01-23,375980457.0
2019-01-27,377152636.0
2019-01-31,378464436.0
2019-02-04,379761650.0
2019-02-08,381152017.0
2019-02-12,382350594.0
2019-02-16,383686764.0
2019-02-20,385019779.0
2019-02-24,386317544.0
2019-02-28,387732061.0
2019-03-04,389081411.0
2019-03-08,390211069.0
2019-03-12,391245872.0
2019-03-16,392390409.0
2019-03-20,393519539.0
2019-03-24,394595728.0
2019-03-28,396060389.0
2019-04-01,397560778.0
2019-04-05,399063502.0
2019-04-09,400491259.0
2019-04-13,402034908.0
2019-04-17,403462303.0
2019-04-21,404918202.0
2019-04-25,406360316.0
2019-04-29,407847689.0
2019-05-03,409467939.0
2019-05-07,410864056.0
2019-05-11,412286381.0
2019-05-15,413750644.0
2019-05-19,415195412.0
2019-05-23,416740497.0
2019-05-27,418228062.0
2019-05-31,419699192.0
2019-06-04,421000986.0
2019-06-08,422381534.0
2019-06-12,423706779.0
2019-06-16,425060575.0
2019-06-20,426507765.0
2019-06-24,427968264.0
2019-06-28,429496915.0
2019-07-02,430894074.0
2019-07-06,432390866.0
2019-07-10,433764593.0
2019-07-14,435059067.0
2019-07-18,436412702.0
2019-07-22,437638264.0
2019-07-26,438910919.0
2019-07-30,440128033.0
2019-08-03,441501346.0
2019-08-07,442880797.0
2019-08-11,444135872.0
2019-08-15,445518540.0
2019-08-19,446738249.0
2019-08-23,448041779.0
2019-08-27,449280974.0
2019-08-31,450660388.0
2019-09-04,451968086.0
2019-09-08,453288908.0
2019-09-12,454620184.0
2019-09-16,455850312.0
2019-09-20,457244415.0
2019-09-24,458540193.0
2019-09-28,459862484.0
2019-10-02,461123521.0
2019-10-06,462388900.0
2019-10-10,463712218.0
2019-10-14,464942535.0
2019-10-18,466295480.0
2019-10-22,467582972.0
2019-10-26,468869146.0
2019-10-30,470055810.0
2019-11-03,471247114.0
2019-11-07,472529824.0
2019-11-11,473774076.0
2019-11-15,475069560.0
2019-11-19,476249278.0
2019-11-23,477512144.0
2019-11-27,478697560.0
2019-12-01,479870557.0
2019-12-05,481170589.0
2019-12-09,482362284.0
2019-12-13,483610063.0
2019-12-17,484811929.0
2019-12-21,486089966.0
2019-12-25,487209890.0
2019-12-29,488408114.0
2020-01-02,489572666.0
2020-01-06,490763687.0
2020-01-10,492078809.0
2020-01-14,493308752.0
2020-01-18,494578989.0
2020-01-22,495819165.0
2020-01-26,497010617.0
2020-01-30,498303172.0
2020-02-03,499563560.0
2020-02-07,500892017.0
2020-02-11,502190188.0
2020-02-15,503524815.0
2020-02-19,504823586.0
2020-02-23,506069685.0
2020-02-27,507401128.0
2020-03-02,508730234.0
2020-03-06,510117441.0
2020-03-10,511412827.0
2020-03-14,512605951.0
2020-03-18,513610484.0
2020-03-22,514615625.0
2020-03-26,515664266.0
2020-03-30,516690787.0
2020-04-03,517840235.0
2020-04-07,518926212.0
2020-04-11,520037763.0
2020-04-15,521163188.0
2020-04-19,522312894.0
2020-04-23,523541482.0
2020-04-27,524705940.0
2020-05-01,526022596.0
2020-05-05,527247124.0
2020-05-09,528558865.0
2020-05-13,529794208.0
2020-05-17,530906830.0
2020-05-21,532032847.0
2020-05-25,533062704.0
2020-05-29,534231865.0
2020-06-02,535388210.0
2020-06-06,536631092.0
2020-06-10,537854272.0
2020-06-14,539060238.0
2020-06-18,540314507.0
2020-06-22,541502518.0
2020-06-26,542812617.0
2020-06-30,543968606.0
2020-07-04,545310370.0
2020-07-08,546617219.0
2020-07-12,547914934.0
2020-07-16,549246751.0
2020-07-20,550438348.0
2020-07-24,551820942.0
2020-07-28,553095438.0
2020-08-01,554422556.0
2020-08-05,555665915.0
2020-08-09,556901315.0
2020-08-13,558230773.0
2020-08-17,559488830.0
2020-08-21,560816607.0
2020-08-25,562049916.0
2020-08-29,563347869.0
2020-09-02,564613771.0
2020-09-06,565811414.0
2020-09-10,567132303.0
2020-09-14,568348616.0
2020-09-18,569700045.0
2020-09-22,570865205.0
2020-09-26,572161256.0
2020-09-30,573414811.0
2020-10-04,574614906.0
2020-10-08,575927903.0
2020-10-12,577136548.0
2020-10-16,578449559.0
2020-10-20,579591519.0
2020-10-24,580871863.0
2020-10-28,581879482.0
2020-11-01,582975972.0
2020-11-05,584172804.0
2020-11-09,585352179.0
2020-11-13,586602857.0
2020-11-17,587788639.0
2020-11-21,589120273.0
2020-11-25,590384379.0
2020-11-29,591587779.0
2020-12-03,592897766.0
2020-12-07,594058381.0
2020-12-11,595329667.0
2020-12-15,596535607.0
2020-12-19,597879066.0
2020-12-23,599094619.0
2020-12-27,600249266.0
2020-12-31,601577750.0
2021-01-04,602865747.0
2021-01-08,604378746.0
2021-01-12,605701559.0
2021-01-16,607012869.0
2021-01-20,608238505.0
2021-01-24,609414229.0
2021-01-28,610710114.0
2021-02-01,611935068.0
2021-02-05,613372494.0
2021-02-09,614687413.0
2021-02-13,616012831.0
2021-02-17,617234210.0
2021-02-21,618485717.0
2021-02-25,619741599.0
2021-03-01,620904141.0
2021-03-05,622182529.0
2021-03-09,623323394.0
2021-03-13,624557151.0
2021-03-17,625772533.0
2021-03-21,626942107.0
2021-03-25,628178277.0
2021-03-29,629311017.0
2021-04-02,630582655.0
2021-04-06,631709087.0
2021-04-10,632932905.0
2021-04-14,634085336.0
2021-04-18,635135909.0
2021-04-22,636123674.0
2021-04-26,637190939.0
2021-04-30,638316363.0
2021-05-04,639401160.0
2021-05-08,640605777.0
2021-05-12,641770051.0
2021-05-16,642762772.0
2021-05-20,643726741.0
2021-05-24,644605027.0
2021-05-28,645503002.0
2021-06-01,646341383.0
2021-06-05,647278422.0
2021-06-09,648157218.0
2021-06-13,649035665.0
2021-06-17,650012711.0
2021-06-21,650795691.0
2021-06-25,651675788.0
2021-06-29,652404292.0
2021-07-03,653279360.0
2021-07-07,654124289.0
2021-07-11,654935868.0
2021-07-15,655849251.0
2021-07-19,656643325.0
2021-07-23,657569543.0
2021-07-27,658459857.0
2021-07-31,659435583.0
2021-08-04,660346520.0
2021-08-08,661257949.0
2021-08-12,662284957.0
2021-08-16,663203487.0
2021-08-20,664234090.0
2021-08-24,665178657.0
2021-08-28,666176305.0
2021-09-01,667169954.0
2021-09-05,668178140.0
2021-09-09,669268179.0
2021-09-13,670195353.0
2021-09-17,671275196.0
2021-09-21,672217715.0
2021-09-25,673252795.0
2021-09-29,674209251.0
2021-10-03,675257144.0
2021-10-07,676432081.0
2021-10-11,677448946.0
2021-10-15,678594018.0
2021-10-19,679675451.0
2021-10-23,680801042.0
2021-10-27,681881744.0
2021-10-31,682953398.0
2021-11-04,684121357.0
2021-11-08,685155107.0
2021-11-12,686368434.0
2021-11-16,687421128.0
2021-11-20,688539230.0
2021-11-24,689623429.0
2021-11-28,690658593.0
2021-12-02,691856000.0
2021-12-06,692898231.0
2021-12-10,694005972.0
2021-12-14,695004157.0
2021-12-18,696043039.0
2021-12-22,697110260.0
2021-12-26,698069683.0
2021-12-30,699106307.0
2022-01-03,699995245.0
2022-01-07,701060121.0
2022-01-11,702040529.0
2022-01-15,703090105.0
2022-01-19,704099618.0
2022-01-23,705098842.0
2022-01-27,706150299.0
2022-01-31,707116297.0
2022-02-04,708182519.0
2022-02-08,709198351.0
2022-02-12,710212002.0
2022-02-16,711209926.0
2022-02-20,712147783.0
2022-02-24,713150486.0
2022-02-28,714113424.0
2022-03-04,715213378.0
2022-03-08,716156440.0
2022-03-12,717168548.0
2022-03-16,718176611.0
2022-03-20,719169728.0
2022-03-24,720221107.0
2022-03-28,721252996.0
2022-04-01,722377453.0
2022-04-05,723405122.0
2022-04-09,724448126.0
2022-04-13,725497957.0
2022-04-17,726450332.0
2022-04-21,727537519.0
2022-04-25,728533363.0
2022-04-29,729657029.0
2022-05-03,730700527.0
2022-05-07,731767365.0
2022-05-11,732821388.0
2022-05-15,733892118.0
2022-05-19,734968323.0
2022-05-23,735935114.0
2022-05-27,736992278.0
2022-05-31,737975245.0
2022-06-04,738999111.0
2022-06-08,739994750.0
2022-06-12,740963749.0
2022-06-16,742067898.0
2022-06-20,743003721.0
2022-06-24,744021307.0
2022-06-28,744954771.0
2022-07-02,745997123.0
2022-07-06,746956618.0
2022-07-10,747926545.0
2022-07-14,748940946.0
2022-07-18,749887101.0
2022-07-22,750963692.0
2022-07-26,751905467.0
2022-07-30,752962724.0
2022-08-03,753971678.0
2022-08-07,754954247.0
2022-08-11,756018367.0
2022-08-15,756971951.0
2022-08-19,758074323.0
2022-08-23,759009330.0
2022-08-27,760014452.0
2022-08-31,760992653.0
2022-09-04,761978316.0
2022-09-08,763024820.0
2022-09-12,764047893.0
2022-09-16,765115318.0
2022-09-20,766099303.0
2022-09-24,767115721.0
2022-09-28,768121601.0
2022-10-02,769131230.0
2022-10-06,770228799.0
2022-10-10,771202786.0
2022-10-14,772297921.0
2022-10-18,773270316.0
2022-10-22,774302087.0
2022-10-26,775339438.0
2022-10-30,776364220.0
2022-11-03,777479941.0
2022-11-07,778505900.0
2022-11-11,779671535.0
2022-11-15,780665460.0
2022-11-19,781725443.0
2022-11-23,782751591.0
2022-11-27,783718774.0
2022-12-01,784809472.0
2022-12-05,785824548.0
2022-12-09,786890447.0
2022-12-13,787897951.0
2022-12-17,788968409.0
2022-12-21,789982145.0
2022-12-25,790945257.0
2022-12-29,791948046.0
2023-01-02,792897596.0
2023-01-06,794002725.0
2023-01-10,795068665.0
2023-01-14,796298027.0
2023-01-18,797461667.0
2023-01-22,798597007.0
2023-01-26,799785583.0
2023-01-30,800926516.0
2023-02-03,802240108.0
2023-02-07,803403182.0
2023-02-11,804670112.0
2023-02-15,805855534.0
2023-02-19,807038897.0
2023-02-23,808173143.0
2023-02-27,809295737.0
2023-03-03,810695222.0
2023-03-07,811965659.0
2023-03-11,813244464.0
2023-03-15,814516177.0
2023-03-19,815716535.0
2023-03-23,816977341.0
2023-03-27,818118504.0
2023-03-31,819403518.0
2023-04-04,820819718.0
2023-04-08,822193825.0
2023-04-12,823485760.0
2023-04-16,824641493.0
2023-04-20,825868575.0
2023-04-24,827368933.0
2023-04-28,829077303.0
2023-05-02,831271254.0
2023-05-06,833264393.0
2023-05-10,835719335.0
2023-05-14,837983993.0
2023-05-18,840134477.0
2023-05-22,842061818.0
2023-05-26,843977742.0
2023-05-30,846010668.0
2023-06-03,847649292.0
2023-06-07,849267903.0
2023-06-11,850826536.0
2023-06-15,852362214.0
2023-06-19,854204009.0
2023-06-23,855781779.0
2023-06-27,857363958.0
2023-07-01,858904884.0
2023-07-05,860413870.0
2023-07-09,862529837.0
2023-07-13,864323567.0
2023-07-17,866253233.0
2023-07-21,868041114.0
