Date,Individual_Stablecoin_Supply,Total_Chain_Supply,stablecoin_dominance
2020-12-30 19:00:00,3723974310.96,19526560545.14,19.07%
2020-12-31 19:00:00,3887615676.5,20048646166.99,19.39%
2021-01-01 19:00:00,4032332328.73,20322701409.99,19.84%
2021-01-02 19:00:00,4101275668.4,20437448407.31,20.07%
2021-01-03 19:00:00,4201727881.57,20712796404.49,20.29%
2021-01-04 19:00:00,4243468812.77,20730503258.61,20.47%
2021-01-05 19:00:00,4204574509.72,20902224134.65,20.12%
2021-01-06 19:00:00,4372802579.77,21334330480.89,20.50%
2021-01-07 19:00:00,4465396757.48,21674191029.27,20.60%
2021-01-08 19:00:00,4515478958.98,21898595003.34,20.62%
2021-01-09 19:00:00,4621879049.97,22184875290.29,20.83%
2021-01-10 19:00:00,4585058420.97,21923168605.27,20.91%
2021-01-11 19:00:00,4607700007.23,22184782759.27,20.77%
2021-01-12 19:00:00,4597408443.37,22404947451.6,20.52%
2021-01-13 19:00:00,4624801304.98,22670728546.64,20.40%
2021-01-14 19:00:00,4679244191.07,22676083923.55,20.64%
2021-01-15 19:00:00,4833442138.86,22864893527.19,21.14%
2021-01-16 19:00:00,4992372823.62,23074977421.72,21.64%
2021-01-17 19:00:00,5000752464.56,23141608959.74,21.61%
2021-01-18 19:00:00,5049788282.28,23162845221.53,21.80%
2021-01-19 19:00:00,5137028854.23,23375595968.47,21.98%
2021-01-20 19:00:00,5278771247.43,23489146661.34,22.47%
2021-01-21 19:00:00,5316890513.4,23408976627.7,22.71%
2021-01-22 19:00:00,5411629442.32,23644899883.44,22.89%
2021-01-23 19:00:00,5464235173.3,23758746453.15,23.00%
2021-01-24 19:00:00,5454174560.66,23822162234.22,22.90%
2021-01-25 19:00:00,5327644578.26,23861209250.3,22.33%
2021-01-26 19:00:00,5364360737.86,24115977862.39,22.24%
2021-01-27 19:00:00,5469150279.85,24211376329.07,22.59%
2021-01-28 19:00:00,5676659246.41,24846065964.22,22.85%
2021-01-29 19:00:00,5745914093.07,25337484486.57,22.68%
2021-01-30 19:00:00,5762357694.98,25389153732.73,22.70%
2021-01-31 19:00:00,5818608275.84,25487686931.51,22.83%
2021-02-01 19:00:00,5871305254.16,25468679152.62,23.05%
2021-02-02 19:00:00,5870814384.81,26321098995.83,22.30%
2021-02-03 19:00:00,6007114345.03,28462337695.76,21.11%
2021-02-04 19:00:00,6144846472.84,28814855591.76,21.33%
2021-02-05 19:00:00,6212261697.22,29216662336.92,21.26%
2021-02-06 19:00:00,6341691853.42,29369072938.36,21.59%
2021-02-07 19:00:00,6415933271.08,29794685913.69,21.53%
2021-02-08 19:00:00,6382643022.93,30016128525.05,21.26%
2021-02-09 19:00:00,6584544368.37,30455308965.06,21.62%
2021-02-10 19:00:00,6700000420.2,30611363904.94,21.89%
2021-02-11 19:00:00,6771837960.89,30690939037.58,22.06%
2021-02-12 19:00:00,6939819931.82,31042025478.28,22.36%
2021-02-13 19:00:00,7152759456.56,31338864748.96,22.82%
2021-02-14 19:00:00,7282662599.51,31389016221.92,23.20%
2021-02-15 19:00:00,7239525981.42,31413204241.55,23.05%
2021-02-16 19:00:00,7056361315.83,31363691788.72,22.50%
2021-02-17 19:00:00,7039887657.24,31684025371.78,22.22%
2021-02-18 19:00:00,7160208170.64,31892567757.74,22.45%
2021-02-19 19:00:00,7372861727.64,32477301613.56,22.70%
2021-02-20 19:00:00,7494827587.37,32728049133.92,22.90%
2021-02-21 19:00:00,7552343891.01,32722587996.64,23.08%
2021-02-22 19:00:00,7796496349.77,32683253536.89,23.85%
2021-02-23 19:00:00,7902382427.3,32790477057.49,24.10%
2021-02-24 19:00:00,8093061852,33057422917.06,24.48%
2021-02-25 19:00:00,8201999943.4,33112000499.71,24.77%
2021-02-26 19:00:00,8450682965.32,33351101302.8,25.34%
2021-02-27 19:00:00,8579670226.98,33475268356.39,25.63%
2021-02-28 19:00:00,8665511851.86,33875949389.25,25.58%
2021-03-01 19:00:00,8571507946.59,33896844037,25.29%
2021-03-02 19:00:00,8456761391.48,33985723174.67,24.88%
2021-03-03 19:00:00,8381174943.8,33807175335.65,24.79%
2021-03-04 19:00:00,8353491179.5,33764524108.53,24.74%
2021-03-05 19:00:00,8494763164.85,33919947222.35,25.04%
2021-03-06 19:00:00,8709769373.81,34007492245.3,25.61%
2021-03-07 19:00:00,8727025072.49,34151215343.14,25.55%
2021-03-08 19:00:00,8677049501.65,34051820773.6,25.48%
2021-03-09 19:00:00,8697517567.18,34379921615.2,25.30%
2021-03-10 19:00:00,8762546244.42,34528141979.67,25.38%
2021-03-11 19:00:00,8788304821.4,34679746074.29,25.34%
2021-03-12 19:00:00,8941283967.44,34965417005.4,25.57%
2021-03-13 19:00:00,8878304769.84,34912529103.47,25.43%
2021-03-14 20:00:00,8948196690.48,35016705152.55,25.55%
2021-03-15 20:00:00,8955749472.46,34643608869.86,25.85%
2021-03-16 20:00:00,8968733931.91,34957104791.44,25.66%
2021-03-17 20:00:00,9069484798.03,35214852107.98,25.75%
2021-03-18 20:00:00,9227172042.6,35517837949.07,25.98%
2021-03-19 20:00:00,9360091207.7,35749814792.45,26.18%
2021-03-20 20:00:00,9344189603.17,35895776224.13,26.03%
2021-03-21 20:00:00,9432882721.87,36018115655.65,26.19%
2021-03-22 20:00:00,9634698492.7,36337157463.88,26.51%
2021-03-23 20:00:00,9514877538.37,36303618129.37,26.21%
2021-03-24 20:00:00,9639605390.81,36474815066.8,26.43%
2021-03-25 20:00:00,9813416099.52,36609237615.22,26.81%
2021-03-26 20:00:00,9974432350.23,36891679268.76,27.04%
2021-03-27 20:00:00,9565188160.43,36647563593.34,26.10%
2021-03-28 20:00:00,9382926594.96,36526456316.42,25.69%
2021-03-29 20:00:00,9206947287.81,36446160333.98,25.26%
2021-03-30 20:00:00,9322023883.2,36803558888.75,25.33%
2021-03-31 20:00:00,9259443673.22,36688442238.95,25.24%
2021-04-01 20:00:00,9339811386.24,36285551446.81,25.74%
2021-04-02 20:00:00,9188110950.73,36578532745.2,25.12%
2021-04-03 20:00:00,9387538931.95,39115026908.27,24.00%
2021-04-04 20:00:00,9246869247.14,38725096644.44,23.88%
2021-04-05 20:00:00,9360464587.73,38974967451.46,24.02%
2021-04-06 20:00:00,9314709165.28,39276051456.56,23.72%
2021-04-07 20:00:00,9364905805.51,39341216036.86,23.80%
2021-04-08 20:00:00,9472741770.53,40047083629.4,23.65%
2021-04-09 20:00:00,9518262568.55,40566569995.63,23.46%
2021-04-10 20:00:00,9502830905.34,40384849588.68,23.53%
2021-04-11 20:00:00,9450638159.04,40465299015.84,23.35%
2021-04-12 20:00:00,9348823161.62,40219107200.76,23.24%
2021-04-13 20:00:00,9636111609.8,40821343262.71,23.61%
2021-04-14 20:00:00,9853413063.68,41227957598.25,23.90%
2021-04-15 20:00:00,10085289744.62,41787456767.51,24.13%
2021-04-16 20:00:00,10327806682.2,42637576522.11,24.22%
2021-04-17 20:00:00,10492149597.36,43215322906.43,24.28%
2021-04-18 20:00:00,10532448000.96,43593684678.58,24.16%
2021-04-19 20:00:00,10825309599.48,43732601240,24.75%
2021-04-20 20:00:00,10874228672.83,44477740944.09,24.45%
2021-04-21 20:00:00,10925878502.22,44456824524.85,24.58%
2021-04-22 20:00:00,10844025635.93,44046825040.97,24.62%
2021-04-23 20:00:00,11255539146.38,44716143547.87,25.17%
2021-04-24 20:00:00,11429092839.3,45011498804.17,25.39%
2021-04-25 20:00:00,11469912776.79,45306564590.08,25.32%
2021-04-26 20:00:00,11653186668.64,45702992970.68,25.50%
2021-04-27 20:00:00,11580703304.97,45586014653.75,25.40%
2021-04-28 20:00:00,11640031280.13,45895854931.79,25.36%
2021-04-29 20:00:00,11525280006.21,45351983393.4,25.41%
2021-04-30 20:00:00,11735442421.85,45608269960.23,25.73%
2021-05-01 20:00:00,11633083654.61,46025059344.57,25.28%
2021-05-02 20:00:00,11489813096.66,45371540086.82,25.32%
2021-05-03 20:00:00,11691478208.99,46142822797.35,25.34%
2021-05-04 20:00:00,11922211417.38,46466596002.35,25.66%
2021-05-05 20:00:00,12067757854.12,47035709880.1,25.66%
2021-05-06 20:00:00,12040589059.66,47571394992.75,25.31%
2021-05-07 20:00:00,12311658705.29,47926418429.71,25.69%
2021-05-08 20:00:00,12507813165.08,48315746318.47,25.89%
2021-05-09 20:00:00,12640598145.26,48745749754.97,25.93%
2021-05-10 20:00:00,12742869984.88,49112296780.05,25.95%
2021-05-11 20:00:00,12765764794.27,49663639798.11,25.70%
2021-05-12 20:00:00,12854495172.03,49633447030.03,25.90%
2021-05-13 20:00:00,12968187977.4,49326008369.09,26.29%
2021-05-14 20:00:00,13135944639.9,49795775241.66,26.38%
2021-05-15 20:00:00,13281327163.77,49937190464.06,26.60%
2021-05-16 20:00:00,13294925186.35,49778885771.1,26.71%
2021-05-17 20:00:00,13404197288.22,50782391964.05,26.40%
2021-05-18 20:00:00,13713258151.5,50785387108.9,27.00%
2021-05-19 20:00:00,14403451987.8,50657067510.79,28.43%
2021-05-20 20:00:00,15192617642.04,51870843859.06,29.29%
2021-05-21 20:00:00,16126067337.42,53121901904.11,30.36%
2021-05-22 20:00:00,16468126040.18,53249134660.83,30.93%
2021-05-23 20:00:00,16963733605.91,53302657855.23,31.83%
2021-05-24 20:00:00,17107567411.24,53554619366.13,31.94%
2021-05-25 20:00:00,17408546677.96,54223840746.49,32.10%
2021-05-26 20:00:00,17849793272.77,54886914711.58,32.52%
2021-05-27 20:00:00,18116642965.31,55137194429.85,32.86%
2021-05-28 20:00:00,18320972097.55,55150325350.16,33.22%
2021-05-29 20:00:00,18512513975.08,55251002859.22,33.51%
2021-05-30 20:00:00,18613561244.25,55490610273.46,33.54%
2021-05-31 20:00:00,18717000314.25,57561494639.55,32.52%
2021-06-01 20:00:00,18712427633.66,58659145550.35,31.90%
2021-06-02 20:00:00,18630691918.28,58838205587.23,31.66%
2021-06-03 20:00:00,18652520838.41,58947323180.33,31.64%
2021-06-04 20:00:00,18613503852.45,59391802760.38,31.34%
2021-06-05 20:00:00,18740106200.58,59693724959.12,31.39%
2021-06-06 20:00:00,18815191896.47,60099863847.28,31.31%
2021-06-07 20:00:00,18708057913.83,60010408860.73,31.17%
2021-06-08 20:00:00,18832843968.96,60009018778.28,31.38%
2021-06-09 20:00:00,18767979861.41,59985782640.4,31.29%
2021-06-10 20:00:00,18831387274.18,59944532380.78,31.41%
2021-06-11 20:00:00,18881787123.15,60105560448.7,31.41%
2021-06-12 20:00:00,18835287447.13,60063864029.36,31.36%
2021-06-13 20:00:00,18901651438.89,60232252368.79,31.38%
2021-06-14 20:00:00,18841005358.48,60005911967.81,31.40%
2021-06-15 20:00:00,18699163610.66,59860742963.45,31.24%
2021-06-16 20:00:00,18931310093.97,59669307974.9,31.73%
2021-06-17 20:00:00,19061053767.91,59592818417.65,31.99%
2021-06-18 20:00:00,19314958945.58,59966725855.26,32.21%
2021-06-19 20:00:00,19547478803.93,60091294394.35,32.53%
2021-06-20 20:00:00,19741585808.75,60790353116.79,32.47%
2021-06-21 20:00:00,20462021819.03,60878016401.46,33.61%
2021-06-22 20:00:00,20795261805.43,61391893023.92,33.87%
2021-06-23 20:00:00,20949597933.2,61605741018.83,34.01%
2021-06-24 20:00:00,21115987839.32,62044077451.39,34.03%
2021-06-25 20:00:00,21286536525.4,62110033626.77,34.27%
2021-06-26 20:00:00,21373570029.27,62263791199.23,34.33%
2021-06-27 20:00:00,21580736654.28,62517456953.21,34.52%
2021-06-28 20:00:00,21005942870.86,61858239211.27,33.96%
2021-06-29 20:00:00,20839231169.58,61779317630.17,33.73%
2021-06-30 20:00:00,20831491019.2,61864271808.65,33.67%
2021-07-01 20:00:00,20929171605.71,62199847464.41,33.65%
2021-07-02 20:00:00,21047587146.54,62699465720.45,33.57%
2021-07-03 20:00:00,21079274054.73,62748877756.7,33.59%
2021-07-04 20:00:00,21072897830.42,62885742596.39,33.51%
2021-07-05 20:00:00,21157866478.31,63069538254.74,33.55%
2021-07-06 20:00:00,21403896123.67,63452104991.93,33.73%
2021-07-07 20:00:00,21504945648.65,63545701957.31,33.84%
2021-07-08 20:00:00,21570822257.06,63550811920.49,33.94%
2021-07-09 20:00:00,21679655198.83,63563977847.75,34.11%
2021-07-10 20:00:00,21726711511.98,63587603165.68,34.17%
2021-07-11 20:00:00,21721720164.97,63584794368.97,34.16%
2021-07-12 20:00:00,21630679947.23,62602635572.82,34.55%
2021-07-13 20:00:00,21662804408.09,62661534852.1,34.57%
2021-07-14 20:00:00,21537781427.03,63393063737.19,33.97%
2021-07-15 20:00:00,21848734894.36,63433138116.29,34.44%
2021-07-16 20:00:00,21978124327.01,63163804103.63,34.80%
2021-07-17 20:00:00,21985367123,63157872201.63,34.81%
2021-07-18 20:00:00,22101400365.58,63311395899.88,34.91%
2021-07-19 20:00:00,22433902030.76,63622002908.68,35.26%
2021-07-20 20:00:00,22408273857.47,63601933876.86,35.23%
2021-07-21 20:00:00,22464724795.34,63816609759.28,35.20%
2021-07-22 20:00:00,22419577044.81,63700551374.05,35.20%
2021-07-23 20:00:00,22470115142.73,63866291441.2,35.18%
2021-07-24 20:00:00,22512739166.1,64184713547.13,35.07%
2021-07-25 20:00:00,22595106037.1,64179999567.28,35.21%
2021-07-26 20:00:00,22647857847.33,64569663390.22,35.08%
2021-07-27 20:00:00,22688052809.55,64773194911.17,35.03%
2021-07-28 20:00:00,22700101884.76,64859503777.12,35.00%
2021-07-29 20:00:00,22766110639.78,64953169397.6,35.05%
2021-07-30 20:00:00,22840068690.24,65125417437.54,35.07%
2021-07-31 20:00:00,22876782896.82,65250089272.4,35.06%
2021-08-01 20:00:00,22922193651.86,65215246874.01,35.15%
2021-08-02 20:00:00,22931742277.08,65131015295.55,35.21%
2021-08-03 20:00:00,22984366594.21,65089969159.12,35.31%
2021-08-04 20:00:00,23125424814.83,66289494368.66,34.89%
2021-08-05 20:00:00,23278008067.94,66651822807.9,34.92%
2021-08-06 20:00:00,23280161140.16,66807120471.97,34.85%
2021-08-07 20:00:00,23377737542.78,67149601547.8,34.81%
2021-08-08 20:00:00,23498330376.68,67333774906.16,34.90%
2021-08-09 20:00:00,23325970067.46,66954016016.81,34.84%
2021-08-10 20:00:00,23210794335.83,66871350185.61,34.71%
2021-08-11 20:00:00,23145941371.14,67053650690.55,34.52%
2021-08-12 20:00:00,23191356203.93,67114843245.7,34.55%
2021-08-13 20:00:00,23069309316.72,66811618727.73,34.53%
2021-08-14 20:00:00,23042195046.23,66899028884.59,34.44%
2021-08-15 20:00:00,23070815405.77,66973860487.75,34.45%
2021-08-16 20:00:00,23061243402.82,66961384362.64,34.44%
2021-08-17 20:00:00,23086115834.06,66903736509.29,34.51%
2021-08-18 20:00:00,22940901078.53,67005349799.25,34.24%
2021-08-19 20:00:00,22710768268.77,67023467541.51,33.88%
2021-08-20 20:00:00,22555226748.7,67321008041.19,33.50%
2021-08-21 20:00:00,22581249613.21,67348273760.15,33.53%
2021-08-22 20:00:00,22572761816.85,67442010508.08,33.47%
2021-08-23 20:00:00,22612696923.75,67678927896,33.41%
2021-08-24 20:00:00,22568100598.4,69406133407.54,32.52%
2021-08-25 20:00:00,22668497604.62,69500588765.21,32.62%
2021-08-26 20:00:00,22710859396.04,69509033774.41,32.67%
2021-08-27 20:00:00,22755233701.89,69669921025.41,32.66%
2021-08-28 20:00:00,22807960164.4,69698417380.68,32.72%
2021-08-29 20:00:00,22782897757.45,69642958202.33,32.71%
2021-08-30 20:00:00,22728839999.51,69553060722.45,32.68%
2021-08-31 20:00:00,22791783522.95,69933113912.3,32.59%
2021-09-01 20:00:00,22697044136.82,70201044851.76,32.33%
2021-09-02 20:00:00,22845597339.58,70494353096.82,32.41%
2021-09-03 20:00:00,22824112110.27,70565417486.98,32.34%
2021-09-04 20:00:00,22920021275.1,70685819645.52,32.43%
2021-09-05 20:00:00,22877643433.12,70788570980.85,32.32%
2021-09-06 20:00:00,22829746260.44,70834403872.62,32.23%
2021-09-07 20:00:00,23153892441.63,71154988865.91,32.54%
2021-09-08 20:00:00,23326172987.5,71231270392.02,32.75%
2021-09-09 20:00:00,23225153791.91,71266508813.76,32.59%
2021-09-10 20:00:00,23323257253.03,71320124760.32,32.70%
2021-09-11 20:00:00,23273813373.65,71267912910.03,32.66%
2021-09-12 20:00:00,23228725925.04,71029587070.06,32.70%
2021-09-13 20:00:00,23144348689.71,70898539758.17,32.64%
2021-09-14 20:00:00,23055448093.81,70885955539.57,32.52%
2021-09-15 20:00:00,23051365968.04,70973215010.5,32.48%
2021-09-16 20:00:00,23019271158.73,70958443872.45,32.44%
2021-09-17 20:00:00,23150144035.91,71170193718.67,32.53%
2021-09-18 20:00:00,23133900056.08,71048764837.45,32.56%
2021-09-19 20:00:00,23183634070.67,71155779488.24,32.58%
2021-09-20 20:00:00,23240566082.76,71108184611.94,32.68%
2021-09-21 20:00:00,23552866195.46,71266099326.26,33.05%
2021-09-22 20:00:00,23749709015.07,71549501598.31,33.19%
2021-09-23 20:00:00,23802285070.78,72007323716.99,33.06%
2021-09-24 20:00:00,24234649656.31,72564490615.72,33.40%
2021-09-25 20:00:00,24437054659.76,72698044368.6,33.61%
2021-09-26 20:00:00,24721004067.79,72953391423.14,33.89%
2021-09-27 20:00:00,24577240723.52,72647076525.6,33.83%
2021-09-28 20:00:00,24416916162.93,72488924045.19,33.68%
2021-09-29 20:00:00,24742856611.5,72179262901.46,34.28%
2021-09-30 20:00:00,25035988335.51,72061448530.98,34.74%
2021-10-01 20:00:00,25149846831.55,72242698545.39,34.81%
2021-10-02 20:00:00,25284418063.24,72479231107.28,34.89%
2021-10-03 20:00:00,25427164691.87,72609368126.01,35.02%
2021-10-04 20:00:00,25409299411.72,72589294502.21,35.00%
2021-10-05 20:00:00,25539495266.05,72958520393.56,35.01%
2021-10-06 20:00:00,25233113567.3,72398472226.49,34.85%
2021-10-07 20:00:00,25366608489.49,72247497692.13,35.11%
2021-10-08 20:00:00,25374684407.51,72254632775.71,35.12%
2021-10-09 20:00:00,25383656234.85,72358348255.17,35.08%
2021-10-10 20:00:00,25523167157.67,72529221698.67,35.19%
2021-10-11 20:00:00,25662283794.86,72926789597,35.19%
2021-10-12 20:00:00,25384542813.54,72589145397.2,34.97%
2021-10-13 20:00:00,25352162067.41,72986979793.02,34.74%
2021-10-14 20:00:00,25407341208.77,73277754897.24,34.67%
2021-10-15 20:00:00,25353240446.85,73115421824.25,34.68%
2021-10-16 20:00:00,25476292350.04,73304173759.26,34.75%
2021-10-17 20:00:00,25386235799.47,73305755815.54,34.63%
2021-10-18 20:00:00,24967901043.56,72839547221.56,34.28%
2021-10-19 20:00:00,24955918135.7,73128582587.74,34.13%
2021-10-20 20:00:00,25162602356.69,73579767974.11,34.20%
2021-10-21 20:00:00,25079174621.7,73629826106.72,34.06%
2021-10-22 20:00:00,25122586503.87,73619481478.18,34.12%
2021-10-23 20:00:00,25132832929.34,73606046718.43,34.15%
2021-10-24 20:00:00,25208940536.77,73685957764.54,34.21%
2021-10-25 20:00:00,25138351054.96,73629174869.38,34.14%
2021-10-26 20:00:00,25333827357.1,73878826812.39,34.29%
2021-10-27 20:00:00,25295203866.74,74181177437.93,34.10%
2021-10-28 20:00:00,25258302720.4,74286457932.22,34.00%
2021-10-29 20:00:00,25527385036.21,75179770646.61,33.96%
2021-10-30 20:00:00,25711999062.93,75260341532.31,34.16%
2021-10-31 20:00:00,25643184286.66,75463990389.23,33.98%
2021-11-01 20:00:00,25779603251.4,75939188652.15,33.95%
2021-11-02 20:00:00,26002663725.81,76630329281.78,33.93%
2021-11-03 20:00:00,26094168821.72,76726769530.21,34.01%
2021-11-04 20:00:00,26061049579.89,77682644977.94,33.55%
2021-11-05 20:00:00,26346142738.44,78117215085.58,33.73%
2021-11-06 20:00:00,26512198129.42,78015601580.15,33.98%
2021-11-07 19:00:00,26399951917.85,78133813462.46,33.79%
2021-11-08 19:00:00,26292628622.91,78258986984.38,33.60%
2021-11-09 19:00:00,26537694411.28,80619025335.87,32.92%
2021-11-10 19:00:00,26459553887.08,80383860918.12,32.92%
2021-11-11 19:00:00,26372325325.94,80232332355.88,32.87%
2021-11-12 19:00:00,26314053583.72,79933937348.2,32.92%
2021-11-13 19:00:00,26289693939.6,80159739030.48,32.80%
2021-11-14 19:00:00,26352644642.33,80331755302.17,32.80%
2021-11-15 19:00:00,26431112162.14,80184907820.6,32.96%
2021-11-16 19:00:00,26621103284.32,80572574680.88,33.04%
2021-11-17 19:00:00,26564303980.29,79937295451.57,33.23%
2021-11-18 19:00:00,26798429649.31,80196333175.74,33.42%
2021-11-19 19:00:00,27104079762.43,80732143457.05,33.57%
2021-11-20 19:00:00,27333348147.05,81136850153.96,33.69%
2021-11-21 19:00:00,27424988110.42,80809085859.48,33.94%
2021-11-22 19:00:00,27628550832.38,80497803916.56,34.32%
2021-11-23 19:00:00,27940305796.74,80642985955.73,34.65%
2021-11-24 19:00:00,28005471279.66,80976309415.53,34.58%
2021-11-25 19:00:00,28171676246.6,81229499337.69,34.68%
2021-11-26 19:00:00,28575784836.54,81475392138.74,35.07%
2021-11-27 19:00:00,28704775112.55,81654370921.75,35.15%
2021-11-28 19:00:00,28731326316.67,81759283593.62,35.14%
2021-11-29 19:00:00,28816375902.15,82226510088.55,35.05%
2021-11-30 19:00:00,28964639320.23,84042673983.25,34.46%
2021-12-01 19:00:00,28996383446.94,84456169245.73,34.33%
2021-12-02 19:00:00,29144211779.76,84788375130.45,34.37%
2021-12-03 19:00:00,29411574380.25,84733397575.81,34.71%
2021-12-04 19:00:00,29870045751.71,85105735102.6,35.10%
2021-12-05 19:00:00,30256641685.33,85541916556.58,35.37%
2021-12-06 19:00:00,30302851714.97,84904710695.42,35.69%
2021-12-07 19:00:00,30383638627.62,85108714823.78,35.70%
2021-12-08 19:00:00,30371593979.02,85310874433.04,35.60%
2021-12-09 19:00:00,30421167647.34,87691857791.97,34.69%
2021-12-10 19:00:00,30842838725.75,88217510808.12,34.96%
2021-12-11 19:00:00,31011613952.85,88459809763.86,35.06%
2021-12-12 19:00:00,31138878595.56,88698752275.17,35.11%
2021-12-13 19:00:00,31178782776.41,88622917920.29,35.18%
2021-12-14 19:00:00,31207897771.64,88746168218.69,35.17%
2021-12-15 19:00:00,31409611449.36,89097683855.86,35.25%
2021-12-16 19:00:00,31356968722.91,88749741254.04,35.33%
2021-12-17 19:00:00,31501865673.65,88784840391.99,35.48%
2021-12-18 19:00:00,31578539307.07,89056377079.71,35.46%
2021-12-19 19:00:00,31510429264.22,89118978107.33,35.36%
2021-12-20 19:00:00,31747940946.49,89093564946,35.63%
2021-12-21 19:00:00,31938498928.31,89368138240.75,35.74%
2021-12-22 19:00:00,31785168992.47,89467729161.21,35.53%
2021-12-23 19:00:00,31960815315.86,91114827362.46,35.08%
2021-12-24 19:00:00,31826777915.77,91074356133.11,34.95%
2021-12-25 19:00:00,31819824086.74,91223003193.14,34.88%
2021-12-26 19:00:00,31774614089.03,91287145780.43,34.81%
2021-12-27 19:00:00,31802486169.15,91390051745.95,34.80%
2021-12-28 19:00:00,31769406888.96,91041299971.14,34.90%
2021-12-29 19:00:00,31657070592.86,90632296696.94,34.93%
2021-12-30 19:00:00,31889591847.76,90022660984.22,35.42%
2021-12-31 19:00:00,32048174211.97,89937089739.79,35.63%
2022-01-01 19:00:00,32075196359.71,89980460167.77,35.65%
2022-01-02 19:00:00,32189173300.6,90137097775.91,35.71%
2022-01-03 19:00:00,32140343305.44,90084563849.48,35.68%
2022-01-04 19:00:00,32073956744.35,89918582883.9,35.67%
2022-01-05 19:00:00,32335842813.76,89799458741.95,36.01%
2022-01-06 19:00:00,32482055623.05,89817376334.4,36.16%
2022-01-07 19:00:00,32739533658.81,90422419272.97,36.21%
2022-01-08 19:00:00,32857133919.47,90325171162.76,36.38%
2022-01-09 19:00:00,32748354248.81,90210228960.82,36.30%
2022-01-10 19:00:00,32947829514.45,90453531326.08,36.43%
2022-01-11 19:00:00,33107340082.68,90765877780.97,36.48%
2022-01-12 19:00:00,33377974216.38,91374443860.7,36.53%
2022-01-13 19:00:00,33614222271.49,91650685820.22,36.68%
2022-01-14 19:00:00,33796538014.32,91988298599.83,36.74%
2022-01-15 19:00:00,33686939653.52,91711017383.73,36.73%
2022-01-16 19:00:00,33693570180.53,91765991922.96,36.72%
2022-01-17 19:00:00,33751527437.69,91616301204.62,36.84%
2022-01-18 19:00:00,33851136159.07,91544883235.54,36.98%
2022-01-19 19:00:00,33844961821.43,91536439695.55,36.97%
2022-01-20 19:00:00,33843292466.59,91001279686.52,37.19%
2022-01-21 19:00:00,34303433402.45,90604881669.92,37.86%
2022-01-22 19:00:00,34606416748.63,92210124397.95,37.53%
2022-01-23 19:00:00,34812774473.6,92191299630.07,37.76%
2022-01-24 19:00:00,35272058913.91,92712187829.42,38.04%
2022-01-25 19:00:00,35790664093.55,93823449709.93,38.15%
2022-01-26 19:00:00,36259173264.4,94681677360.17,38.30%
2022-01-27 19:00:00,36540186260.32,94861467834.84,38.52%
2022-01-28 19:00:00,36651775492.86,94786600937.17,38.67%
2022-01-29 19:00:00,36732938839.58,95117601622.96,38.62%
2022-01-30 19:00:00,36769342452.29,95165676847.22,38.64%
2022-01-31 19:00:00,36938253340.12,95336416318.75,38.75%
2022-02-01 19:00:00,37087250135.93,95745587069.17,38.74%
2022-02-02 19:00:00,37355624945.22,96283938872.28,38.80%
2022-02-03 19:00:00,37560408476.9,96874875152.63,38.77%
2022-02-04 19:00:00,37639748558.39,97490742893.19,38.61%
2022-02-05 19:00:00,37729278793.85,97707085671.61,38.61%
2022-02-06 19:00:00,37778951010.16,97759713046.41,38.64%
2022-02-07 19:00:00,37970829106.71,98319407332.39,38.62%
2022-02-08 19:00:00,38119376888.05,98757878209.66,38.60%
2022-02-09 19:00:00,38321578472.75,99254276151.51,38.61%
2022-02-10 19:00:00,38319983191.03,99425617883.09,38.54%
2022-02-11 19:00:00,38645168160.87,100024648760.97,38.64%
2022-02-12 19:00:00,38656355800.96,99850378604.2,38.71%
2022-02-13 19:00:00,38725039820.78,99886753292.23,38.77%
2022-02-14 19:00:00,38861771426.37,99817413277.92,38.93%
2022-02-15 19:00:00,38932151054.51,100379786069.73,38.78%
2022-02-16 19:00:00,39000803555,100121251990.28,38.95%
2022-02-17 19:00:00,38784097572.74,100113202738.84,38.74%
2022-02-18 19:00:00,38856979260.43,100610786298.99,38.62%
2022-02-19 19:00:00,38899242624.73,100525142446.9,38.70%
2022-02-20 19:00:00,38937494327.75,100452968581.74,38.76%
2022-02-21 19:00:00,38995591140.66,100507298633.53,38.80%
2022-02-22 19:00:00,39095392306.4,100659483472.76,38.84%
2022-02-23 19:00:00,39173864466.08,100567627720.49,38.95%
2022-02-24 19:00:00,39310241528.63,100114936592.76,39.27%
2022-02-25 19:00:00,39234388589.46,99762065011.14,39.33%
2022-02-26 19:00:00,39274067380.19,99632470679.49,39.42%
2022-02-27 19:00:00,39277273245.76,99563584065.47,39.45%
2022-02-28 19:00:00,39314509209.25,99524390029.26,39.50%
2022-03-01 19:00:00,39356261587.57,99305392414.8,39.63%
2022-03-02 19:00:00,39365961801.56,99426501903.52,39.59%
2022-03-03 19:00:00,39070438569.8,98908339044,39.50%
2022-03-04 19:00:00,38862584753.52,99044228274.38,39.24%
2022-03-05 19:00:00,38958076806.56,99278816604.12,39.24%
2022-03-06 19:00:00,38875648894.31,99483585258.29,39.08%
2022-03-07 19:00:00,38955222384.88,99534390466.41,39.14%
2022-03-08 19:00:00,38877680875.05,99359038973.32,39.13%
2022-03-09 19:00:00,38841814136.12,99541486420.5,39.02%
2022-03-10 19:00:00,39072462890.81,99823005854.64,39.14%
2022-03-11 19:00:00,38995875372.73,99689382602.74,39.12%
2022-03-12 19:00:00,38933342290.5,99676876060.78,39.06%
2022-03-13 20:00:00,38999998467.71,99725309864.69,39.11%
2022-03-14 20:00:00,38959766093.97,99684738114.54,39.08%
2022-03-15 20:00:00,38832581639.61,99704660991.21,38.95%
2022-03-16 20:00:00,39004338525.53,99893233592.01,39.05%
2022-03-17 20:00:00,39171553034.34,99990121469.87,39.18%
2022-03-18 20:00:00,39348177417.23,100291261040.87,39.23%
2022-03-19 20:00:00,39304403023.57,100313548456.29,39.18%
2022-03-20 20:00:00,39376915188.25,100319974062.12,39.25%
2022-03-21 20:00:00,39420570157.51,100147366119.73,39.36%
2022-03-22 20:00:00,39040371035.53,99665052777.4,39.17%
2022-03-23 20:00:00,38940038519.29,99610130447.05,39.09%
2022-03-24 20:00:00,38863961527.63,99302537621.4,39.14%
2022-03-25 20:00:00,38612535764.55,98757154281.07,39.10%
2022-03-26 20:00:00,38609505149.6,98930307355.36,39.03%
2022-03-27 20:00:00,38587216632.48,98884989326.88,39.02%
2022-03-28 20:00:00,38419938234.09,98642823815.59,38.95%
2022-03-29 20:00:00,38420436182.82,98691291856,38.93%
2022-03-30 20:00:00,38139006805.63,98354928892.23,38.78%
2022-03-31 20:00:00,37944536784.16,98169293880.36,38.65%
2022-04-01 20:00:00,38070871450.15,98553667319.98,38.63%
2022-04-02 20:00:00,37982466583.93,98358512414.31,38.62%
2022-04-03 20:00:00,37840626036.84,98271864993.04,38.51%
2022-04-04 20:00:00,37761943485.56,98198046127.17,38.45%
2022-04-05 20:00:00,37544386605.2,98077416007.09,38.28%
2022-04-06 20:00:00,37391522098.47,97555133725.85,38.33%
2022-04-07 20:00:00,37315646230.8,97356376459.64,38.33%
2022-04-08 20:00:00,37318574834.6,97443360968.09,38.30%
2022-04-09 20:00:00,37362304343.48,97687148602.37,38.25%
2022-04-10 20:00:00,37337553512.44,97321202165.79,38.37%
2022-04-11 20:00:00,37264808883.95,96945378521.52,38.44%
2022-04-12 20:00:00,37014369850.14,96509268591.94,38.35%
2022-04-13 20:00:00,36729413614.21,96023461722.54,38.25%
2022-04-14 20:00:00,36688985589.28,96053598611.87,38.20%
2022-04-15 20:00:00,36585495870.09,95950159189.45,38.13%
2022-04-16 20:00:00,36498207218.4,95863630059.3,38.07%
2022-04-17 20:00:00,36428998293.4,95749863376.26,38.05%
2022-04-18 20:00:00,36160488948.31,95308132744.03,37.94%
2022-04-19 20:00:00,36262243859.62,95477600530.01,37.98%
2022-04-20 20:00:00,36270561641.97,95502078377.04,37.98%
2022-04-21 20:00:00,36242091686.04,95582660207.03,37.92%
2022-04-22 20:00:00,36341919768.95,95886816115.91,37.90%
2022-04-23 20:00:00,36319161628.51,95931364918.08,37.86%
2022-04-24 20:00:00,36232087975.62,95932673140.15,37.77%
2022-04-25 20:00:00,36354588809.12,96133454073.88,37.82%
2022-04-26 20:00:00,36202825723.95,95843247918.82,37.77%
2022-04-27 20:00:00,36245843547.61,95731825325.78,37.86%
2022-04-28 20:00:00,36070900898.46,95790843045.99,37.66%
2022-04-29 20:00:00,36054851965.22,95888592944.05,37.60%
2022-04-30 20:00:00,36030210956.49,95803541466.13,37.61%
2022-05-01 20:00:00,36007805303.76,95735221775.54,37.61%
2022-05-02 20:00:00,35810064642.36,95635679731.84,37.44%
2022-05-03 20:00:00,35692197645.69,95379611578.64,37.42%
2022-05-04 20:00:00,35592065267.64,95099247204.6,37.43%
2022-05-05 20:00:00,35417349470.45,94864928920.88,37.33%
2022-05-06 20:00:00,35428977703.74,94647373955.2,37.43%
2022-05-07 20:00:00,35449006399.36,94875590862.46,37.36%
2022-05-08 20:00:00,35353270997.45,94670101877.16,37.34%
2022-05-09 20:00:00,35452439052.03,93910883977.92,37.75%
2022-05-10 20:00:00,35452439052.03,92671828664.37,38.26%
2022-05-11 20:00:00,37120632685.71,92350046321.96,40.20%
2022-05-12 20:00:00,37120632685.71,91505863487.25,40.57%
2022-05-13 20:00:00,37550098190.49,90665013064.94,41.42%
2022-05-14 20:00:00,37382493221.91,90663442159.96,41.23%
2022-05-15 20:00:00,37469339854.4,90862745533.28,41.24%
2022-05-16 20:00:00,37891942228.65,91813855258.06,41.27%
2022-05-17 20:00:00,38122907179.61,91400993115.2,41.71%
2022-05-18 20:00:00,38311732091.28,91862457318.56,41.71%
2022-05-19 20:00:00,38597757743.25,92411037155.62,41.77%
2022-05-20 20:00:00,38644621063.36,92081471357.13,41.97%
2022-05-21 20:00:00,38769524278.9,92110445953.22,42.09%
2022-05-22 20:00:00,38790593501.25,92147234838.26,42.10%
2022-05-23 20:00:00,39036164153.22,92244749441.8,42.32%
2022-05-24 20:00:00,39118066731.3,92190016057.13,42.43%
2022-05-25 20:00:00,39130765921,92196035615.28,42.44%
2022-05-26 20:00:00,38916112832.33,91799719269.99,42.39%
2022-05-27 20:00:00,39273719767.84,92750087283.29,42.34%
2022-05-28 20:00:00,39413934895.93,92935187730.53,42.41%
2022-05-29 20:00:00,39416124139.84,92837248950.35,42.46%
2022-05-30 20:00:00,39395893867.57,93143756329.49,42.30%
2022-05-31 20:00:00,39583324610.1,93686332615.89,42.25%
2022-06-01 20:00:00,39675719653.79,93756623852.47,42.32%
2022-06-02 20:00:00,39630227139.08,93523957034.89,42.37%
2022-06-03 20:00:00,39599337093.22,93474181009.93,42.36%
2022-06-04 20:00:00,39572555937.16,93496564776.83,42.33%
2022-06-05 20:00:00,39565595246.75,93329113379.22,42.39%
2022-06-06 20:00:00,39343773692.49,93494919027.71,42.08%
2022-06-07 20:00:00,39400067087.39,93420878685.3,42.17%
2022-06-08 20:00:00,39349997980.89,93350202182.55,42.15%
2022-06-09 20:00:00,39413258295.44,93438195210.63,42.18%
2022-06-10 20:00:00,38775766724.98,93675681739.35,41.39%
2022-06-11 20:00:00,38815389597.06,93528542202.59,41.50%
2022-06-12 20:00:00,39001107502.2,93423499928.38,41.75%
2022-06-13 20:00:00,38905258661.81,92727134463.09,41.96%
2022-06-14 20:00:00,38745469911.02,92102702077.32,42.07%
2022-06-15 20:00:00,39062947500.79,92134495769.25,42.40%
2022-06-16 20:00:00,39436736202.6,92168307074.26,42.79%
2022-06-17 20:00:00,39719665825.18,91935927698.17,43.20%
2022-06-18 20:00:00,40001113056.1,92080303363.34,43.44%
2022-06-19 20:00:00,40439836938.86,91960578653.62,43.98%
2022-06-20 20:00:00,40293047995.53,92003348545.57,43.80%
2022-06-21 20:00:00,40395998799.95,92439635971.76,43.70%
2022-06-22 20:00:00,40427449339.38,92178275472.57,43.86%
2022-06-23 20:00:00,40180326384.76,91922893653.24,43.71%
2022-06-24 20:00:00,40231428851.62,91920708448.75,43.77%
2022-06-25 20:00:00,40394424120.63,92064723301.37,43.88%
2022-06-26 20:00:00,40442994404.03,92073167877,43.92%
2022-06-27 20:00:00,40213198284.32,91867852274.13,43.77%
2022-06-28 20:00:00,40166768191.32,91676153994.05,43.81%
2022-06-29 20:00:00,40238028514.84,91770073987.19,43.85%
2022-06-30 20:00:00,40328722414.71,91762516187.72,43.95%
2022-07-01 20:00:00,40290885513.32,92130499589.49,43.73%
2022-07-02 20:00:00,40337632998.15,92133138002.23,43.78%
2022-07-03 20:00:00,40356895256.86,92119708175.38,43.81%
2022-07-04 20:00:00,40518652815.66,92266640542.18,43.91%
2022-07-05 20:00:00,40418666088.9,92216124126.31,43.83%
2022-07-06 20:00:00,40187566650.14,92034841887.12,43.67%
2022-07-07 20:00:00,40008165778.21,91906365912.65,43.53%
2022-07-08 20:00:00,39627359093.53,91553749427.59,43.28%
2022-07-09 20:00:00,39593172632.63,91549316108.84,43.25%
2022-07-10 20:00:00,39650097471.95,91382315466.7,43.39%
2022-07-11 20:00:00,39659500019.68,91529971203.81,43.33%
2022-07-12 20:00:00,39625997601.08,91308050207.04,43.40%
2022-07-13 20:00:00,39608841698.79,91412647309.35,43.33%
2022-07-14 20:00:00,39527248971.8,91472085284.17,43.21%
2022-07-15 20:00:00,39105516855.77,90963180587.24,42.99%
2022-07-16 20:00:00,39093505053.7,90985875238.8,42.97%
2022-07-17 20:00:00,39074164633.09,91094661506.63,42.89%
2022-07-18 20:00:00,39087990344,91378477337.82,42.78%
2022-07-19 20:00:00,38980217247.57,91171917473.03,42.75%
2022-07-20 20:00:00,39132399843.59,91503329198.98,42.77%
2022-07-21 20:00:00,39200343020.35,91440836970,42.87%
2022-07-22 20:00:00,39206677347.76,91544109455.92,42.83%
2022-07-23 20:00:00,39298191554.23,91618476983.67,42.89%
2022-07-24 20:00:00,39283527611.07,91543937140.66,42.91%
2022-07-25 20:00:00,39205327851.07,91556099261.1,42.82%
2022-07-26 20:00:00,39223269655.08,91270291625.33,42.97%
2022-07-27 20:00:00,39218952134.35,91255019334.31,42.98%
2022-07-28 20:00:00,39142863908.31,91326167774.44,42.86%
2022-07-29 20:00:00,39121720899.17,91356445388.58,42.82%
2022-07-30 20:00:00,38983658446.09,91285049298.97,42.71%
2022-07-31 20:00:00,38957457941.01,91274164500.26,42.68%
2022-08-01 20:00:00,38987799515.11,91283888580.85,42.71%
2022-08-02 20:00:00,38852275596.26,91139510597.28,42.63%
2022-08-03 20:00:00,38928419390.21,91188102871.91,42.69%
2022-08-04 20:00:00,38733306310.41,91070198134.46,42.53%
2022-08-05 20:00:00,38780630542.11,91125511863.08,42.56%
2022-08-06 20:00:00,38760316867.19,91120894335.05,42.54%
2022-08-07 20:00:00,38725371437.29,91022337587.46,42.54%
2022-08-08 20:00:00,38643008937.85,90882398798.17,42.52%
2022-08-09 20:00:00,38523235383.86,90838648646.08,42.41%
2022-08-10 20:00:00,38455182467.23,91107669791.45,42.21%
2022-08-11 20:00:00,38303429816.41,90966563551.1,42.11%
2022-08-12 20:00:00,38313275841.94,90622595574.85,42.28%
2022-08-13 20:00:00,38201934965.16,90515239349.65,42.20%
2022-08-14 20:00:00,38052651551.07,90398055605.5,42.09%
2022-08-15 20:00:00,37979746135.11,90541596627.35,41.95%
2022-08-16 20:00:00,37960499453.78,90520719137.74,41.94%
2022-08-17 20:00:00,37711758121.42,90508092762.11,41.67%
2022-08-18 20:00:00,37339346324.53,90278657107.57,41.36%
2022-08-19 20:00:00,36918919749.08,90004364973.67,41.02%
2022-08-20 20:00:00,36861027768.59,89808410020.44,41.04%
2022-08-21 20:00:00,36603779068.45,89387756049.03,40.95%
2022-08-22 20:00:00,36301175815.45,89178697345.1,40.71%
2022-08-23 20:00:00,36367836191.92,89265599476.43,40.74%
2022-08-24 20:00:00,36927227693.54,89943332126.21,41.06%
2022-08-25 20:00:00,36759108650.5,89914061095.19,40.88%
2022-08-26 20:00:00,36955650002.81,90293326428.82,40.93%
2022-08-27 20:00:00,37011666102.36,90413597073.08,40.94%
2022-08-28 20:00:00,36997639610.15,90256664539.85,40.99%
2022-08-29 20:00:00,37085828003,90441183646.98,41.01%
2022-08-30 20:00:00,37228444214.58,90785865553.57,41.01%
2022-08-31 20:00:00,37220738381.43,90669599965.11,41.05%
2022-09-01 20:00:00,37002632143.02,90618453044.97,40.83%
2022-09-02 20:00:00,36945026793.83,90690890787,40.74%
2022-09-03 20:00:00,36993328096.71,90756961331.29,40.76%
2022-09-04 20:00:00,37017227751.91,90583600681.78,40.87%
2022-09-05 20:00:00,37009153473.75,90530468244.25,40.88%
2022-09-06 20:00:00,36821422015.16,90629717515.82,40.63%
2022-09-07 20:00:00,37006412126.34,90726287700.45,40.79%
2022-09-08 20:00:00,36992440329.51,90914574394.13,40.69%
2022-09-09 20:00:00,37056519629.23,91044127760.69,40.70%
2022-09-10 20:00:00,37015294559.38,91029886515.49,40.66%
2022-09-11 20:00:00,36938928978.77,90964907734.06,40.61%
2022-09-12 20:00:00,36880521673.34,90918993164.3,40.56%
2022-09-13 20:00:00,36756010142.33,90874541420.29,40.45%
2022-09-14 20:00:00,36281309440.74,90671588129.34,40.01%
2022-09-15 20:00:00,36057108362.25,90565972779.25,39.81%
2022-09-16 20:00:00,35915796955.8,90412792111.7,39.72%
2022-09-17 20:00:00,35898925445.58,90455673466.36,39.69%
2022-09-18 20:00:00,35883729482.69,90433798985.57,39.68%
2022-09-19 20:00:00,35914096042.39,90604444870.08,39.64%
2022-09-20 20:00:00,36118027311.7,90857286472.85,39.75%
2022-09-21 20:00:00,36011148186.55,90778948224.41,39.67%
2022-09-22 20:00:00,36163040955.82,91025538931.85,39.73%
2022-09-23 20:00:00,36054318097.83,90849300128.56,39.69%
2022-09-24 20:00:00,36156143493.27,90968750607.66,39.75%
2022-09-25 20:00:00,35929982299.33,90704352073.92,39.61%
2022-09-26 20:00:00,35746630722.22,90602739343.74,39.45%
2022-09-27 20:00:00,35647852227.14,90489226380.21,39.39%
2022-09-28 20:00:00,35324781057.83,89954415778.3,39.27%
2022-09-29 20:00:00,35006448453.46,89515896578.16,39.11%
2022-09-30 20:00:00,34804532427.39,89356307692.93,38.95%
2022-10-01 20:00:00,34798503253.27,89344551393.56,38.95%
2022-10-02 20:00:00,34883283184.87,89397129369.48,39.02%
2022-10-03 20:00:00,34718172856.78,89103981679.76,38.96%
2022-10-04 20:00:00,34633097632.26,89353708219.42,38.76%
2022-10-05 20:00:00,34682150730.12,89588474975.83,38.71%
2022-10-06 20:00:00,34696737184.99,89848037718.57,38.62%
2022-10-07 20:00:00,34850231630.74,90231027991.14,38.62%
2022-10-08 20:00:00,34839200369.75,90147753218,38.65%
2022-10-09 20:00:00,34841874538.99,90038074786.77,38.70%
2022-10-10 20:00:00,34788729723.82,89812824907.82,38.73%
2022-10-11 20:00:00,34726961070.22,89706367711.57,38.71%
2022-10-12 20:00:00,34672008901.98,89306385439.61,38.82%
2022-10-13 20:00:00,34713111361.68,89334258301.79,38.86%
2022-10-14 20:00:00,34621512194.42,89201082897.21,38.81%
2022-10-15 20:00:00,34616062335.76,89191431706.79,38.81%
2022-10-16 20:00:00,34614863936.96,89114814687.77,38.84%
2022-10-17 20:00:00,34579342538.63,89107582595.44,38.81%
2022-10-18 20:00:00,34601542838.22,89265016594.81,38.76%
2022-10-19 20:00:00,34517124187.14,89317892944.59,38.65%
2022-10-20 20:00:00,34091069812.5,88985393529.08,38.31%
2022-10-21 20:00:00,34038580969.14,88781131431.32,38.34%
2022-10-22 20:00:00,34107787892.17,88855302950.55,38.39%
2022-10-23 20:00:00,34129616473.42,88899483888.51,38.39%
2022-10-24 20:00:00,33989965595.43,88575036186.3,38.37%
2022-10-25 20:00:00,34080179344.81,88566850187.71,38.48%
2022-10-26 20:00:00,34118506711.62,88478045260.61,38.56%
2022-10-27 20:00:00,34130018162.4,88207222346.58,38.69%
2022-10-28 20:00:00,34138570846.29,88407771903.01,38.61%
2022-10-29 20:00:00,34098386922.81,88384577166.05,38.58%
2022-10-30 20:00:00,34088976843.78,88363771322.88,38.58%
2022-10-31 20:00:00,33810491166.88,87793429056.76,38.51%
2022-11-01 20:00:00,33383055643.28,87823091466.59,38.01%
2022-11-02 20:00:00,32879851842.76,87682316304.54,37.50%
2022-11-03 20:00:00,32462650549.48,87842941079.78,36.96%
2022-11-04 20:00:00,32532298018.08,88060957595.5,36.94%
2022-11-05 20:00:00,32455851635.84,87714938796.11,37.00%
2022-11-06 19:00:00,32702800628.06,88004045191.73,37.16%
2022-11-07 19:00:00,33390475657.49,88821340805.94,37.59%
2022-11-08 19:00:00,33307736559,88993254097.64,37.43%
2022-11-09 19:00:00,33580130949.32,88390882652.91,37.99%
2022-11-10 19:00:00,34601149994.11,89315078945.63,38.74%
2022-11-11 19:00:00,35473859828.61,90021083399.31,39.41%
2022-11-12 19:00:00,35840059795.32,90021450724.51,39.81%
2022-11-13 19:00:00,35639592872.16,89745388798.14,39.71%
2022-11-14 19:00:00,35851959002.86,90011316672.15,39.83%
2022-11-15 19:00:00,36189431640.13,90061893291.06,40.18%
2022-11-16 19:00:00,36233564352.29,89659364013.45,40.41%
2022-11-17 19:00:00,35984385711.22,89274610150.27,40.31%
2022-11-18 19:00:00,36255532499.38,90442000863.51,40.09%
2022-11-19 19:00:00,36188177731.87,90279855548.4,40.08%
2022-11-20 19:00:00,36274462737.81,90311023114.53,40.17%
2022-11-21 19:00:00,36028722252.7,89796890469.31,40.12%
2022-11-22 19:00:00,36130999538.15,89811734171.02,40.23%
2022-11-23 19:00:00,36220792866.28,89592025081.19,40.43%
2022-11-24 19:00:00,36440153179.68,89577021515.95,40.68%
2022-11-25 19:00:00,36426171135.27,89138675009.92,40.86%
2022-11-26 19:00:00,36611247067.24,89313259604.71,40.99%
2022-11-27 19:00:00,36765761502.04,89188632325.56,41.22%
2022-11-28 19:00:00,36239892288.93,88155463053.95,41.11%
2022-11-29 19:00:00,35889910658.39,87497545027.14,41.02%
2022-11-30 19:00:00,35832590880.57,87317549239.72,41.04%
2022-12-01 19:00:00,35737733817.87,87129442252.95,41.02%
2022-12-02 19:00:00,35936543585.86,87359660384.7,41.14%
2022-12-03 19:00:00,35998060894.08,87423924128.67,41.18%
2022-12-04 19:00:00,36123238732.58,87528834767.38,41.27%
2022-12-05 19:00:00,35800596896.18,87166495372.19,41.07%
2022-12-06 19:00:00,35598556876.28,86795606069.12,41.01%
2022-12-07 19:00:00,35431102743.88,86633336497.41,40.90%
2022-12-08 19:00:00,35399343472.77,86521123027.68,40.91%
2022-12-09 19:00:00,35349215864.97,86516665308.99,40.86%
2022-12-10 19:00:00,35384628920.3,86707886025.31,40.81%
2022-12-11 19:00:00,35393841431.06,86714215874.69,40.82%
2022-12-12 19:00:00,35182504333.22,86326370956.83,40.76%
2022-12-13 19:00:00,37966176846.26,88924351815.69,42.69%
2022-12-14 19:00:00,37812598709.71,88558219717.98,42.70%
2022-12-15 19:00:00,37705605766.9,88472152473.28,42.62%
2022-12-16 19:00:00,37471646315.42,87931972136.71,42.61%
2022-12-17 19:00:00,37511529980.07,87979059773.35,42.64%
2022-12-18 19:00:00,37544537295.58,87973133572.67,42.68%
2022-12-19 19:00:00,37296149162.34,87688273276.82,42.53%
2022-12-20 19:00:00,37291391049.16,87402887907.44,42.67%
2022-12-21 19:00:00,37125879586.39,87197612949.67,42.58%
2022-12-22 19:00:00,37071128758.98,87075736488.72,42.57%
2022-12-23 19:00:00,37135133566.92,86636221335.44,42.86%
2022-12-24 19:00:00,37274273963.52,86712491237.21,42.99%
2022-12-25 19:00:00,37326667594.51,86660312333.72,43.07%
2022-12-26 19:00:00,37346592347.01,86584324651.11,43.13%
2022-12-27 19:00:00,37136724132.6,86223618542.25,43.07%
2022-12-28 19:00:00,37370228657.44,86260971268.04,43.32%
2022-12-29 19:00:00,37403837725.71,86152315411.17,43.42%
2022-12-30 19:00:00,37527001432.95,86075731736.03,43.60%
2022-12-31 19:00:00,37563074073.56,85911947713.8,43.72%
2023-01-01 19:00:00,37632911444.15,85974834790.79,43.77%
2023-01-02 19:00:00,37743416664.24,85942014120.01,43.92%
2023-01-03 19:00:00,37232148939.46,85585450815.25,43.50%
2023-01-04 19:00:00,37196523399.84,85532439065.88,43.49%
2023-01-05 19:00:00,36801800910.39,85248612327.86,43.17%
2023-01-06 19:00:00,36772644920.5,84839484794.95,43.34%
2023-01-07 19:00:00,36909809998.58,84980042043.46,43.43%
2023-01-08 19:00:00,37056812901.15,84924444064.86,43.64%
2023-01-09 19:00:00,36739374975.42,84721209898.04,43.37%
2023-01-10 19:00:00,36798253360.28,84956879814.63,43.31%
2023-01-11 19:00:00,36944138368.39,85129424613.31,43.40%
2023-01-12 19:00:00,37107038267.26,85263483886.13,43.52%
2023-01-13 19:00:00,36666614909.7,84642717299.17,43.32%
2023-01-14 19:00:00,36888145003.95,84749646780.91,43.53%
2023-01-15 19:00:00,37120310129.33,84944797788.14,43.70%
2023-01-16 19:00:00,37097311602.29,84799325427.81,43.75%
2023-01-17 19:00:00,36834998601.13,84348538593.12,43.67%
2023-01-18 19:00:00,36249187340.42,84051120487.77,43.13%
2023-01-19 19:00:00,36106565326.93,83969033396.38,43.00%
2023-01-20 19:00:00,36296520857.44,84126188515.95,43.15%
2023-01-21 19:00:00,36470171589.04,84125142878.23,43.35%
2023-01-22 19:00:00,36344464835.3,83873517702.78,43.33%
2023-01-23 19:00:00,36350030549.52,83519845629.32,43.52%
2023-01-24 19:00:00,36447830703.23,83262357565.51,43.77%
2023-01-25 19:00:00,36320234066.78,83227608862.17,43.64%
2023-01-26 19:00:00,36114445897.7,83372309435.69,43.32%
2023-01-27 19:00:00,35887378689.67,82996247070.48,43.24%
2023-01-28 19:00:00,35925647995.54,83015396040.13,43.28%
2023-01-29 19:00:00,35800911580.94,82800370168.37,43.24%
2023-01-30 19:00:00,35351060689.84,82404299893.05,42.90%
2023-01-31 19:00:00,35032600727.18,82412474530.03,42.51%
2023-02-01 19:00:00,35047281676.56,82358707491.85,42.55%
2023-02-02 19:00:00,35081580168.95,82378872101.81,42.59%
2023-02-03 19:00:00,34798111698.76,82263573484.09,42.30%
2023-02-04 19:00:00,34791306508.23,82253670739.35,42.30%
2023-02-05 19:00:00,34845582756.81,82288816932.86,42.35%
2023-02-06 19:00:00,34670253630.24,81804007851.55,42.38%
2023-02-07 19:00:00,34493379310.74,81611851160.14,42.27%
2023-02-08 19:00:00,34327337919.14,81461365244.82,42.14%
2023-02-09 19:00:00,34332818856.57,81148841752.08,42.31%
2023-02-10 19:00:00,34192152611.44,81028594741.57,42.20%
2023-02-11 19:00:00,34127386284.77,80971056460.08,42.15%
2023-02-12 19:00:00,34049585420.6,80898433472.64,42.09%
2023-02-13 19:00:00,33934938754.79,80442641254.84,42.19%
2023-02-14 19:00:00,34018970631.13,80074128640.31,42.48%
2023-02-15 19:00:00,34478397897.77,79512171546.63,43.36%
2023-02-16 19:00:00,34685751187.84,79347671199.54,43.71%
2023-02-17 19:00:00,34938330267.98,79136562885.39,44.15%
2023-02-18 19:00:00,34895709163.34,79029057340.97,44.16%
2023-02-19 19:00:00,34934922983.9,79064600484.52,44.19%
2023-02-20 19:00:00,34998138904.15,78699556424.67,44.47%
2023-02-21 19:00:00,35120037354.07,78398561988.89,44.80%
2023-02-22 19:00:00,35033729270.88,79891485494.84,43.85%
2023-02-23 19:00:00,35188604619.4,79733475152.02,44.13%
2023-02-24 19:00:00,35447612927.84,79546655691.13,44.56%
2023-02-25 19:00:00,35535230125.91,79627047738.22,44.63%
2023-02-26 19:00:00,35590648663.89,79535693395.03,44.75%
2023-02-27 19:00:00,35611819029.05,79215455479.49,44.96%
2023-02-28 19:00:00,35552037272.18,79050898303.86,44.97%
2023-03-01 19:00:00,35685477271.75,78811401664.91,45.28%
2023-03-02 19:00:00,36343294042.23,79005805859.38,46.00%
2023-03-03 19:00:00,36673915159.1,79212371541.78,46.30%
2023-03-04 19:00:00,36903295942.4,80799391792.44,45.67%
2023-03-05 19:00:00,37174827729.74,80826145629.32,45.99%
2023-03-06 19:00:00,37000907043.62,80397489775.58,46.02%
2023-03-07 19:00:00,36824446242.02,80160074810.83,45.94%
2023-03-08 19:00:00,37014041015.83,80280109489.77,46.11%
2023-03-09 19:00:00,37059405596.08,80262399860.75,46.17%
2023-03-10 19:00:00,36235789823.53,79697738012.45,45.47%
2023-03-11 19:00:00,35016565860.78,79242487155.24,44.19%
2023-03-12 20:00:00,34884893349.76,79607155365.43,43.82%
2023-03-13 20:00:00,33409003095.64,77814944592.92,42.93%
2023-03-14 20:00:00,32567842132.58,78059123832.49,41.72%
2023-03-15 20:00:00,31772159184.92,77388766585.73,41.06%
2023-03-16 20:00:00,31313467669.4,76892596297.02,40.72%
2023-03-17 20:00:00,30608605503.8,76194951594.53,40.17%
2023-03-18 20:00:00,30600492892.24,76176236738.14,40.17%
2023-03-19 20:00:00,30570523531.41,76098345027.07,40.17%
2023-03-20 20:00:00,29946081781.36,75493169937.28,39.67%
2023-03-21 20:00:00,29801624922.14,75365742039.79,39.54%
2023-03-22 20:00:00,29401108820.61,75039505781.89,39.18%
2023-03-23 20:00:00,28792974440.47,74568706782.26,38.61%
2023-03-24 20:00:00,28242668630.57,74216269798.24,38.05%
2023-03-25 20:00:00,28225914007.24,74311205332.14,37.98%
2023-03-26 20:00:00,28205135215.65,74283279841.88,37.97%
2023-03-27 20:00:00,27787535975.5,73774944883.7,37.67%
2023-03-28 20:00:00,27504719701.65,73412326578.06,37.47%
2023-03-29 20:00:00,27458696027.51,73301936782.18,37.46%
2023-03-30 20:00:00,27185791058,72971983539.95,37.26%
2023-03-31 20:00:00,26863699485.22,72611009866.08,37.00%
2023-04-01 20:00:00,26807797594.51,72553517509.48,36.95%
2023-04-02 20:00:00,26802726895.71,72547518928.18,36.95%
2023-04-03 20:00:00,26889203151.21,72947196991.44,36.86%
2023-04-04 20:00:00,26818571509.4,72424878684.58,37.03%
2023-04-05 20:00:00,26799238238.52,72277727951.15,37.08%
2023-04-06 20:00:00,26926796358.97,72364891575.49,37.21%
2023-04-07 20:00:00,26910351408.76,72382182383.2,37.18%
2023-04-08 20:00:00,26903101025.71,72355603605.44,37.18%
2023-04-09 20:00:00,26852201046.51,72316762371.38,37.13%
2023-04-10 20:00:00,26798165865.51,72313880423.09,37.06%
2023-04-11 20:00:00,26753505964.54,72375511708.51,36.96%
2023-04-12 20:00:00,26544489307.98,72092970432.62,36.82%
2023-04-13 20:00:00,26399046809.16,71913014372.19,36.71%
2023-04-14 20:00:00,26295120526.95,71791790957.13,36.63%
2023-04-15 20:00:00,26280593660.77,71922286570.24,36.54%
2023-04-16 20:00:00,26288204535.6,71910446990.28,36.56%
2023-04-17 20:00:00,26106014390.17,71585295462.04,36.47%
2023-04-18 20:00:00,25872739472.49,71439084962,36.22%
2023-04-19 20:00:00,25648027543.31,71255806782.81,35.99%
2023-04-20 20:00:00,25517276792.89,71291054290.59,35.79%
2023-04-21 20:00:00,25327366154.05,70889802715.83,35.73%
2023-04-22 20:00:00,25279916232.84,70817151109.76,35.70%
2023-04-23 20:00:00,25331370916.32,70871426484.99,35.74%
2023-04-24 20:00:00,25256266445.33,70775901790.72,35.68%
2023-04-25 20:00:00,25276418345.74,70669187896.44,35.77%
2023-04-26 20:00:00,25296736924.11,70596582977.78,35.83%
2023-04-27 20:00:00,24995088955.68,70221139487.73,35.59%
2023-04-28 20:00:00,24971778500.7,70076319155.8,35.64%
2023-04-29 20:00:00,24995629864.93,70232735947.77,35.59%
2023-04-30 20:00:00,24997420819.15,70266705220.75,35.58%
2023-05-01 20:00:00,24892880998.33,70207270719.51,35.46%
2023-05-02 20:00:00,24728031697.96,70049403380.94,35.30%
2023-05-03 20:00:00,24706654322.34,69918903231.69,35.34%
2023-05-04 20:00:00,24598486689.33,69763174943.86,35.26%
2023-05-05 20:00:00,24809520265.4,70008252696.88,35.44%
2023-05-06 20:00:00,24808449298.54,70010313933.91,35.44%
2023-05-07 20:00:00,24814495973.43,70011577227.55,35.44%
2023-05-08 20:00:00,24671921882.39,69870275033.07,35.31%
2023-05-09 20:00:00,24576529734.78,69645584811.83,35.29%
2023-05-10 20:00:00,24536556033.31,69590686049.97,35.26%
2023-05-11 20:00:00,24316922481.13,69352499674.88,35.06%
2023-05-12 20:00:00,24394687337.15,69361686551.51,35.17%
2023-05-13 20:00:00,24402993610.19,69366266948.03,35.18%
2023-05-14 20:00:00,24393757456.2,69370585462.82,35.16%
2023-05-15 20:00:00,24259271685.44,69179921033.22,35.07%
2023-05-16 20:00:00,24186726021.04,69093758352.97,35.01%
2023-05-17 20:00:00,24072405489.18,68974251727.78,34.90%
2023-05-18 20:00:00,24441023673.87,69998882115.6,34.92%
2023-05-19 20:00:00,24339476292.85,69845517480.36,34.85%
2023-05-20 20:00:00,24328360435.04,69832167426.12,34.84%
2023-05-21 20:00:00,24316840661.11,69957135251.74,34.76%
2023-05-22 20:00:00,24218706773.66,69877362326.76,34.66%
2023-05-23 20:00:00,24082108948.99,69674115427.03,34.56%
2023-05-24 20:00:00,23767698338.88,69428554824.31,34.23%
2023-05-25 20:00:00,23756344208.67,69479986009.13,34.19%
2023-05-26 20:00:00,23772569230.96,69542158223.87,34.18%
2023-05-27 20:00:00,23766724891.23,69549299410.01,34.17%
2023-05-28 20:00:00,23725097819.69,69510740771.95,34.13%
2023-05-29 20:00:00,23792131415.72,69609665616.54,34.18%
2023-05-30 20:00:00,23743747908.38,69530318580.79,34.15%
2023-05-31 20:00:00,23580001535.54,69338932382.33,34.01%
2023-06-01 20:00:00,23638713873.34,69355010296.45,34.08%
2023-06-02 20:00:00,23709886636.71,69407057466.49,34.16%
2023-06-03 20:00:00,23703040522.99,69383176371.66,34.16%
2023-06-04 20:00:00,23695033575.77,69382064860.86,34.15%
2023-06-05 20:00:00,23673799877.29,69319386725.24,34.15%
2023-06-06 20:00:00,23496937167.01,69040920443.99,34.03%
2023-06-07 20:00:00,23309864224.04,68780081992.42,33.89%
2023-06-08 20:00:00,23216859647.81,68666513678.43,33.81%
2023-06-09 20:00:00,23059540809.55,68410451149.6,33.71%
2023-06-10 20:00:00,23135320461.59,68503899967.14,33.77%
2023-06-11 20:00:00,23157525745.09,68523575103.6,33.79%
2023-06-12 20:00:00,23093396439.95,69017107604.69,33.46%
2023-06-13 20:00:00,22995422689.61,69033711352.09,33.31%
2023-06-14 20:00:00,22887652957.06,68899937367.9,33.22%
2023-06-15 20:00:00,23046371188.86,68928166305.51,33.44%
2023-06-16 20:00:00,23179273634.51,70286231653.78,32.98%
2023-06-17 20:00:00,23183070209.54,70248522952.35,33.00%
2023-06-18 20:00:00,23186786163.26,70341147431.62,32.96%
2023-06-19 20:00:00,23340013160.83,70605712209,33.06%
2023-06-20 20:00:00,23454104662.24,70824468899.15,33.12%
2023-06-21 20:00:00,23307351701.21,70591868789.49,33.02%
2023-06-22 20:00:00,23206082377.74,70477739899.99,32.93%
2023-06-23 20:00:00,23208128134.44,70479517169.12,32.93%
2023-06-24 20:00:00,23203129334.2,70433097173.72,32.94%
2023-06-25 20:00:00,23191410566.32,70428899186.59,32.93%
2023-06-26 20:00:00,23111547694.4,70351822883.91,32.85%
2023-06-27 20:00:00,22960923441.64,70164433860.14,32.72%
2023-06-28 20:00:00,22833065904.55,69981510103.42,32.63%
2023-06-29 20:00:00,22672677316.55,69814537449.42,32.48%
2023-06-30 20:00:00,22052063447.66,69144448156.77,31.89%
2023-07-01 20:00:00,22134022835.98,69240873890.31,31.97%
2023-07-02 20:00:00,22140554746.8,69238551393.05,31.98%
2023-07-03 20:00:00,22426589604.57,69767989593.79,32.14%
2023-07-04 20:00:00,22465573592.54,69672367628.73,32.24%
2023-07-05 20:00:00,22424018718.58,69637270465.88,32.20%
2023-07-06 20:00:00,22269942565.87,69323426315.92,32.12%
2023-07-07 20:00:00,22229485196.13,69241655526.41,32.10%
2023-07-08 20:00:00,22227186139.6,69234317461.68,32.10%
2023-07-09 20:00:00,22231292185.26,69224672942.79,32.11%
2023-07-10 20:00:00,22150553575.46,69064019303.69,32.07%
2023-07-11 20:00:00,22128727274.91,68937751640.57,32.10%
2023-07-12 20:00:00,22078524244.37,68702875500.2,32.14%
2023-07-13 20:00:00,22237631356.6,68812333940.14,32.32%
2023-07-14 20:00:00,22119755870.07,68697768245.37,32.20%
2023-07-15 20:00:00,22109901669.01,68733779859.96,32.17%
2023-07-16 20:00:00,22131263995.11,68734362838.31,32.20%
2023-07-17 20:00:00,21928727165.88,68520293173.85,32.00%
2023-07-18 20:00:00,21854201388.93,68504963235.64,31.90%
2023-07-19 20:00:00,21748575215.33,68346475624.83,31.82%
2023-07-20 20:00:00,21708625884.09,68265706944.46,31.80%
2023-07-21 20:00:00,21615654346.18,68092010702.46,31.74%
2023-07-22 20:00:00,21602985107.87,68037727152.56,31.75%
2023-07-23 20:00:00,21607981772.07,68025153906.42,31.76%
2023-07-24 20:00:00,21502018706.71,67912926753.97,31.66%
2023-07-25 20:00:00,21427772223.64,67826310475.02,31.59%
2023-07-26 20:00:00,21348197857,67818139315.16,31.48%
2023-07-27 20:00:00,21453121803.11,67829901372.05,31.63%
2023-07-28 20:00:00,21434473562.32,67657674503.83,31.68%
2023-07-29 20:00:00,21478219157.98,67699966168.15,31.73%
2023-07-30 20:00:00,21458860256.86,67537562341.6,31.77%
