date,dex_volume
2019-10-10,929560.1686759855
2019-10-11,369449.18406718737
2019-10-12,425513.3585221346
2019-10-13,786171.7472607518
2019-10-14,664778.7958460094
2019-10-15,1216313.13046972
2019-10-16,1140773.5578648439
2019-10-17,800401.0827349544
2019-10-18,370155.3896429694
2019-10-19,442230.7939487982
2019-10-20,761421.1488565959
2019-10-21,676933.8821930528
2019-10-22,1631323.9685118655
2019-10-23,680305.3036629141
2019-10-24,1778169.9119956873
2019-10-25,2508354.217084575
2019-10-26,913460.0738800588
2019-10-27,1047443.9792878481
2019-10-28,899496.7345381064
2019-10-29,677220.8869676422
2019-10-30,1118844.2542738093
2019-10-31,1151043.108379028
2019-11-01,415186.7995507141
2019-11-02,540544.5545675119
2019-11-03,608122.2300860144
2019-11-04,723387.7158511272
2019-11-05,927883.413794467
2019-11-06,1542229.8167398314
2019-11-07,1131155.5995463098
2019-11-08,988053.1885022204
2019-11-09,932849.9807691255
2019-11-10,1355637.8794643197
2019-11-11,909204.8821999315
2019-11-12,781579.6156557435
2019-11-13,994394.749088591
2019-11-14,1410739.5962601455
2019-11-15,500099.271803119
2019-11-16,888837.1216348574
2019-11-17,1049073.5257736132
2019-11-18,2070077.5313108037
2019-11-19,1954890.6985589988
2019-11-20,3583471.252597217
2019-11-21,8040170.429278473
2019-11-22,2184077.5495620416
2019-11-23,2984111.2041640645
2019-11-24,5594382.336252186
2019-11-25,1705946.3387491717
2019-11-26,1873733.0371950108
2019-11-27,1601216.7847842518
2019-11-28,2623873.7294102623
2019-11-29,1979306.8624112753
2019-11-30,2267612.486721639
2019-12-01,3300241.780260896
2019-12-02,2935733.5722737894
2019-12-03,3622721.5477666347
2019-12-04,3648722.651085576
2019-12-05,1246127.1656859948
2019-12-06,1221006.1279247275
2019-12-07,1413557.248933084
2019-12-08,1085405.7229209936
2019-12-09,1875526.4127117854
2019-12-10,1929590.6586757924
2019-12-11,1090661.6192744842
2019-12-12,934888.7878091653
2019-12-13,1305699.0066447174
2019-12-14,977696.972262206
2019-12-15,2182617.92599478
2019-12-16,4170457.7541210526
2019-12-17,2840452.6160690216
2019-12-18,2082836.1061786013
2019-12-19,1801198.3827662093
2019-12-20,1242418.0323950718
2019-12-21,1187892.3168734629
2019-12-22,1812149.7595888108
2019-12-23,3828471.0200810456
2019-12-24,4802480.888358479
2019-12-25,1540344.6727291492
2019-12-26,801099.2952835849
2019-12-27,688862.1802552288
2019-12-28,997096.1277626047
2019-12-29,955502.8955639546
2019-12-30,1011034.9283284153
2019-12-31,1179813.5069552185
2020-01-01,1523649.1659461358
2020-01-02,1106257.4409881942
2020-01-03,768180.2761870221
2020-01-04,1060523.4332716255
2020-01-05,3133488.354203164
2020-01-06,1824665.3047664377
2020-01-07,2905389.122514777
2020-01-08,1807353.2270287855
2020-01-09,1449786.2547591561
2020-01-10,2215453.7886594506
2020-01-11,1949865.499077964
2020-01-12,1590348.586448493
2020-01-13,3196899.649415221
2020-01-14,3271209.178023173
2020-01-15,2880546.820432224
2020-01-16,3335860.9262564997
2020-01-17,2766457.1771674445
2020-01-18,2279250.838999493
2020-01-19,2779519.1553646014
2020-01-20,2165911.915130654
2020-01-21,2458304.36152549
2020-01-22,1776859.119385509
2020-01-23,1799706.6156579766
2020-01-24,1143870.375722424
2020-01-25,929115.3774872089
2020-01-26,1524890.7004462453
2020-01-27,2373776.5385184954
2020-01-28,2173711.9366755905
2020-01-29,2122080.2109370087
2020-01-30,1808176.8787923264
2020-01-31,1537172.4313114942
2020-02-01,2447411.5248770597
2020-02-02,3731278.386990551
2020-02-03,2370817.329581553
2020-02-04,4658966.425391186
2020-02-05,3848220.7580336817
2020-02-06,3579649.4700567247
2020-02-07,3180788.150434525
2020-02-08,4517971.447132739
2020-02-09,3842382.782661121
2020-02-10,4663494.769909767
2020-02-11,7973429.596876414
2020-02-12,5902265.735510653
2020-02-13,8256782.21904713
2020-02-14,10152201.669278326
2020-02-15,6273611.282619042
2020-02-16,5510108.343011529
2020-02-17,6750925.021142599
2020-02-18,8961688.816159792
2020-02-19,4629073.121488105
2020-02-20,4153143.5773069346
2020-02-21,3822033.715359768
2020-02-22,2872284.1352043264
2020-02-23,4237271.369144924
2020-02-24,5044764.180835391
2020-02-25,6838835.258878041
2020-02-26,6661692.442748121
2020-02-27,5125944.8152232915
2020-02-28,3137939.747336053
2020-02-29,4964778.616278312
2020-03-01,3701693.6699882364
2020-03-02,4009205.5490828487
2020-03-03,3463888.4133740957
2020-03-04,3609799.699520451
2020-03-05,3302485.163390474
2020-03-06,4168192.6351234075
2020-03-07,7194497.533430348
2020-03-08,9635697.602049533
2020-03-09,6374946.498667493
2020-03-10,6118728.897309483
2020-03-11,32778631.02598259
2020-03-12,39690415.059659936
2020-03-13,8207777.7458621105
2020-03-14,11241300.912839994
2020-03-15,16996641.519737367
2020-03-16,6921115.487757042
2020-03-17,3879924.3479717597
2020-03-18,6620044.655264735
2020-03-19,7596094.667977982
2020-03-20,2969760.6206040857
2020-03-21,3394698.7261103867
2020-03-22,3617718.5470197503
2020-03-23,3573036.4446588648
2020-03-24,3053507.003875615
2020-03-25,2430716.5423274683
2020-03-26,2758261.16539799
2020-03-27,2590849.939947724
2020-03-28,1437058.4470775437
2020-03-29,1926250.660626327
2020-03-30,1689736.82980516
2020-03-31,1604434.7547160357
2020-04-01,2456615.1635939833
2020-04-02,2115120.7682680716
2020-04-03,1576016.3286496783
2020-04-04,1268873.1021270275
2020-04-05,4762480.579390785
2020-04-06,5169570.935316943
2020-04-07,2931891.9333143695
2020-04-08,2091865.318316744
2020-04-09,3408376.7450217265
2020-04-10,1506080.53668942
2020-04-11,1886491.3655802594
2020-04-12,2602551.6284755403
2020-04-13,2732433.655858402
2020-04-14,2461738.6493551214
2020-04-15,6932327.654249953
2020-04-16,2553570.192858236
2020-04-17,18622894.360809404
2020-04-18,5298563.711882603
2020-04-19,6514602.057257943
2020-04-20,6673860.069353156
2020-04-21,12298131.023036895
2020-04-22,8325038.857735479
2020-04-23,7071408.973301481
2020-04-24,7094128.910390985
2020-04-25,8585186.49271674
2020-04-26,7458009.240404339
2020-04-27,5984903.35165952
2020-04-28,13042627.110002546
2020-04-29,13964443.990673207
2020-04-30,7487027.610448746
2020-05-01,8615531.067997586
2020-05-02,7957619.873133005
2020-05-03,13227572.90597997
2020-05-04,8707345.215341728
2020-05-05,8313299.894719274
2020-05-06,7672032.145688315
2020-05-07,10578764.31915669
2020-05-08,12403066.671264129
2020-05-09,16588951.660825988
2020-05-10,11872059.12847228
2020-05-11,8156567.787153588
2020-05-12,9196271.533890624
2020-05-13,7843340.579650729
2020-05-14,7521776.823235734
2020-05-15,7037186.6708134115
2020-05-16,13884539.632875446
2020-05-17,11557740.045565056
2020-05-18,13106445.696357394
2020-05-19,11193762.667983402
2020-05-20,7442096.429274826
2020-05-21,6563072.680199451
2020-05-22,5151644.450027833
2020-05-23,8255524.907265296
2020-05-24,3663888.9484404307
2020-05-25,8144423.63665736
2020-05-26,5951910.2430583825
2020-05-27,5208477.112355584
2020-05-28,12001927.934155207
2020-05-29,6806425.232002494
2020-05-30,5939069.390707769
2020-05-31,7087471.351092715
2020-06-01,10712652.215263484
2020-06-02,6509642.089063333
2020-06-03,6074431.316723695
2020-06-04,7005569.828357417
2020-06-05,7531116.969718533
2020-06-06,7971625.133623205
2020-06-07,8065844.665743932
2020-06-08,14844100.593700618
2020-06-09,11306424.349278606
2020-06-10,15966974.2308675
2020-06-11,8117929.697904153
2020-06-12,7289001.320280347
2020-06-13,6487333.217628263
2020-06-14,14710993.17454243
2020-06-15,9287708.125164162
2020-06-16,103381057.67099985
2020-06-17,59263530.70795683
2020-06-18,62614241.508585565
2020-06-19,14597636.209870964
2020-06-20,21756163.02309769
2020-06-21,27663798.626067005
2020-06-22,22743965.10729397
2020-06-23,26681477.683631133
2020-06-24,24494366.603104718
2020-06-25,21596286.991195522
2020-06-26,22108343.434677877
2020-06-27,15333028.785313897
2020-06-28,16692007.077706179
2020-06-29,15718894.715943895
2020-06-30,22077474.46177397
2020-07-01,24727112.435640015
2020-07-02,22687541.639546238
2020-07-03,16850553.28296658
2020-07-04,15394532.410029635
2020-07-05,19159412.509604905
2020-07-06,17347019.653486826
2020-07-07,22162555.4593958
2020-07-08,23654369.5643908
2020-07-09,21044082.27038943
2020-07-10,21579869.05585598
2020-07-11,30435157.687964737
2020-07-12,48924928.59642982
2020-07-13,28740399.195039067
2020-07-14,30863299.813782897
2020-07-15,29519898.9513419
2020-07-16,44491007.07234481
2020-07-17,46872139.585620694
2020-07-18,51771839.21856208
2020-07-19,58900915.12276915
2020-07-20,58435279.90956616
2020-07-21,69920417.15239619
2020-07-22,76318780.44733334
2020-07-23,79542812.36360437
2020-07-24,106467587.79629111
2020-07-25,109988350.83039236
2020-07-26,143772907.94647247
2020-07-27,96780503.6912816
2020-07-28,111041976.86002536
2020-07-29,130918206.02444601
2020-07-30,128786801.31498833
2020-07-31,109468621.67220126
2020-08-01,96254235.91237308
2020-08-02,93300625.6396447
2020-08-03,91919753.03171176
2020-08-04,85645168.0482438
2020-08-05,88968444.20186833
2020-08-06,136170085.97384813
2020-08-07,136423988.88795006
2020-08-08,157912001.78755417
2020-08-09,246378805.3417215
2020-08-10,184962101.54509622
2020-08-11,297356259.71992296
2020-08-12,286526052.66097486
2020-08-13,222113751.12150523
2020-08-14,176897034.96133703
2020-08-15,184399782.10981223
2020-08-16,194589866.0160129
2020-08-17,246768927.5961535
2020-08-18,225257609.39750537
2020-08-19,240868566.9762211
2020-08-20,271702906.06173706
2020-08-21,181900430.9541312
2020-08-22,170043683.69537413
2020-08-23,209120125.22495058
2020-08-24,200818968.80954146
2020-08-25,216462181.82105523
2020-08-26,176666533.00428012
2020-08-27,244143144.60943496
2020-08-28,339505820.3114936
2020-08-29,550646238.7707268
2020-08-30,625138126.4078048
2020-08-31,997350780.6523504
2020-09-01,989836107.7673515
2020-09-02,913811246.59995
2020-09-03,622489776.785794
2020-09-04,874392538.3110579
2020-09-05,685132603.005742
2020-09-06,475684877.3737576
2020-09-07,414570799.46749425
2020-09-08,460203378.562043
2020-09-09,447802370.3456965
2020-09-10,346135457.76649857
2020-09-11,341899803.7694383
2020-09-12,437591011.52650326
2020-09-13,509387717.9580656
2020-09-14,441567080.1873776
2020-09-15,403895530.1215199
2020-09-16,612971175.4315002
2020-09-17,655769818.8123692
2020-09-18,514143597.6697032
2020-09-19,421040825.33329666
2020-09-20,497434435.7042323
2020-09-21,369334583.5647156
2020-09-22,393778537.6135713
2020-09-23,306466080.57737017
2020-09-24,280727852.49715006
2020-09-25,265423178.45359603
2020-09-26,328139852.71759677
2020-09-27,327133851.44218
2020-09-28,396580130.24646646
2020-09-29,317136628.3150514
2020-09-30,403363335.0516927
2020-10-01,481701861.2152435
2020-10-02,312243970.2846921
2020-10-03,355853736.54712063
2020-10-04,313239484.02221596
2020-10-05,460254540.827689
2020-10-06,369129834.489731
2020-10-07,357994888.62668574
2020-10-08,312249264.2716098
2020-10-09,275148720.19045866
2020-10-10,232485851.4917741
2020-10-11,305684132.2506968
2020-10-12,263994608.26488736
2020-10-13,439852365.3133976
2020-10-14,251194885.14972785
2020-10-15,214622300.96227574
2020-10-16,165413680.45171192
2020-10-17,170832853.61508086
2020-10-18,199192584.08958927
2020-10-19,229916731.00615108
2020-10-20,309507660.10730916
2020-10-21,265521492.88784227
2020-10-22,243093792.58112395
2020-10-23,155778539.7784498
2020-10-24,175306965.039358
2020-10-25,2218002029.3949437
2020-10-26,222238414.15955526
2020-10-27,417367281.8072966
2020-10-28,354998263.30867654
2020-10-29,365380110.9819684
2020-10-30,248552610.62308496
2020-10-31,188761451.042367
2020-11-01,240662335.72261146
2020-11-02,236993325.00852895
2020-11-03,246648220.27303353
2020-11-04,314039299.8449093
2020-11-05,384696754.714287
2020-11-06,427720298.0361322
2020-11-07,216652370.75615126
2020-11-08,269293402.6040829
2020-11-09,257761327.9122465
2020-11-10,257482063.6833307
2020-11-11,248182093.40005815
2020-11-12,272948886.28386307
2020-11-13,419587394.161819
2020-11-14,250408011.9555699
2020-11-15,301236090.5469448
2020-11-16,424058025.7964944
2020-11-17,323039347.48546475
2020-11-18,278619337.83696944
2020-11-19,331470015.244348
2020-11-20,408334272.7369204
2020-11-21,471102447.7776571
2020-11-22,405720243.75970834
2020-11-23,454801343.6479303
2020-11-24,332450883.8629285
2020-11-25,741736287.5032178
2020-11-26,252298571.78290457
2020-11-27,201611066.6361446
2020-11-28,227133115.85049164
2020-11-29,349429579.0735061
2020-11-30,378005002.8263159
2020-12-01,284228942.022861
2020-12-02,333024120.3951321
2020-12-03,347773571.1660312
2020-12-04,296119565.4992417
2020-12-05,414812832.2891982
2020-12-06,338324336.74685556
2020-12-07,425419042.802506
2020-12-08,391522150.18028766
2020-12-09,342230799.7087493
2020-12-10,335759709.02588457
2020-12-11,265790384.7302402
2020-12-12,265254348.73495156
2020-12-13,286001064.7563987
2020-12-14,322975726.80557203
2020-12-15,347559444.8202721
2020-12-16,979942176.2449852
2020-12-17,362495619.3566681
2020-12-18,382438840.58624464
2020-12-19,371077176.74079835
2020-12-20,471238586.6416425
2020-12-21,430386138.4518206
2020-12-22,452762174.977142
2020-12-23,399185752.0281825
2020-12-24,386557937.3513987
2020-12-25,371084999.9662659
2020-12-26,527711851.6729377
2020-12-27,487608510.8664149
2020-12-28,592309006.6604457
2020-12-29,577091794.8250921
2020-12-30,581536912.6172512
2020-12-31,531707313.602784
2021-01-01,600040081.9891795
2021-01-02,838000623.7782793
2021-01-03,1049825428.6862415
2021-01-04,846444434.6930442
2021-01-05,816691516.8827194
2021-01-06,822027075.3538637
2021-01-07,886147140.4781624
2021-01-08,842098405.9971718
2021-01-09,862682682.4979696
2021-01-10,1341782981.9907527
2021-01-11,751258910.7211422
2021-01-12,618284633.908214
2021-01-13,694664857.2831974
2021-01-14,816288416.4067439
2021-01-15,766172378.992651
2021-01-16,722128998.7835149
2021-01-17,771690721.4282119
2021-01-18,1083761372.2463772
2021-01-19,829888136.3289815
2021-01-20,979692690.5708597
2021-01-21,928839445.0557272
2021-01-22,765089756.2984381
2021-01-23,863519375.5559645
2021-01-24,1001146776.6282101
2021-01-25,877672590.4286675
2021-01-26,897169559.3615433
2021-01-27,788029097.4143732
2021-01-28,1126469403.837763
2021-01-29,824540113.7977164
2021-01-30,815650230.7646439
2021-01-31,936952456.888831
2021-02-01,1013915074.6534077
2021-02-02,967175385.9939545
2021-02-03,1380410749.2375658
2021-02-04,1220770936.9215324
2021-02-05,1076171901.8705943
2021-02-06,1002292435.772771
2021-02-07,1171327053.492037
2021-02-08,1136957207.0902884
2021-02-09,1148179619.6173308
2021-02-10,988153643.1063646
2021-02-11,1109332005.9418795
2021-02-12,1106507183.4562168
2021-02-13,1084353502.4739811
2021-02-14,1262777485.3170524
2021-02-15,1086295769.2659624
2021-02-16,1190818020.4097316
2021-02-17,1221357403.7814074
2021-02-18,1114317555.1637652
2021-02-19,1359861293.2588327
2021-02-20,1062836509.642242
2021-02-21,1548538778.6637301
2021-02-22,1815768267.807174
2021-02-23,1195671056.8952851
2021-02-24,1076284164.6797035
2021-02-25,1093882290.365878
2021-02-26,838211292.688817
2021-02-27,1058264771.2921637
2021-02-28,922032199.9222074
2021-03-01,904851198.1250983
2021-03-02,929329583.440089
2021-03-03,919284546.0705962
2021-03-04,1054684470.808418
2021-03-05,853594775.5199448
2021-03-06,1191011603.810218
2021-03-07,1205387620.6237955
2021-03-08,1205207650.6377234
2021-03-09,1048473566.7008629
2021-03-10,1051611051.024132
2021-03-11,1172496762.8955574
2021-03-12,1114008835.2375703
2021-03-13,1115080984.887987
2021-03-14,1154954123.0620813
2021-03-15,1062161571.7581538
2021-03-16,1055578226.7711663
2021-03-17,955338298.6536365
2021-03-18,1076661306.3690343
2021-03-19,1001375056.7327919
2021-03-20,884099370.4192966
2021-03-21,1396448158.157226
2021-03-22,1124740970.3320827
2021-03-23,1323455966.693402
2021-03-24,1111420973.3231344
2021-03-25,998080148.7580796
2021-03-26,1028782831.7193823
2021-03-27,1674519442.0779111
2021-03-28,1674434501.3310242
2021-03-29,1674472535.3425832
2021-03-30,1674754519.0639977
2021-03-31,2478928878.003837
2021-04-01,2488223326.3798137
2021-04-02,1234493518.149173
2021-04-03,1103486845.9700189
2021-04-04,1264925250.970818
2021-04-05,1299908422.5128176
2021-04-06,1530642822.684454
2021-04-07,1170429316.3064337
2021-04-08,1037469442.0850903
2021-04-09,1097413980.254305
2021-04-10,1011841963.5708225
2021-04-11,1127339702.587261
2021-04-12,1187290949.7850308
2021-04-13,1382811001.671869
2021-04-14,1229431671.2785661
2021-04-15,1438833394.6294503
2021-04-16,1454073312.330586
2021-04-17,1710027591.6257925
2021-04-18,1422078661.0666337
2021-04-19,1821380848.3347363
2021-04-20,1536110441.1063921
2021-04-21,1926734224.9979885
2021-04-22,1884950730.8201616
2021-04-23,1011539442.106676
2021-04-24,978300677.3724357
2021-04-25,1255066110.862052
2021-04-26,1253623695.2225325
2021-04-27,1340453919.6791096
2021-04-28,1225760608.6257434
2021-04-29,1209626205.2397242
2021-04-30,1249649466.5121987
2021-05-01,1735215493.8214965
2021-05-02,1831494638.8508935
2021-05-03,2071526452.3082607
2021-05-04,1617436045.6723788
2021-05-05,1351998698.518788
2021-05-06,1525440815.277883
2021-05-07,3321717626.7156477
2021-05-08,2648440032.67457
2021-05-09,3899868105.6112895
2021-05-10,3031855558.8801136
2021-05-11,4243530958.3675795
2021-05-12,3763506770.808212
2021-05-13,2617253283.6214
2021-05-14,2475598795.6704803
2021-05-15,2918597772.049529
2021-05-16,3209866201.625536
2021-05-17,2586086759.9839516
2021-05-18,6212778331.751223
2021-05-19,3706146758.1514273
2021-05-20,3390049712.991675
2021-05-21,2343583793.0926113
2021-05-22,3842433794.12185
2021-05-23,3036605215.930437
2021-05-24,2685030522.279319
2021-05-25,2689361183.9672995
2021-05-26,1992694604.822126
2021-05-27,2438603480.1890965
2021-05-28,2218202609.0849104
2021-05-29,1823285712.3383048
2021-05-30,1767426424.6774364
2021-05-31,1791854252.5919442
2021-06-01,1385243673.22462
2021-06-02,1587029021.602763
2021-06-03,1884539252.4404469
2021-06-04,1316182074.6453173
2021-06-05,829367436.667947
2021-06-06,1458576465.8810248
2021-06-07,2041336243.8829231
2021-06-08,1824665885.049024
2021-06-09,1429816315.4244406
2021-06-10,1449333136.2189999
2021-06-11,1316090315.0107841
2021-06-12,1218521002.843228
2021-06-13,1273682635.6396854
2021-06-14,1261002987.5548372
2021-06-15,1214120979.6295545
2021-06-16,1277821745.0913563
2021-06-17,1420468622.1430852
2021-06-18,1035058016.7262508
2021-06-19,1241933821.9944682
2021-06-20,2366546721.2847185
2021-06-21,2071212693.1624494
2021-06-22,1403109818.9047663
2021-06-23,1132591307.7973661
2021-06-24,1339120385.9111085
2021-06-25,1211181664.9819715
2021-06-26,1132623670.0137901
2021-06-27,2224851641.5354557
2021-06-28,1301742461.322915
2021-06-29,1407046536.8338182
2021-06-30,2472598109.8146954
2021-07-01,1282367586.2764812
2021-07-02,964843459.0195854
2021-07-03,1402825319.0733197
2021-07-04,1169739771.7330241
2021-07-05,1413938638.1594753
2021-07-06,1075845764.2656822
2021-07-07,1307979711.0768533
2021-07-08,1380867891.974046
2021-07-09,1008774435.9498992
2021-07-10,632762692.36345
2021-07-11,838404905.8842112
2021-07-12,1137642963.7927325
2021-07-13,1327069393.4474652
2021-07-14,1374798237.301184
2021-07-15,1012283944.301176
2021-07-16,854284122.5294495
2021-07-17,1139243884.9000835
2021-07-18,858825609.9648043
2021-07-19,1383591974.1521428
2021-07-20,1508947698.7885582
2021-07-21,1143104636.6922896
2021-07-22,999948936.7570443
2021-07-23,1011511256.0064442
2021-07-24,924280038.6777111
2021-07-25,2830934729.8607836
2021-07-26,1587795652.2715125
2021-07-27,1539674974.0306747
2021-07-28,1135593022.5555453
2021-07-29,1490659819.1581225
2021-07-30,1081468479.658771
2021-07-31,1451501078.0359812
2021-08-01,1413312428.895415
2021-08-02,1693908108.9983213
2021-08-03,1882807548.9658337
2021-08-04,2065621915.710071
2021-08-05,1679556720.367502
2021-08-06,2220203422.825568
2021-08-07,2297248825.1590858
2021-08-08,2611003532.131163
2021-08-09,1810992023.5558932
2021-08-10,1640421849.0445516
2021-08-11,1862594005.1534178
2021-08-12,1421020389.3543997
2021-08-13,1130270030.00354
2021-08-14,1375802662.3409905
2021-08-15,1728680687.9866362
2021-08-16,2466787624.3049493
2021-08-17,2173807688.708686
2021-08-18,1745607610.084282
2021-08-19,1687723903.7303987
2021-08-20,1245467334.8805425
2021-08-21,1373732575.6823094
2021-08-22,1760308614.2548182
2021-08-23,2495072079.5692725
2021-08-24,1736300826.0219932
2021-08-25,1742380491.0843077
2021-08-26,1442844751.509574
2021-08-27,939039617.6341753
2021-08-28,1359593125.2331219
2021-08-29,1895658619.6941485
2021-08-30,2122542700.5388074
2021-08-31,2273729964.170482
2021-09-01,1804886386.928216
2021-09-02,2052068784.462882
2021-09-03,1589514037.6820865
2021-09-04,1508326072.2222042
2021-09-05,1687861323.9739418
2021-09-06,3285572425.2800727
2021-09-07,2661149838.1034203
2021-09-08,1847437063.724904
2021-09-09,2040062481.8948426
2021-09-10,1425514036.3408852
2021-09-11,1309712683.9538777
2021-09-12,1801608780.8050768
2021-09-13,1313989511.2023153
2021-09-14,1404458282.1319356
2021-09-15,1749686397.1607292
2021-09-16,1518444603.3582234
2021-09-17,1139518060.9552941
2021-09-18,1206083066.6998112
2021-09-19,2860953647.408824
2021-09-20,2814032211.461274
2021-09-21,1836257928.3034427
2021-09-22,1413713381.5908377
2021-09-23,1974074839.0306954
2021-09-24,1457287488.2934685
2021-09-25,2043124762.4480817
2021-09-26,1600703861.1062002
2021-09-27,1514038593.4504411
2021-09-28,1339885733.8145065
2021-09-29,1554470924.7544107
2021-09-30,1685154952.6982665
2021-10-01,1272412590.0740285
2021-10-02,1240649323.1122227
2021-10-03,1596570429.2104838
2021-10-04,1450688774.3132787
2021-10-05,1992845030.6459095
2021-10-06,1969402978.5138655
2021-10-07,1479606132.5368934
2021-10-08,1054211526.7274396
2021-10-09,1497728674.8772197
2021-10-10,1961163842.0760915
2021-10-11,1977778733.2224445
2021-10-12,1807763484.3028855
2021-10-13,1959523522.4694772
2021-10-14,2575867962.1593056
2021-10-15,1833374318.405843
2021-10-16,1692650590.681077
2021-10-17,1876773547.6061814
2021-10-18,2055484909.1249576
2021-10-19,2161142273.9115148
2021-10-20,3270485864.195978
2021-10-21,2238080659.4884567
2021-10-22,1759311523.986345
2021-10-23,1768253171.3406832
2021-10-24,1968199626.7307553
2021-10-25,2595600905.360185
2021-10-26,3465306222.773617
2021-10-27,3225014163.3515983
2021-10-28,2748941506.5906496
2021-10-29,2388266934.8036013
2021-10-30,2281094698.347598
2021-10-31,2227334100.6993227
2021-11-01,2750100361.6856203
2021-11-02,2789493526.7457075
2021-11-03,2527565662.998575
2021-11-04,2125345440.1530871
2021-11-05,1916370547.2177043
2021-11-06,1852926720.264165
2021-11-07,2559897394.6550527
2021-11-08,2578542643.1140294
2021-11-09,4209500943.90791
2021-11-10,3200396873.6372223
2021-11-11,3255293405.998533
2021-11-12,2030724221.7602835
2021-11-13,2212532041.0434494
2021-11-14,2510253005.342521
2021-11-15,4018257712.557173
2021-11-16,3077129620.909358
2021-11-17,3904896274.967387
2021-11-18,2782428789.4029517
2021-11-19,2159446101.765529
2021-11-20,2315267019.7562814
2021-11-21,3344453065.004193
2021-11-22,3070144370.3651204
2021-11-23,3190930239.355681
2021-11-24,3045364924.144114
2021-11-25,4855650514.894815
2021-11-26,2481510512.5273886
2021-11-27,2778931317.3081512
2021-11-28,2684116289.845113
2021-11-29,4181836610.0632534
2021-11-30,3211866455.367462
2021-12-01,3321425693.596901
2021-12-02,3946983372.18392
2021-12-03,5844454554.020733
2021-12-04,3572768355.4119816
2021-12-05,4733437254.441873
2021-12-06,2673891065.283506
2021-12-07,2715790519.1948633
2021-12-08,3708847892.0316753
2021-12-09,4141583441.1745067
2021-12-10,2708145637.1150756
2021-12-11,1816951901.1650872
2021-12-12,3176790921.3041916
2021-12-13,2567312402.4095006
2021-12-14,3857812356.675162
2021-12-15,2421488697.5323887
2021-12-16,3162125590.9091883
2021-12-17,2311996736.6919074
2021-12-18,2131115743.810933
2021-12-19,2631209934.9561033
2021-12-20,2116084366.8661423
2021-12-21,1863524405.808004
2021-12-22,2277843291.1435995
2021-12-23,1844169827.3191
2021-12-24,1885128757.7049177
2021-12-25,1632066799.9522521
2021-12-26,1635581406.4131703
2021-12-27,2755844255.5773845
2021-12-28,2022482069.2539806
2021-12-29,1809175859.5736833
2021-12-30,1937620154.3161254
2021-12-31,1493533152.1420815
2022-01-01,1457259331.0170493
2022-01-02,1775824915.0359886
2022-01-03,2109681956.5059032
2022-01-04,2941001399.9465
2022-01-05,2568857974.9176354
2022-01-06,3177810336.6735144
2022-01-07,2515572014.006612
2022-01-08,1514676120.7467484
2022-01-09,3071980133.833146
2022-01-10,2152981152.3648624
2022-01-11,2176124538.3802247
2022-01-12,2388496985.3451467
2022-01-13,1913114398.4958282
2022-01-14,1405512748.9322102
2022-01-15,1471116003.1650486
2022-01-16,2140744711.1431992
2022-01-17,2207473743.3437433
2022-01-18,2195724350.3329697
2022-01-19,2510741326.5999136
2022-01-20,5569882121.221415
2022-01-21,3988131340.7741413
2022-01-22,2779293944.1811104
2022-01-23,4050826243.23527
2022-01-24,2131971347.7822335
2022-01-25,3272763863.1826344
2022-01-26,2583213687.012415
2022-01-27,2692852784.24114
2022-01-28,1704586340.275346
2022-01-29,1408199650.747591
2022-01-30,1788819059.9023056
2022-01-31,2032836179.9856992
2022-02-01,1933509367.6951098
2022-02-02,1774425988.8178813
2022-02-03,2041163488.7515717
2022-02-04,1778796596.0030704
2022-02-05,1453742307.7578712
2022-02-06,2028184581.552524
2022-02-07,2026872405.0753677
2022-02-08,1852356131.2596488
2022-02-09,2654210322.810747
2022-02-10,2701106116.753915
2022-02-11,1734746534.444508
2022-02-12,1181305076.704836
2022-02-13,1588795286.1305242
2022-02-14,1979376272.2905302
2022-02-15,2046505822.573959
2022-02-16,2434461687.8772907
2022-02-17,2002402400.9491282
2022-02-18,1212327655.371474
2022-02-19,1944145925.5913877
2022-02-20,2706639016.3486447
2022-02-21,2100993716.9103107
2022-02-22,1776343638.9936056
2022-02-23,4158285038.4980845
2022-02-24,2541488785.6070685
2022-02-25,1485577173.371656
2022-02-26,2243703531.033832
2022-02-27,2376067354.4769955
2022-02-28,2390037761.9828563
2022-03-01,2408989423.098423
2022-03-02,1647564075.0198886
2022-03-03,2242976107.2648926
2022-03-04,1081365810.2002218
2022-03-05,1294485588.600214
2022-03-06,1913910490.7729185
2022-03-07,1928931084.7784283
2022-03-08,1753740218.3294594
2022-03-09,1612874600.6046326
2022-03-10,1639502169.7790217
2022-03-11,863349905.971087
2022-03-12,1201599856.3354325
2022-03-13,1401597592.8088675
2022-03-14,1459045440.5326424
2022-03-15,2193052510.7984076
2022-03-16,1882336448.5576272
2022-03-17,2407040764.711479
2022-03-18,1466587170.4385266
2022-03-19,1470642611.1863585
2022-03-20,1532582123.2045684
2022-03-21,1856501444.9672759
2022-03-22,1593911449.7652476
2022-03-23,2253369415.552048
2022-03-24,2008587928.499962
2022-03-25,1056263787.0954194
2022-03-26,1415619847.2004619
2022-03-27,2211711110.076178
2022-03-28,2227832688.3956537
2022-03-29,1932903500.7100966
2022-03-30,2110345208.5951016
2022-03-31,2196269983.4675713
2022-04-01,2131805953.1912673
2022-04-02,1645733513.9931662
2022-04-03,2130158754.9923315
2022-04-04,1910426913.5707176
2022-04-05,2894275722.2164664
2022-04-06,1983953924.7681925
2022-04-07,2253883155.213084
2022-04-08,1200196184.5662436
2022-04-09,1116240991.9370487
2022-04-10,3065835113.927994
2022-04-11,2334773994.2357993
2022-04-12,1850481204.1407151
2022-04-13,1686445910.8492818
2022-04-14,1198104672.5374777
2022-04-15,696243154.0261656
2022-04-16,1440819809.3607128
2022-04-17,1783962013.770271
2022-04-18,1556251743.5763888
2022-04-19,1961863254.281348
2022-04-20,2015608053.607112
2022-04-21,1499491241.3193555
2022-04-22,903207572.557523
2022-04-23,911102404.81514
2022-04-24,1875630652.876243
2022-04-25,1782746982.6839557
2022-04-26,1490856896.5782132
2022-04-27,2095948288.497287
2022-04-28,2160167718.110996
2022-04-29,2314557320.908821
2022-04-30,1940469656.9674587
2022-05-01,1812863283.2560666
2022-05-02,1663284833.3922215
2022-05-03,2067750090.9298358
2022-05-04,2278406559.486947
2022-05-05,2518532153.483254
2022-05-06,1353982976.8947396
2022-05-07,2315179270.194156
2022-05-08,4140035367.6455493
2022-05-09,3629552332.1893005
2022-05-10,6009338504.607485
2022-05-11,6203053474.846212
2022-05-12,2931290180.766784
2022-05-13,1705323579.0779748
2022-05-14,1361332634.6288264
2022-05-15,2293657314.862448
2022-05-16,1487656101.6919906
2022-05-17,1687383217.7687914
2022-05-18,2004358426.2831216
2022-05-19,1585161028.427398
2022-05-20,792231664.2424002
2022-05-21,903745875.4991461
2022-05-22,1531915806.7424393
2022-05-23,1175340940.5358255
2022-05-24,1313994680.640234
2022-05-25,2521227566.8265743
2022-05-26,2073836351.413988
2022-05-27,1176086881.1017852
2022-05-28,702296635.6121559
2022-05-29,1804283471.7429233
2022-05-30,1441069098.6197708
2022-05-31,1772707351.4557478
2022-06-01,1365795251.8172133
2022-06-02,1141139501.3995864
2022-06-03,818559207.0293912
2022-06-04,824853902.1452287
2022-06-05,1267208011.9933336
2022-06-06,1903844309.4438844
2022-06-07,1497621790.7222786
2022-06-08,931946852.392888
2022-06-09,1699144422.978087
2022-06-10,1805633994.6199613
2022-06-11,2036898333.4326804
2022-06-12,4714226091.97399
2022-06-13,3298241817.814152
2022-06-14,3698672623.1732726
2022-06-15,1988642022.1099389
2022-06-16,1572054938.5065928
2022-06-17,2258491313.8860326
2022-06-18,2093606477.7677724
2022-06-19,1820040946.293919
2022-06-20,1505085219.5554647
2022-06-21,1314246361.090341
2022-06-22,1339590236.2391303
2022-06-23,1329360457.4061344
2022-06-24,828351278.415787
2022-06-25,853589632.356106
2022-06-26,820246450.045714
2022-06-27,1044124288.6146479
2022-06-28,1243144686.6207204
2022-06-29,1389722021.0144858
2022-06-30,1504513195.3497052
2022-07-01,720364601.9915907
2022-07-02,676616520.8897825
2022-07-03,1063300009.4909073
2022-07-04,1298369205.5593169
2022-07-05,1318190046.2693956
2022-07-06,1078854399.2694728
2022-07-07,1369617510.305519
2022-07-08,647642298.1266624
2022-07-09,822512856.6688662
2022-07-10,952907870.815059
2022-07-11,1009729563.5819387
2022-07-12,1306722519.00507
2022-07-13,1170344927.9252977
2022-07-14,1446881193.6642182
2022-07-15,1371910610.9265122
2022-07-16,1305689323.2433064
2022-07-17,2034480927.9826639
2022-07-18,2274540066.9087195
2022-07-19,1879612713.8084223
2022-07-20,1517303156.0393975
2022-07-21,1318892309.3740366
2022-07-22,1091845180.235976
2022-07-23,1200305739.1023333
2022-07-24,1535182555.6821399
2022-07-25,1441477079.369891
2022-07-26,1791309366.1634917
2022-07-27,2112197094.9968104
2022-07-28,1742964024.2054715
2022-07-29,1157712337.2702093
2022-07-30,1049121483.1515294
2022-07-31,1396952468.7844071
2022-08-01,1739330525.2427855
2022-08-02,1183664865.9221685
2022-08-03,1163205995.7820666
2022-08-04,1413813885.7294552
2022-08-05,762184156.1383846
2022-08-06,695277426.1250641
2022-08-07,1405290084.5642462
2022-08-08,1407456035.962898
2022-08-09,1877175563.4911468
2022-08-10,1957855801.2843974
2022-08-11,1174411317.7386606
2022-08-12,1262841038.553223
2022-08-13,1125007722.7751656
2022-08-14,1707565530.4160933
2022-08-15,1250016921.4745467
2022-08-16,1685749455.5538614
2022-08-17,1092878833.9545557
2022-08-18,2218693165.006782
2022-08-19,1535649392.4205158
2022-08-20,1275572701.6521263
2022-08-21,1397651504.3493235
2022-08-22,1721522290.246894
2022-08-23,1192557762.6776147
2022-08-24,963213772.4059147
2022-08-25,1747507173.8911407
2022-08-26,1158188786.844125
2022-08-27,1070702389.3966936
2022-08-28,1314546584.6163058
2022-08-29,1658468797.1388638
2022-08-30,1747264969.118396
2022-08-31,1739894034.4752278
2022-09-01,1452618718.9677253
2022-09-02,717849987.3404837
2022-09-03,702036126.1349863
2022-09-04,949115961.1046109
2022-09-05,1715372179.9064276
2022-09-06,1575585355.4050705
2022-09-07,1204585765.078523
2022-09-08,1337049588.6512341
2022-09-09,965659107.784389
2022-09-10,863118223.0007175
2022-09-11,1299999076.3114846
2022-09-12,2113148558.8334548
2022-09-13,1424968713.0376232
2022-09-14,1808114106.4860196
2022-09-15,1073348891.417277
2022-09-16,605020941.1581596
2022-09-17,803153712.5655867
2022-09-18,1231194047.3695138
2022-09-19,1102752782.9773564
2022-09-20,1485473538.8586771
2022-09-21,1115980762.4610755
2022-09-22,1215164308.8982947
2022-09-23,705216491.2273587
2022-09-24,591814420.4068404
2022-09-25,972001945.256756
2022-09-26,1250334396.0575545
2022-09-27,1335765527.4224699
2022-09-28,1065859226.476049
2022-09-29,1297844414.7108898
2022-09-30,621090177.7633544
2022-10-01,605593089.0334296
2022-10-02,946928734.8076339
2022-10-03,889742403.9417691
2022-10-04,957777288.7252471
2022-10-05,1176757666.76866
2022-10-06,740409792.5710964
2022-10-07,362774992.02561355
2022-10-08,400551764.1025268
2022-10-09,704192273.6091884
2022-10-10,1848620318.1860197
2022-10-11,453914918.8847945
2022-10-12,1206462212.3613331
2022-10-13,1114125780.559676
2022-10-14,513590949.3044368
2022-10-15,458287079.10592455
2022-10-16,975462794.4155852
2022-10-17,939511855.954777
2022-10-18,692790502.4366542
2022-10-19,717173215.4654722
2022-10-20,925643427.0903203
2022-10-21,444839694.9638425
2022-10-22,712018736.6296625
2022-10-23,990984594.2298093
2022-10-24,1937559963.4751782
2022-10-25,1885722140.9689744
2022-10-26,1563934220.4622746
2022-10-27,1481139500.545953
2022-10-28,1652950357.274818
2022-10-29,1083396005.4521234
2022-10-30,1509932053.2025075
2022-10-31,952369715.0278723
2022-11-01,2110670383.9125319
2022-11-02,1044474517.9814429
2022-11-03,2039266388.212277
2022-11-04,922823904.9024255
2022-11-05,976336044.4424723
2022-11-06,1593157087.1017246
2022-11-07,5099638220.439401
2022-11-08,5959715936.651022
2022-11-09,5505547676.04267
2022-11-10,2986430252.249362
2022-11-11,1773351471.355112
2022-11-12,1300032230.0397358
2022-11-13,1963819757.1887538
2022-11-14,1395624503.5972347
2022-11-15,1343061907.0513742
2022-11-16,1023963796.6483934
2022-11-17,693692233.8235885
2022-11-18,521167221.48688906
2022-11-19,1092620847.2019417
2022-11-20,1787832217.584352
2022-11-21,1488404592.1950166
2022-11-22,1159385116.3263605
2022-11-23,907905065.0351573
2022-11-24,811582509.0455418
2022-11-25,676835003.3470718
2022-11-26,506521507.7847717
2022-11-27,847975870.8202171
2022-11-28,707201420.7892748
2022-11-29,1447259818.6174443
2022-11-30,796067024.5417458
2022-12-01,777212602.1911331
2022-12-02,534208386.9417888
2022-12-03,526798571.2535257
2022-12-04,791878457.3691559
2022-12-05,784434560.6821253
2022-12-06,672505997.0458446
2022-12-07,730008792.6185684
2022-12-08,702613855.6522157
2022-12-09,1097175653.0177495
2022-12-10,417997923.30814815
2022-12-11,728019627.4788213
2022-12-12,1724760882.976438
2022-12-13,1161612320.9390004
2022-12-14,843876509.887917
2022-12-15,1450450518.8281765
2022-12-16,796561883.1148168
2022-12-17,443274668.84075665
2022-12-18,699590518.2238941
2022-12-19,804114069.8511639
2022-12-20,494527632.5547664
2022-12-21,610741231.4735994
2022-12-22,559475398.4700531
2022-12-23,202265420.38826096
2022-12-24,432093128.48502034
2022-12-25,362718950.69690645
2022-12-26,563997361.9874015
2022-12-27,640283326.8723305
2022-12-28,550774461.1254402
2022-12-29,376283706.3332778
2022-12-30,376973140.37806654
2022-12-31,332293017.0067048
2023-01-01,479746017.01131535
2023-01-02,353871394.83465165
2023-01-03,854448623.4711512
2023-01-04,531385030.4733881
2023-01-05,719553129.2600927
2023-01-06,343069434.8371385
2023-01-07,570170004.8360698
2023-01-08,1202086531.7930412
2023-01-09,791076668.7049124
2023-01-10,886739971.2661902
2023-01-11,1669301667.0948477
2023-01-12,1509181661.5569947
2023-01-13,2049692218.4518626
2023-01-14,1156102391.816986
2023-01-15,1440841252.4630642
2023-01-16,1241791906.022967
2023-01-17,2045741648.6389022
2023-01-18,1010783045.6850727
2023-01-19,1192591920.9520943
2023-01-20,1487965198.9432645
2023-01-21,1125279197.1939754
2023-01-22,1213203725.482214
2023-01-23,1378643783.5637887
2023-01-24,1855624411.4512887
2023-01-25,1306110950.6547198
2023-01-26,1502752919.56095
2023-01-27,874527630.1854168
2023-01-28,1173143087.0910041
2023-01-29,1392069217.915499
2023-01-30,960780306.2210565
2023-01-31,1554210629.6890538
2023-02-01,1987310979.074018
2023-02-02,1458842523.0151246
2023-02-03,1017088429.2856162
2023-02-04,1224055058.1615565
2023-02-05,1307158515.1773975
2023-02-06,1780577985.4716363
2023-02-07,1594245903.7367222
2023-02-08,2285255378.605836
2023-02-09,2512594005.1816583
2023-02-10,1844863461.6754127
2023-02-11,1102379715.359737
2023-02-12,1847245830.0280716
2023-02-13,1912591852.3797371
2023-02-14,1907963863.7898092
2023-02-15,2643613143.513052
2023-02-16,2194614872.661097
2023-02-17,1060804675.4117727
2023-02-18,1506185920.568658
2023-02-19,1360037148.4623575
2023-02-20,1847819307.1157472
2023-02-21,1770269479.8881905
2023-02-22,1523392306.7701879
2023-02-23,1684581033.7266858
2023-02-24,927544106.3952628
2023-02-25,873322821.5421865
2023-02-26,1263969832.1682308
2023-02-27,1224256606.0441601
2023-02-28,1549355197.7285092
2023-03-01,1457664479.8954923
2023-03-02,1635883617.3796592
2023-03-03,719195724.2254856
2023-03-04,890824786.2986358
2023-03-05,981965663.9875276
2023-03-06,1378302687.1574063
2023-03-07,1261842706.547754
2023-03-08,1545794820.1718047
2023-03-09,3451065889.079999
2023-03-10,13333172579.404247
2023-03-11,4205296393.7116213
2023-03-12,4617654008.521618
2023-03-13,3700689567.6488633
2023-03-14,2927807363.775692
2023-03-15,655759987.6638426
2023-03-16,2391690269.555875
2023-03-17,1947964465.1149557
2023-03-18,1598291172.0185804
2023-03-19,2125796876.1889822
2023-03-20,1727921872.3536775
2023-03-21,2273566249.649155
2023-03-22,2624720851.3996763
2023-03-23,2309242447.2101984
2023-03-24,1096979712.852234
2023-03-25,1096248606.3888607
2023-03-26,1536787729.431273
2023-03-27,1349669675.5315185
2023-03-28,1329229281.8504035
2023-03-29,1733970930.8694715
2023-03-30,1349891360.448468
2023-03-31,898405149.766391
2023-04-01,1036036322.6619215
2023-04-02,1612607519.605372
2023-04-03,1401018964.1285908
2023-04-04,1405562317.7759144
2023-04-05,1075713863.7298868
2023-04-06,704948033.9587975
2023-04-07,561934486.0774679
2023-04-08,694718019.1098487
2023-04-09,916406847.8774607
2023-04-10,1049636735.6803312
2023-04-11,1313595079.7104356
2023-04-12,1477300529.9580579
2023-04-13,2251364172.61564
2023-04-14,1165417595.9771953
2023-04-15,1110073416.7594576
2023-04-16,1293485588.3109066
2023-04-17,2012224270.4829485
2023-04-18,2064357011.5623167
2023-04-19,1717315194.793008
2023-04-20,1794311718.5601964
2023-04-21,758596096.1952869
2023-04-22,801541043.831686
2023-04-23,1103946595.5692594
2023-04-24,1076238940.7486856
2023-04-25,1913060032.4837756
2023-04-26,1764123280.0729594
2023-04-27,874516620.932527
2023-04-28,525098793.83353084
2023-04-29,963735608.2923422
2023-04-30,1336730793.9598835
2023-05-01,1272665729.6587253
2023-05-02,1322649520.860153
2023-05-03,1162548016.890325
2023-05-04,2276513477.5027933
2023-05-05,2193307888.8642707
2023-05-06,1265575736.2180836
2023-05-07,2060735745.12496
2023-05-08,1145045993.081585
2023-05-09,1684735487.4996336
2023-05-10,1665701426.1991181
2023-05-11,1520441645.882082
2023-05-12,710344314.8538985
2023-05-13,513485398.64524734
2023-05-14,807759304.4417045
2023-05-15,689769939.3005103
2023-05-16,860991294.2174855
2023-05-17,887751698.1979384
2023-05-18,741493895.6453824
2023-05-19,465878701.9911673
2023-05-20,624438491.2741092
2023-05-21,708681777.4708589
2023-05-22,959937606.4744668
2023-05-23,984509471.5028028
2023-05-24,751527760.0389575
2023-05-25,668728846.7559566
2023-05-26,413360022.628004
2023-05-27,851764634.890706
2023-05-28,774152692.0060308
2023-05-29,868620706.6081716
2023-05-30,832782051.8062989
2023-05-31,751951655.9712875
2023-06-01,808898467.349839
2023-06-02,489075592.79955906
2023-06-03,473881043.92207575
2023-06-04,1479603590.7267118
2023-06-05,1291592129.6638014
2023-06-06,1189750641.9777112
2023-06-07,666240801.4727924
2023-06-08,664609649.6270275
2023-06-09,1784633542.3592982
2023-06-10,514857691.38887674
2023-06-11,881316432.3774242
2023-06-12,879413179.2783092
2023-06-13,998843743.8282214
2023-06-14,1151884679.071773
2023-06-15,858441654.6076591
2023-06-16,657124026.7392964
2023-06-17,480058788.88397026
2023-06-18,780999683.4846113
2023-06-19,1142846108.916413
2023-06-20,1927411465.3797126
2023-06-21,1334700645.0847845
2023-06-22,1346842900.365377
2023-06-23,667285914.8559502
2023-06-24,886166323.666064
2023-06-25,1175701192.4242396
2023-06-26,1140348471.3251204
2023-06-27,975595520.7603204
2023-06-28,821536042.6495141
2023-06-29,2041925692.1182764
2023-06-30,736895114.7060494
2023-07-01,788110413.6572504
2023-07-02,1089963863.2561803
2023-07-03,777894323.0330532
2023-07-04,861031130.9807217
2023-07-05,1214734056.8629436
2023-07-06,878433496.5376409
2023-07-07,550481275.6305825
2023-07-08,521327636.16633654
2023-07-09,890221042.6673131
2023-07-10,650374576.7325351
2023-07-11,870037257.4174808
2023-07-12,1670680765.7848327
2023-07-13,1522340965.2666688
2023-07-14,592727084.5708799
2023-07-15,598127697.0051652
2023-07-16,1120958789.0316522
2023-07-17,880935271.6593301
2023-07-18,881742414.1030557
2023-07-19,970219737.1219187
2023-07-20,653569755.6624491
2023-07-21,609783272.6255963
2023-07-22,542452383.5643603
2023-07-23,927494191.8129504
2023-07-24,540474438.0864514
2023-07-25,837222298.515819
