date,ethereum_compound,total_fees
2019-05-07,0.09400111434949877,0.09400111434949877
2019-05-08,0.1516092278948496,0.1516092278948496
2019-05-09,0.059248364632260124,0.059248364632260124
2019-05-10,0.0868300146599214,0.0868300146599214
2019-05-11,0.28949707278703846,0.28949707278703846
2019-05-12,0.4921641309141555,0.4921641309141555
2019-05-13,0.13802004437404433,0.13802004437404433
2019-05-14,0.22556651083373133,0.22556651083373133
2019-05-15,0.17001863198998962,0.17001863198998962
2019-05-16,0.42489588475077095,0.42489588475077095
2019-05-17,0.08297503208939849,0.08297503208939849
2019-05-18,0.2516977020426189,0.2516977020426189
2019-05-19,0.1313920749610314,0.1313920749610314
2019-05-20,0.10525396012743982,0.10525396012743982
2019-05-21,0.6565918913289064,0.6565918913289064
2019-05-22,11.815054014328895,11.815054014328895
2019-05-23,62.547791258044796,62.547791258044796
2019-05-24,132.99366454939823,132.99366454939823
2019-05-25,190.25566888004724,190.25566888004724
2019-05-26,204.66236442396092,204.66236442396092
2019-05-27,218.70708225744747,218.70708225744747
2019-05-28,240.0707834335331,240.0707834335331
2019-05-29,264.9373830776868,264.9373830776868
2019-05-30,267.7598828396098,267.7598828396098
2019-05-31,252.58591425348098,252.58591425348098
2019-06-01,251.92652053296334,251.92652053296334
2019-06-02,247.1509849135189,247.1509849135189
2019-06-03,241.14486350686002,241.14486350686002
2019-06-04,238.37779057155615,238.37779057155615
2019-06-05,231.1818762975028,231.1818762975028
2019-06-06,223.32152487717536,223.32152487717536
2019-06-07,241.6402895558142,241.6402895558142
2019-06-08,238.92483245476976,238.92483245476976
2019-06-09,290.7512870346088,290.7512870346088
2019-06-10,299.2838765511707,299.2838765511707
2019-06-11,313.11027091421334,313.11027091421334
2019-06-12,331.2062894968207,331.2062894968207
2019-06-13,319.50268447441715,319.50268447441715
2019-06-14,327.3725496566322,327.3725496566322
2019-06-15,321.53532296183795,321.53532296183795
2019-06-16,321.37185015820404,321.37185015820404
2019-06-17,327.01843993304556,327.01843993304556
2019-06-18,327.29096162605646,327.29096162605646
2019-06-19,328.1313388919608,328.1313388919608
2019-06-20,342.51941070052436,342.51941070052436
2019-06-21,372.9032939007512,372.9032939007512
2019-06-22,392.55728232133293,392.55728232133293
2019-06-23,389.7480292642043,389.7480292642043
2019-06-24,417.537080397228,417.537080397228
2019-06-25,442.5022502178734,442.5022502178734
2019-06-26,429.56726037325853,429.56726037325853
2019-06-27,432.62380744718536,432.62380744718536
2019-06-28,407.5334903999896,407.5334903999896
2019-06-29,404.98824543763317,404.98824543763317
2019-06-30,415.86098783938996,415.86098783938996
2019-07-01,411.45162839298297,411.45162839298297
2019-07-02,481.88658034858247,481.88658034858247
2019-07-03,559.6041212938627,559.6041212938627
2019-07-04,575.131021429737,575.131021429737
2019-07-05,547.1043955594438,547.1043955594438
2019-07-06,567.5500449935404,567.5500449935404
2019-07-07,555.0575405293886,555.0575405293886
2019-07-08,590.4438586072638,590.4438586072638
2019-07-09,621.6021156282864,621.6021156282864
2019-07-10,663.0207592408509,663.0207592408509
2019-07-11,682.9144348409591,682.9144348409591
2019-07-12,727.2134413829785,727.2134413829785
2019-07-13,790.4024686844289,790.4024686844289
2019-07-14,902.8471985600015,902.8471985600015
2019-07-15,851.1449613079546,851.1449613079546
2019-07-16,948.4578047329148,948.4578047329148
2019-07-17,1038.0038550781792,1038.0038550781792
2019-07-18,1120.8074595214375,1120.8074595214375
2019-07-19,1406.51778532303,1406.51778532303
2019-07-20,1318.6351622396946,1318.6351622396946
2019-07-21,1399.7910895402094,1399.7910895402094
2019-07-22,1665.9960410619908,1665.9960410619908
2019-07-23,1785.9800410888845,1785.9800410888845
2019-07-24,1831.6486626192784,1831.6486626192784
2019-07-25,1966.577519017733,1966.577519017733
2019-07-26,1919.5619633016386,1919.5619633016386
2019-07-27,1897.0726752144926,1897.0726752144926
2019-07-28,1891.5852698542467,1891.5852698542467
2019-07-29,1964.4789774832725,1964.4789774832725
2019-07-30,1994.7767794419642,1994.7767794419642
2019-07-31,1946.0989698175952,1946.0989698175952
2019-08-01,1990.6752562267495,1990.6752562267495
2019-08-02,1902.8414211056574,1902.8414211056574
2019-08-03,1879.8091510072466,1879.8091510072466
2019-08-04,1944.7781461146508,1944.7781461146508
2019-08-05,2002.1375559715982,2002.1375559715982
2019-08-06,2150.8865030184975,2150.8865030184975
2019-08-07,2056.3864078362903,2056.3864078362903
2019-08-08,2017.089743492892,2017.089743492892
2019-08-09,2064.164691961807,2064.164691961807
2019-08-10,2026.96069023581,2026.96069023581
2019-08-11,2024.0026186793134,2024.0026186793134
2019-08-12,2029.29636502345,2029.29636502345
2019-08-13,2044.7446157957727,2044.7446157957727
2019-08-14,1877.7879908380673,1877.7879908380673
2019-08-15,1871.4213749897872,1871.4213749897872
2019-08-16,1992.9310522563344,1992.9310522563344
2019-08-17,1989.0915667621491,1989.0915667621491
2019-08-18,1985.617720675939,1985.617720675939
2019-08-19,1968.5153238308576,1968.5153238308576
2019-08-20,1959.2781674090154,1959.2781674090154
2019-08-21,1936.8400569121293,1936.8400569121293
2019-08-22,2003.2965743048023,2003.2965743048023
2019-08-23,2006.5611242616442,2006.5611242616442
2019-08-24,2132.0232579369363,2132.0232579369363
2019-08-25,2048.574190438007,2048.574190438007
2019-08-26,2013.9950544897772,2013.9950544897772
2019-08-27,2020.5659691888447,2020.5659691888447
2019-08-28,1991.7840911939438,1991.7840911939438
2019-08-29,1939.8844998238615,1939.8844998238615
2019-08-30,1934.8190380995993,1934.8190380995993
2019-08-31,1869.8415342451294,1869.8415342451294
2019-09-01,1915.5258303909316,1915.5258303909316
2019-09-02,1843.630422122978,1843.630422122978
2019-09-03,1795.751771787609,1795.751771787609
2019-09-04,1832.55419381272,1832.55419381272
2019-09-05,1807.9902612978133,1807.9902612978133
2019-09-06,1801.5488579415794,1801.5488579415794
2019-09-07,1766.7371814126266,1766.7371814126266
2019-09-08,1762.215293139045,1762.215293139045
2019-09-09,1749.1689844159764,1749.1689844159764
2019-09-10,1766.7241520064167,1766.7241520064167
2019-09-11,1750.681247669506,1750.681247669506
2019-09-12,1694.842985276848,1694.842985276848
2019-09-13,1757.2194639375482,1757.2194639375482
2019-09-14,1650.5409879552137,1650.5409879552137
2019-09-15,1332.8770353675598,1332.8770353675598
2019-09-16,973.0467694184698,973.0467694184698
2019-09-17,1009.0311006740023,1009.0311006740023
2019-09-18,1004.6691671481378,1004.6691671481378
2019-09-19,1024.628945733012,1024.628945733012
2019-09-20,1036.5800479286409,1036.5800479286409
2019-09-21,1029.6057180585408,1029.6057180585408
2019-09-22,1061.2610303633646,1061.2610303633646
2019-09-23,1033.566813037136,1033.566813037136
2019-09-24,1069.0792114466437,1069.0792114466437
2019-09-25,1090.0182373917564,1090.0182373917564
2019-09-26,1034.2892770307722,1034.2892770307722
2019-09-27,1049.3683403591208,1049.3683403591208
2019-09-28,1005.4805867728334,1005.4805867728334
2019-09-29,1007.2936392636396,1007.2936392636396
2019-09-30,1020.009744823619,1020.009744823619
2019-10-01,994.881669955937,994.881669955937
2019-10-02,995.8317718577673,995.8317718577673
2019-10-03,1029.3777187562944,1029.3777187562944
2019-10-04,985.644473538801,985.644473538801
2019-10-05,1045.638078989225,1045.638078989225
2019-10-06,1054.8312526814225,1054.8312526814225
2019-10-07,1050.9923233585994,1050.9923233585994
2019-10-08,1013.4342139422938,1013.4342139422938
2019-10-09,979.9811030599161,979.9811030599161
2019-10-10,998.2746057427668,998.2746057427668
2019-10-11,980.0384109368192,980.0384109368192
2019-10-12,984.6373497076527,984.6373497076527
2019-10-13,976.3100470765455,976.3100470765455
2019-10-14,993.509301901696,993.509301901696
2019-10-15,982.3555620142957,982.3555620142957
2019-10-16,982.7755302136956,982.7755302136956
2019-10-17,984.5372523872481,984.5372523872481
2019-10-18,955.4680403921087,955.4680403921087
2019-10-19,993.5682180932581,993.5682180932581
2019-10-20,954.9524446458145,954.9524446458145
2019-10-21,981.6740657851079,981.6740657851079
2019-10-22,1005.2668680495424,1005.2668680495424
2019-10-23,935.2910701919947,935.2910701919947
2019-10-24,892.539961708004,892.539961708004
2019-10-25,925.1658899654254,925.1658899654254
2019-10-26,905.4052625377933,905.4052625377933
2019-10-27,898.4608659437165,898.4608659437165
2019-10-28,877.8116133485056,877.8116133485056
2019-10-29,871.1872125676592,871.1872125676592
2019-10-30,892.7971247384396,892.7971247384396
2019-10-31,886.6718104574667,886.6718104574667
2019-11-01,872.7151769837075,872.7151769837075
2019-11-02,858.977199003726,858.977199003726
2019-11-03,824.6579736280592,824.6579736280592
2019-11-04,752.6683092053169,752.6683092053169
2019-11-05,705.0379069228464,705.0379069228464
2019-11-06,693.4677832937779,693.4677832937779
2019-11-07,716.0939719089116,716.0939719089116
2019-11-08,697.2265398187837,697.2265398187837
2019-11-09,675.3694363932749,675.3694363932749
2019-11-10,683.5541758913546,683.5541758913546
2019-11-11,671.2146723313778,671.2146723313778
2019-11-12,677.5003440334463,677.5003440334463
2019-11-13,693.7486581448401,693.7486581448401
2019-11-14,687.2648140199433,687.2648140199433
2019-11-15,689.1756617359036,689.1756617359036
2019-11-16,718.9956762237682,718.9956762237682
2019-11-17,692.8597488693209,692.8597488693209
2019-11-18,714.9961311551004,714.9961311551004
2019-11-19,704.5854159246833,704.5854159246833
2019-11-20,706.3806729909844,706.3806729909844
2019-11-21,652.5013391199378,652.5013391199378
2019-11-22,603.7932435986487,603.7932435986487
2019-11-23,623.9456791959155,623.9456791959155
2019-11-24,562.2822327019837,562.2822327019837
2019-11-25,544.4706296863487,544.4706296863487
2019-11-26,546.589587433469,546.589587433469
2019-11-27,552.2374896950408,552.2374896950408
2019-11-28,562.3763302132625,562.3763302132625
2019-11-29,563.8526940482383,563.8526940482383
2019-11-30,540.109742665669,540.109742665669
2019-12-01,557.3945175117129,557.3945175117129
2019-12-02,548.6438940442548,548.6438940442548
2019-12-03,492.7197137989229,492.7197137989229
2019-12-04,509.3945076241765,509.3945076241765
2019-12-05,512.3578116733626,512.3578116733626
2019-12-06,500.7534539449796,500.7534539449796
2019-12-07,472.3467988545595,472.3467988545595
2019-12-08,466.2085315773518,466.2085315773518
2019-12-09,470.84935621077125,470.84935621077125
2019-12-10,470.9205979593188,470.9205979593188
2019-12-11,459.7628109715292,459.7628109715292
2019-12-12,456.47984031601686,456.47984031601686
2019-12-13,424.24951624267936,424.24951624267936
2019-12-14,412.2358101554867,412.2358101554867
2019-12-15,418.1544194374319,418.1544194374319
2019-12-16,386.3508785521257,386.3508785521257
2019-12-17,375.1176708563312,375.1176708563312
2019-12-18,386.1409579864237,386.1409579864237
2019-12-19,361.7140942543613,361.7140942543613
2019-12-20,367.98720076924207,367.98720076924207
2019-12-21,374.7305374874741,374.7305374874741
2019-12-22,368.2606713854973,368.2606713854973
2019-12-23,377.1869523650271,377.1869523650271
2019-12-24,397.46728267403273,397.46728267403273
2019-12-25,369.1276833668002,369.1276833668002
2019-12-26,392.776635751135,392.776635751135
2019-12-27,385.62373459861425,385.62373459861425
2019-12-28,376.02455894341307,376.02455894341307
2019-12-29,388.05701774356214,388.05701774356214
2019-12-30,401.55468867558494,401.55468867558494
2019-12-31,391.1296054217377,391.1296054217377
2020-01-01,437.0523376591532,437.0523376591532
2020-01-02,502.6359677377934,502.6359677377934
2020-01-03,512.2230110539124,512.2230110539124
2020-01-04,509.4225277570217,509.4225277570217
2020-01-05,515.5785520559724,515.5785520559724
2020-01-06,509.6767482457246,509.6767482457246
2020-01-07,552.561597488332,552.561597488332
2020-01-08,565.648857035546,565.648857035546
2020-01-09,624.2337899992561,624.2337899992561
2020-01-10,622.7427482675928,622.7427482675928
2020-01-11,623.7965793364856,623.7965793364856
2020-01-12,627.0845580240082,627.0845580240082
2020-01-13,640.1138043812181,640.1138043812181
2020-01-14,646.0432622553336,646.0432622553336
2020-01-15,639.3177519123122,639.3177519123122
2020-01-16,611.6506332263946,611.6506332263946
2020-01-17,625.009948133887,625.009948133887
2020-01-18,629.9968487987201,629.9968487987201
2020-01-19,648.3125526008687,648.3125526008687
2020-01-20,662.7706304151176,662.7706304151176
2020-01-21,637.6477468805467,637.6477468805467
2020-01-22,544.4423748104908,544.4423748104908
2020-01-23,499.24624384040527,499.24624384040527
2020-01-24,499.9180122098319,499.9180122098319
2020-01-25,522.0898639534001,522.0898639534001
2020-01-26,560.4304962797494,560.4304962797494
2020-01-27,560.1943497660972,560.1943497660972
2020-01-28,415.69621839632634,415.69621839632634
2020-01-29,394.6069796236482,394.6069796236482
2020-01-30,403.35419377579836,403.35419377579836
2020-01-31,395.61362480548564,395.61362480548564
2020-02-01,393.36052324120755,393.36052324120755
2020-02-02,390.36651061852234,390.36651061852234
2020-02-03,405.4894556286342,405.4894556286342
2020-02-04,416.6165802059449,416.6165802059449
2020-02-05,435.96917913720347,435.96917913720347
2020-02-06,451.9977875607481,451.9977875607481
2020-02-07,448.69827307049485,448.69827307049485
2020-02-08,428.6808736202234,428.6808736202234
2020-02-09,434.20945581337975,434.20945581337975
2020-02-10,441.3074401821937,441.3074401821937
2020-02-11,443.6827428910798,443.6827428910798
2020-02-12,435.66277351502833,435.66277351502833
2020-02-13,445.96346221050663,445.96346221050663
2020-02-14,491.7214110708237,491.7214110708237
2020-02-15,502.75089341103916,502.75089341103916
2020-02-16,464.4186066959096,464.4186066959096
2020-02-17,462.4905677835147,462.4905677835147
2020-02-18,520.2217173079405,520.2217173079405
2020-02-19,542.7217703687699,542.7217703687699
2020-02-20,553.011608956664,553.011608956664
2020-02-21,570.568109492472,570.568109492472
2020-02-22,548.6947278036199,548.6947278036199
2020-02-23,536.3239513240496,536.3239513240496
2020-02-24,542.1300774510222,542.1300774510222
2020-02-25,541.6494879170498,541.6494879170498
2020-02-26,533.8189991457449,533.8189991457449
2020-02-27,550.6167658648126,550.6167658648126
2020-02-28,547.6396066742808,547.6396066742808
2020-02-29,547.0078543981164,547.0078543981164
2020-03-01,561.6346317136671,561.6346317136671
2020-03-02,554.3073097152995,554.3073097152995
2020-03-03,556.1473126440151,556.1473126440151
2020-03-04,563.9853722798083,563.9853722798083
2020-03-05,547.0400078865837,547.0400078865837
2020-03-06,502.9484621365243,502.9484621365243
2020-03-07,502.8239863376897,502.8239863376897
2020-03-08,480.73119093693487,480.73119093693487
2020-03-09,465.42244092570144,465.42244092570144
2020-03-10,411.849111059914,411.849111059914
2020-03-11,541.964781165326,541.964781165326
2020-03-12,625.8396025902301,625.8396025902301
2020-03-13,346.590307550556,346.590307550556
2020-03-14,273.7144660021585,273.7144660021585
2020-03-15,338.8707405760411,338.8707405760411
2020-03-16,324.4194257160082,324.4194257160082
2020-03-17,235.5460141409358,235.5460141409358
2020-03-18,180.28585139769524,180.28585139769524
2020-03-19,184.52509714082066,184.52509714082066
2020-03-20,159.14309212777556,159.14309212777556
2020-03-21,137.18994999868255,137.18994999868255
2020-03-22,135.94327694453497,135.94327694453497
2020-03-23,129.78465314976447,129.78465314976447
2020-03-24,131.7695824591825,131.7695824591825
2020-03-25,135.9027439898214,135.9027439898214
2020-03-26,140.5323810119504,140.5323810119504
2020-03-27,140.95566288448802,140.95566288448802
2020-03-28,143.49877118890228,143.49877118890228
2020-03-29,142.20333665145986,142.20333665145986
2020-03-30,140.12252913407252,140.12252913407252
2020-03-31,139.35122230676427,139.35122230676427
2020-04-01,137.24078219479398,137.24078219479398
2020-04-02,139.24729347620635,139.24729347620635
2020-04-03,135.5540835349055,135.5540835349055
2020-04-04,134.59517907811747,134.59517907811747
2020-04-05,111.68877243294065,111.68877243294065
2020-04-06,46.69092807777053,46.69092807777053
2020-04-07,51.115387827123875,51.115387827123875
2020-04-08,50.62182466294363,50.62182466294363
2020-04-09,51.35581413707989,51.35581413707989
2020-04-10,50.56236882382077,50.56236882382077
2020-04-11,52.230976713158135,52.230976713158135
2020-04-12,51.31884509317976,51.31884509317976
2020-04-13,51.54036115575773,51.54036115575773
2020-04-14,51.21986218373191,51.21986218373191
2020-04-15,52.244017293862896,52.244017293862896
2020-04-16,58.84076105517123,58.84076105517123
2020-04-17,131.93499200059952,131.93499200059952
2020-04-18,183.63359072777226,183.63359072777226
2020-04-19,318.92693962502085,318.92693962502085
2020-04-20,267.73157457548734,267.73157457548734
2020-04-21,187.24501807214745,187.24501807214745
2020-04-22,85.95978921218892,85.95978921218892
2020-04-23,114.1243413884307,114.1243413884307
2020-04-24,123.18757862688997,123.18757862688997
2020-04-25,110.45467166361534,110.45467166361534
2020-04-26,107.84127403434803,107.84127403434803
2020-04-27,110.2320581331673,110.2320581331673
2020-04-28,102.9266316568528,102.9266316568528
2020-04-29,91.25724632663947,91.25724632663947
2020-04-30,138.2534660757856,138.2534660757856
2020-05-01,166.1192385640692,166.1192385640692
2020-05-02,73.90604074715219,73.90604074715219
2020-05-03,73.0951787958484,73.0951787958484
2020-05-04,71.86683778109243,71.86683778109243
2020-05-05,74.60874978877075,74.60874978877075
2020-05-06,81.180177872707,81.180177872707
2020-05-07,94.76940877684198,94.76940877684198
2020-05-08,108.11405759431209,108.11405759431209
2020-05-09,121.0086397052644,121.0086397052644
2020-05-10,110.14002942715116,110.14002942715116
2020-05-11,78.82769392801603,78.82769392801603
2020-05-12,78.15982281559543,78.15982281559543
2020-05-13,73.68026138294172,73.68026138294172
2020-05-14,75.13004110670948,75.13004110670948
2020-05-15,82.60438214814391,82.60438214814391
2020-05-16,80.31529490819166,80.31529490819166
2020-05-17,78.25770678015537,78.25770678015537
2020-05-18,89.89401210260989,89.89401210260989
2020-05-19,107.49642464623682,107.49642464623682
2020-05-20,101.62438081958395,101.62438081958395
2020-05-21,107.0228063849612,107.0228063849612
2020-05-22,98.52247587119682,98.52247587119682
2020-05-23,92.69081406448446,92.69081406448446
2020-05-24,106.66982782476519,106.66982782476519
2020-05-25,107.19915004760409,107.19915004760409
2020-05-26,107.0672982180803,107.0672982180803
2020-05-27,110.20332400387291,110.20332400387291
2020-05-28,114.60038842609254,114.60038842609254
2020-05-29,126.35428138573508,126.35428138573508
2020-05-30,126.31865329237893,126.31865329237893
2020-05-31,127.29491736200622,127.29491736200622
2020-06-01,125.95901830748039,125.95901830748039
2020-06-02,125.93592499194362,125.93592499194362
2020-06-03,109.27719388171411,109.27719388171411
2020-06-04,113.77837781239985,113.77837781239985
2020-06-05,108.00375400115982,108.00375400115982
2020-06-06,107.73810231280555,107.73810231280555
2020-06-07,108.91429952623022,108.91429952623022
2020-06-08,115.65479521648392,115.65479521648392
2020-06-09,108.68936144750927,108.68936144750927
2020-06-10,133.0203389543517,133.0203389543517
2020-06-11,105.27993082166586,105.27993082166586
2020-06-12,109.65354401587041,109.65354401587041
2020-06-13,127.57709433442642,127.57709433442642
2020-06-14,127.71288181613095,127.71288181613095
2020-06-15,114.32152277223945,114.32152277223945
2020-06-16,95.90160478222559,95.90160478222559
2020-06-17,95.28695860583811,95.28695860583811
2020-06-18,92.7155669014468,92.7155669014468
2020-06-19,2374.1338558822717,2374.1338558822717
2020-06-20,9814.782738612445,9814.782738612445
2020-06-21,18798.53448730556,18798.53448730556
2020-06-22,23075.09952969966,23075.09952969966
2020-06-23,22641.47120603954,22641.47120603954
2020-06-24,22631.13613063263,22631.13613063263
2020-06-25,24965.36164507551,24965.36164507551
2020-06-26,55968.03215637462,55968.03215637462
2020-06-27,120704.69823140492,120704.69823140492
2020-06-28,125094.7911476953,125094.7911476953
2020-06-29,130552.52294666987,130552.52294666987
2020-06-30,131535.36942364534,131535.36942364534
2020-07-01,111456.40353161565,111456.40353161565
2020-07-02,12002.85531830595,12002.85531830595
2020-07-03,10247.45813762481,10247.45813762481
2020-07-04,9316.86193469163,9316.86193469163
2020-07-05,9361.367818589744,9361.367818589744
2020-07-06,9734.355621395216,9734.355621395216
2020-07-07,9694.290631553004,9694.290631553004
2020-07-08,9555.482067700388,9555.482067700388
2020-07-09,9516.085167997831,9516.085167997831
2020-07-10,9279.817177962459,9279.817177962459
2020-07-11,9508.817601488176,9508.817601488176
2020-07-12,10208.702808083215,10208.702808083215
2020-07-13,9238.763444497281,9238.763444497281
2020-07-14,9017.541680062051,9017.541680062051
2020-07-15,8476.193814008797,8476.193814008797
2020-07-16,8382.967152024536,8382.967152024536
2020-07-17,7787.667354671091,7787.667354671091
2020-07-18,8731.914065550096,8731.914065550096
2020-07-19,9918.811902361756,9918.811902361756
2020-07-20,10059.85621004285,10059.85621004285
2020-07-21,10441.578106418825,10441.578106418825
2020-07-22,11336.256946886211,11336.256946886211
2020-07-23,10040.298489329532,10040.298489329532
2020-07-24,8431.074864692651,8431.074864692651
2020-07-25,6699.025688206634,6699.025688206634
2020-07-26,6942.583608468651,6942.583608468651
2020-07-27,14140.339726001495,14140.339726001495
2020-07-28,19585.163508813774,19585.163508813774
2020-07-29,18190.11690883785,18190.11690883785
2020-07-30,12488.911923898862,12488.911923898862
2020-07-31,12856.204159261404,12856.204159261404
2020-08-01,14043.108190256891,14043.108190256891
2020-08-02,11874.583641113544,11874.583641113544
2020-08-03,10161.609985822783,10161.609985822783
2020-08-04,10557.819570834394,10557.819570834394
2020-08-05,11810.944497253247,11810.944497253247
2020-08-06,12045.025532648997,12045.025532648997
2020-08-07,11295.263076753621,11295.263076753621
2020-08-08,12196.985329311126,12196.985329311126
2020-08-09,10736.121135853598,10736.121135853598
2020-08-10,10945.912821879094,10945.912821879094
2020-08-11,12848.266467931633,12848.266467931633
2020-08-12,14526.747779112078,14526.747779112078
2020-08-13,13304.714974718458,13304.714974718458
2020-08-14,10615.026962099151,10615.026962099151
2020-08-15,11246.860099822676,11246.860099822676
2020-08-16,10982.419931397306,10982.419931397306
2020-08-17,11145.161562154746,11145.161562154746
2020-08-18,10707.06269751316,10707.06269751316
2020-08-19,10606.016253800792,10606.016253800792
2020-08-20,12047.245239218235,12047.245239218235
2020-08-21,11474.77296353826,11474.77296353826
2020-08-22,12175.590590976275,12175.590590976275
2020-08-23,12519.165626337799,12519.165626337799
2020-08-24,11513.40404693703,11513.40404693703
2020-08-25,12240.065079461056,12240.065079461056
2020-08-26,11951.389339683326,11951.389339683326
2020-08-27,12780.85688279745,12780.85688279745
2020-08-28,12940.989045792441,12940.989045792441
2020-08-29,13493.420285124454,13493.420285124454
2020-08-30,15441.46299366307,15441.46299366307
2020-08-31,14875.239573711757,14875.239573711757
2020-09-01,15635.27781865859,15635.27781865859
2020-09-02,13140.342265256715,13140.342265256715
2020-09-03,11162.3716515993,11162.3716515993
2020-09-04,10586.278692504424,10586.278692504424
2020-09-05,10579.654337691949,10579.654337691949
2020-09-06,10196.775346251981,10196.775346251981
2020-09-07,10150.118211118337,10150.118211118337
2020-09-08,9279.124874591771,9279.124874591771
2020-09-09,8723.552615787514,8723.552615787514
2020-09-10,9561.272505176496,9561.272505176496
2020-09-11,9536.791845086987,9536.791845086987
2020-09-12,11544.750598581088,11544.750598581088
2020-09-13,14614.19030652364,14614.19030652364
2020-09-14,18337.77322401491,18337.77322401491
2020-09-15,16585.058995889933,16585.058995889933
2020-09-16,12781.648854147339,12781.648854147339
2020-09-17,10130.428408458098,10130.428408458098
2020-09-18,8172.073263196313,8172.073263196313
2020-09-19,8780.84876195915,8780.84876195915
2020-09-20,8221.012028855033,8221.012028855033
2020-09-21,8186.981448737414,8186.981448737414
2020-09-22,8540.169933305819,8540.169933305819
2020-09-23,8383.286692664664,8383.286692664664
2020-09-24,8855.884707179574,8855.884707179574
2020-09-25,8658.420060732808,8658.420060732808
2020-09-26,8692.712126134302,8692.712126134302
2020-09-27,8552.705243787592,8552.705243787592
2020-09-28,9080.982818125822,9080.982818125822
2020-09-29,9101.483213736758,9101.483213736758
2020-09-30,8875.514968091271,8875.514968091271
2020-10-01,8339.310305412688,8339.310305412688
2020-10-02,8533.328890808807,8533.328890808807
2020-10-03,8399.343945399303,8399.343945399303
2020-10-04,8542.09113259137,8542.09113259137
2020-10-05,9133.903423654068,9133.903423654068
2020-10-06,8583.224360735152,8583.224360735152
2020-10-07,8767.639798691938,8767.639798691938
2020-10-08,9354.421975261099,9354.421975261099
2020-10-09,9474.114168922464,9474.114168922464
2020-10-10,10098.55683248055,10098.55683248055
2020-10-11,9921.292411272501,9921.292411272501
2020-10-12,10069.091509493279,10069.091509493279
2020-10-13,11842.335010253983,11842.335010253983
2020-10-14,12323.507574019288,12323.507574019288
2020-10-15,13394.808106776421,13394.808106776421
2020-10-16,14704.20146384567,14704.20146384567
2020-10-17,13079.829311342559,13079.829311342559
2020-10-18,14488.025832935478,14488.025832935478
2020-10-19,11269.713022648912,11269.713022648912
2020-10-20,11892.395490410305,11892.395490410305
2020-10-21,11807.697023234232,11807.697023234232
2020-10-22,12544.675735872492,12544.675735872492
2020-10-23,13660.41145546738,13660.41145546738
2020-10-24,12541.3151688075,12541.3151688075
2020-10-25,12488.594765745263,12488.594765745263
2020-10-26,12720.05870050714,12720.05870050714
2020-10-27,12707.3274862212,12707.3274862212
2020-10-28,12718.169293477993,12718.169293477993
2020-10-29,12211.40559698076,12211.40559698076
2020-10-30,12129.230736963904,12129.230736963904
2020-10-31,12391.396136003945,12391.396136003945
2020-11-01,12332.491148266068,12332.491148266068
2020-11-02,12085.89491333394,12085.89491333394
2020-11-03,12299.405532090363,12299.405532090363
2020-11-04,13696.829778514302,13696.829778514302
2020-11-05,14018.95739168264,14018.95739168264
2020-11-06,14848.82102779421,14848.82102779421
2020-11-07,14329.493551319565,14329.493551319565
2020-11-08,13351.015181668587,13351.015181668587
2020-11-09,13444.398443888373,13444.398443888373
2020-11-10,14071.86056602768,14071.86056602768
2020-11-11,15649.224238476514,15649.224238476514
2020-11-12,15707.981942537766,15707.981942537766
2020-11-13,14714.286212187519,14714.286212187519
2020-11-14,14587.593237203157,14587.593237203157
2020-11-15,13913.855688823482,13913.855688823482
2020-11-16,13991.078378566512,13991.078378566512
2020-11-17,16417.299345775526,16417.299345775526
2020-11-18,17231.772209168583,17231.772209168583
2020-11-19,16400.3683032854,16400.3683032854
2020-11-20,17823.92309646385,17823.92309646385
2020-11-21,20041.29308683207,20041.29308683207
2020-11-22,18062.355190885348,18062.355190885348
2020-11-23,19375.51478147491,19375.51478147491
2020-11-24,19160.835554865207,19160.835554865207
2020-11-25,15990.931208474878,15990.931208474878
2020-11-26,12992.400474244427,12992.400474244427
2020-11-27,15404.111787207277,15404.111787207277
2020-11-28,15516.535221478567,15516.535221478567
2020-11-29,15921.08611457995,15921.08611457995
2020-11-30,17934.44684569582,17934.44684569582
2020-12-01,15946.548738921283,15946.548738921283
2020-12-02,17206.083859415856,17206.083859415856
2020-12-03,16156.853169339603,16156.853169339603
2020-12-04,15681.24141063367,15681.24141063367
2020-12-05,15899.743981383526,15899.743981383526
2020-12-06,15297.180605963918,15297.180605963918
2020-12-07,15585.85238097641,15585.85238097641
2020-12-08,15221.189760501935,15221.189760501935
2020-12-09,15142.806786875728,15142.806786875728
2020-12-10,15113.513174396814,15113.513174396814
2020-12-11,21058.079411724564,21058.079411724564
2020-12-12,29755.606677972235,29755.606677972235
2020-12-13,30706.52465770471,30706.52465770471
2020-12-14,32541.991079452415,32541.991079452415
2020-12-15,34738.187037225594,34738.187037225594
2020-12-16,36377.43956016654,36377.43956016654
2020-12-17,41250.84161020399,41250.84161020399
2020-12-18,42395.66132303312,42395.66132303312
2020-12-19,40492.893929977865,40492.893929977865
2020-12-20,42344.30690553487,42344.30690553487
2020-12-21,40500.990481094035,40500.990481094035
2020-12-22,43644.43481878586,43644.43481878586
2020-12-23,44479.98399890944,44479.98399890944
2020-12-24,47007.76136183378,47007.76136183378
2020-12-25,46862.92206147367,46862.92206147367
2020-12-26,53003.40010943648,53003.40010943648
2020-12-27,55908.58898021176,55908.58898021176
2020-12-28,51958.91186056725,51958.91186056725
2020-12-29,65145.99189364759,65145.99189364759
2020-12-30,76811.15741681312,76811.15741681312
2020-12-31,79030.21803276493,79030.21803276493
2021-01-01,80446.78399854696,80446.78399854696
2021-01-02,73291.70179741818,73291.70179741818
2021-01-03,56718.530278013495,56718.530278013495
2021-01-04,44517.30240812061,44517.30240812061
2021-01-05,49923.98542950462,49923.98542950462
2021-01-06,56039.3709630689,56039.3709630689
2021-01-07,54681.80033222966,54681.80033222966
2021-01-08,47130.64902652161,47130.64902652161
2021-01-09,52218.288010708406,52218.288010708406
2021-01-10,50904.87780988995,50904.87780988995
2021-01-11,51939.38236970354,51939.38236970354
2021-01-12,57267.21338014411,57267.21338014411
2021-01-13,82281.8148780561,82281.8148780561
2021-01-14,82463.37551246239,82463.37551246239
2021-01-15,87213.48151143394,87213.48151143394
2021-01-16,82851.87918802793,82851.87918802793
2021-01-17,76097.60954989538,76097.60954989538
2021-01-18,80004.74819719819,80004.74819719819
2021-01-19,79526.35573900027,79526.35573900027
2021-01-20,74331.67014102534,74331.67014102534
2021-01-21,62982.30870216321,62982.30870216321
2021-01-22,57012.552086904056,57012.552086904056
2021-01-23,56175.589943653125,56175.589943653125
2021-01-24,61712.29749351903,61712.29749351903
2021-01-25,53601.859518207304,53601.859518207304
2021-01-26,52764.38370936429,52764.38370936429
2021-01-27,61363.94799939452,61363.94799939452
2021-01-28,69563.77054667105,69563.77054667105
2021-01-29,78118.40304867855,78118.40304867855
2021-01-30,80639.28078398452,80639.28078398452
2021-01-31,81469.74429885,81469.74429885
2021-02-01,88220.32636961906,88220.32636961906
2021-02-02,95010.27477250803,95010.27477250803
2021-02-03,112988.82792228075,112988.82792228075
2021-02-04,117750.31405619872,117750.31405619872
2021-02-05,123584.2236958988,123584.2236958988
2021-02-06,132620.88351171382,132620.88351171382
2021-02-07,132035.55008629948,132035.55008629948
2021-02-08,157514.26058236838,157514.26058236838
2021-02-09,171504.89305956985,171504.89305956985
2021-02-10,166635.9488540062,166635.9488540062
2021-02-11,169416.29242279084,169416.29242279084
2021-02-12,169411.22786657859,169411.22786657859
2021-02-13,172565.74235077164,172565.74235077164
2021-02-14,173310.0401021645,173310.0401021645
2021-02-15,166355.79360180206,166355.79360180206
2021-02-16,178487.92756059946,178487.92756059946
2021-02-17,176264.53816475486,176264.53816475486
2021-02-18,170281.55769276232,170281.55769276232
2021-02-19,168214.3831577733,168214.3831577733
2021-02-20,168700.25716951033,168700.25716951033
2021-02-21,162012.52121600803,162012.52121600803
2021-02-22,132224.47892068746,132224.47892068746
2021-02-23,122214.68153155377,122214.68153155377
2021-02-24,129423.84369605753,129423.84369605753
2021-02-25,124077.0747558503,124077.0747558503
2021-02-26,117402.51177065591,117402.51177065591
2021-02-27,108073.99395375323,108073.99395375323
2021-02-28,99638.33242225263,99638.33242225263
2021-03-01,107991.39358733603,107991.39358733603
2021-03-02,126651.22340580178,126651.22340580178
2021-03-03,146597.76844948606,146597.76844948606
2021-03-04,142244.24644908673,142244.24644908673
2021-03-05,136793.86936223932,136793.86936223932
2021-03-06,123162.46655044681,123162.46655044681
2021-03-07,123825.73622950425,123825.73622950425
2021-03-08,133748.1461221791,133748.1461221791
2021-03-09,165654.99240094153,165654.99240094153
2021-03-10,174948.17075543787,174948.17075543787
2021-03-11,151901.63086386363,151901.63086386363
2021-03-12,129442.0126733815,129442.0126733815
2021-03-13,128583.96622991425,128583.96622991425
2021-03-14,121135.7967553161,121135.7967553161
2021-03-15,124016.87269656116,124016.87269656116
2021-03-16,132545.96488973766,132545.96488973766
2021-03-17,144690.86798225014,144690.86798225014
2021-03-18,152839.93767636764,152839.93767636764
2021-03-19,160383.75265476794,160383.75265476794
2021-03-20,154221.91530712225,154221.91530712225
2021-03-21,160167.58948363067,160167.58948363067
2021-03-22,159114.06503584667,159114.06503584667
2021-03-23,159421.0354907454,159421.0354907454
2021-03-24,136334.2531905125,136334.2531905125
2021-03-25,122795.84360300537,122795.84360300537
2021-03-26,179648.87886308166,179648.87886308166
2021-03-27,219688.99449746407,219688.99449746407
2021-03-28,187481.81105343672,187481.81105343672
2021-03-29,191265.19654933133,191265.19654933133
2021-03-30,173222.46286471302,173222.46286471302
2021-03-31,179843.5720594592,179843.5720594592
2021-04-01,183304.80909172888,183304.80909172888
2021-04-02,216872.21758590994,216872.21758590994
2021-04-03,230052.8087144385,230052.8087144385
2021-04-04,204264.3315454143,204264.3315454143
2021-04-05,192148.80165045438,192148.80165045438
2021-04-06,189740.45646326515,189740.45646326515
2021-04-07,192878.99575073633,192878.99575073633
2021-04-08,203497.2688899933,203497.2688899933
2021-04-09,226933.8130585394,226933.8130585394
2021-04-10,223940.18116492292,223940.18116492292
2021-04-11,201883.27737705183,201883.27737705183
2021-04-12,152985.91013742532,152985.91013742532
2021-04-13,150830.09821674216,150830.09821674216
2021-04-14,216558.9615652335,216558.9615652335
2021-04-15,238750.68980141392,238750.68980141392
2021-04-16,201412.3216251575,201412.3216251575
2021-04-17,164219.0555100063,164219.0555100063
2021-04-18,135339.1532913446,135339.1532913446
2021-04-19,114577.8558559288,114577.8558559288
2021-04-20,126329.22549481527,126329.22549481527
2021-04-21,155884.40676782542,155884.40676782542
2021-04-22,146364.7632667832,146364.7632667832
2021-04-23,135103.34081702682,135103.34081702682
2021-04-24,122177.47030168975,122177.47030168975
2021-04-25,125663.58118695622,125663.58118695622
2021-04-26,128240.26504587883,128240.26504587883
2021-04-27,127852.4833698639,127852.4833698639
2021-04-28,131013.7914794739,131013.7914794739
2021-04-29,120024.98245172629,120024.98245172629
2021-04-30,125883.6850276391,125883.6850276391
2021-05-01,122645.62735762299,122645.62735762299
2021-05-02,134898.92836714792,134898.92836714792
2021-05-03,144357.9493800771,144357.9493800771
2021-05-04,145029.42201796963,145029.42201796963
2021-05-05,149609.00530245958,149609.00530245958
2021-05-06,153049.92014141972,153049.92014141972
2021-05-07,154699.81722490824,154699.81722490824
2021-05-08,151483.6344791424,151483.6344791424
2021-05-09,160524.62408050746,160524.62408050746
2021-05-10,154580.52766121074,154580.52766121074
2021-05-11,162651.76265576432,162651.76265576432
2021-05-12,169416.59939073122,169416.59939073122
2021-05-13,201636.7553500788,201636.7553500788
2021-05-14,202109.69513549667,202109.69513549667
2021-05-15,172730.92517358487,172730.92517358487
2021-05-16,152051.71053473276,152051.71053473276
2021-05-17,158435.16775234306,158435.16775234306
2021-05-18,109159.67579642842,109159.67579642842
2021-05-19,82363.20870312557,82363.20870312557
2021-05-20,81196.38392695523,81196.38392695523
2021-05-21,74537.3178732019,74537.3178732019
2021-05-22,69657.82936205325,69657.82936205325
2021-05-23,65989.07857588067,65989.07857588067
2021-05-24,68718.13424567612,68718.13424567612
2021-05-25,71265.31692853948,71265.31692853948
2021-05-26,71956.19599211327,71956.19599211327
2021-05-27,71445.96958239972,71445.96958239972
2021-05-28,69522.32446500426,69522.32446500426
2021-05-29,62225.16581329215,62225.16581329215
2021-05-30,65759.07480314905,65759.07480314905
2021-05-31,68262.20667881335,68262.20667881335
2021-06-01,71040.14533225993,71040.14533225993
2021-06-02,71650.03291103084,71650.03291103084
2021-06-03,72347.74303681207,72347.74303681207
2021-06-04,72183.41983970007,72183.41983970007
2021-06-05,72477.67504418574,72477.67504418574
2021-06-06,72893.96989398223,72893.96989398223
2021-06-07,73453.28625118257,73453.28625118257
2021-06-08,71333.87298597055,71333.87298597055
2021-06-09,73829.7828806927,73829.7828806927
2021-06-10,71371.60149428183,71371.60149428183
2021-06-11,66939.46469121172,66939.46469121172
2021-06-12,67934.51479318712,67934.51479318712
2021-06-13,69230.4664032107,69230.4664032107
2021-06-14,71215.83491424544,71215.83491424544
2021-06-15,71502.34473649385,71502.34473649385
2021-06-16,71237.39069706672,71237.39069706672
2021-06-17,70199.02818707906,70199.02818707906
2021-06-18,67029.40090455297,67029.40090455297
2021-06-19,62629.45601261811,62629.45601261811
2021-06-20,57008.6203195348,57008.6203195348
2021-06-21,50666.69184935177,50666.69184935177
2021-06-22,53857.473941173695,53857.473941173695
2021-06-23,53797.18843313446,53797.18843313446
2021-06-24,54865.91078592118,54865.91078592118
2021-06-25,53666.43562331339,53666.43562331339
2021-06-26,53944.98676667348,53944.98676667348
2021-06-27,55438.47783544116,55438.47783544116
2021-06-28,53354.112512631116,53354.112512631116
2021-06-29,40764.417494895155,40764.417494895155
2021-06-30,42622.19897103397,42622.19897103397
2021-07-01,44791.85810430895,44791.85810430895
2021-07-02,45832.521572981765,45832.521572981765
2021-07-03,48281.192379340886,48281.192379340886
2021-07-04,52548.21216704376,52548.21216704376
2021-07-05,55701.24252846024,55701.24252846024
2021-07-06,55954.7044929301,55954.7044929301
2021-07-07,60679.675466347224,60679.675466347224
2021-07-08,60412.666189614625,60412.666189614625
2021-07-09,66895.10243021374,66895.10243021374
2021-07-10,69112.47378810222,69112.47378810222
2021-07-11,72128.54733740177,72128.54733740177
2021-07-12,73718.86832641691,73718.86832641691
2021-07-13,75718.86115899721,75718.86115899721
2021-07-14,78203.56374201181,78203.56374201181
2021-07-15,80021.87948803607,80021.87948803607
2021-07-16,82605.0288579608,82605.0288579608
2021-07-17,83439.37942810303,83439.37942810303
2021-07-18,83333.75304792497,83333.75304792497
2021-07-19,81442.57959128884,81442.57959128884
2021-07-20,84113.58388211427,84113.58388211427
2021-07-21,82462.69031525364,82462.69031525364
2021-07-22,83971.87173556391,83971.87173556391
2021-07-23,86522.39657828044,86522.39657828044
2021-07-24,89716.91024852356,89716.91024852356
2021-07-25,88587.81055750957,88587.81055750957
2021-07-26,89269.33604374262,89269.33604374262
2021-07-27,87035.91744677153,87035.91744677153
2021-07-28,83068.10155237999,83068.10155237999
2021-07-29,96395.25403049175,96395.25403049175
2021-07-30,96402.14208762802,96402.14208762802
2021-07-31,97028.2261747044,97028.2261747044
2021-08-01,97793.70878796774,97793.70878796774
2021-08-02,89785.45377855575,89785.45377855575
2021-08-03,90996.65963122496,90996.65963122496
2021-08-04,90951.690507938,90951.690507938
2021-08-05,91827.65301608,91827.65301608
2021-08-06,93414.36428484184,93414.36428484184
2021-08-07,95929.04571536572,95929.04571536572
2021-08-08,97444.46317266831,97444.46317266831
2021-08-09,100492.60025507053,100492.60025507053
2021-08-10,99458.96708540477,99458.96708540477
2021-08-11,100100.03633716877,100100.03633716877
2021-08-12,100572.85074926933,100572.85074926933
2021-08-13,104047.08969968052,104047.08969968052
2021-08-14,104880.46666117941,104880.46666117941
2021-08-15,105229.41795672562,105229.41795672562
2021-08-16,102517.48635641785,102517.48635641785
2021-08-17,103677.54144020387,103677.54144020387
2021-08-18,104451.62564503601,104451.62564503601
2021-08-19,106648.0713432468,106648.0713432468
2021-08-20,104416.38155853045,104416.38155853045
2021-08-21,109373.0199130468,109373.0199130468
2021-08-22,109145.74656853992,109145.74656853992
2021-08-23,111813.05602573938,111813.05602573938
2021-08-24,105801.21638547331,105801.21638547331
2021-08-25,111639.91964348046,111639.91964348046
2021-08-26,105906.73023588068,105906.73023588068
2021-08-27,109841.11666942245,109841.11666942245
2021-08-28,104730.69792146629,104730.69792146629
2021-08-29,110685.18295248841,110685.18295248841
2021-08-30,108812.75800582732,108812.75800582732
2021-08-31,112554.08412188131,112554.08412188131
2021-09-01,122512.40937999969,122512.40937999969
2021-09-02,136760.81751126613,136760.81751126613
2021-09-03,137113.52219122127,137113.52219122127
2021-09-04,130837.3189511175,130837.3189511175
2021-09-05,142530.50832405975,142530.50832405975
2021-09-06,146656.41512715313,146656.41512715313
2021-09-07,124797.96308593296,124797.96308593296
2021-09-08,117038.32866334915,117038.32866334915
2021-09-09,119583.54582403805,119583.54582403805
2021-09-10,112525.01927802067,112525.01927802067
2021-09-11,117481.01199064689,117481.01199064689
2021-09-12,113563.89104073781,113563.89104073781
2021-09-13,110006.4996162979,110006.4996162979
2021-09-14,111595.68001668222,111595.68001668222
2021-09-15,112233.8847743656,112233.8847743656
2021-09-16,111652.91785374757,111652.91785374757
2021-09-17,120195.82333174114,120195.82333174114
2021-09-18,125000.59892083188,125000.59892083188
2021-09-19,113982.24090354398,113982.24090354398
2021-09-20,113156.14895106856,113156.14895106856
2021-09-21,109728.00407356415,109728.00407356415
2021-09-22,114527.91891361184,114527.91891361184
2021-09-23,121946.55010718829,121946.55010718829
2021-09-24,115053.76575299168,115053.76575299168
2021-09-25,109531.02476274305,109531.02476274305
2021-09-26,114477.15777699661,114477.15777699661
2021-09-27,116679.88022097597,116679.88022097597
2021-09-28,115443.2459857496,115443.2459857496
2021-09-29,94616.0971734248,94616.0971734248
2021-09-30,96744.62396292272,96744.62396292272
2021-10-01,95727.0333162407,95727.0333162407
2021-10-02,86387.45753104491,86387.45753104491
2021-10-03,84930.84702230901,84930.84702230901
2021-10-04,83545.21677971698,83545.21677971698
2021-10-05,88511.30959697282,88511.30959697282
2021-10-06,90854.37584424594,90854.37584424594
2021-10-07,88602.16695315616,88602.16695315616
2021-10-08,78002.72442940947,78002.72442940947
2021-10-09,77800.86672946018,77800.86672946018
2021-10-10,78194.26585362588,78194.26585362588
2021-10-11,77896.23388085766,77896.23388085766
2021-10-12,83777.88943076374,83777.88943076374
2021-10-13,103911.20391982597,103911.20391982597
2021-10-14,114377.46082939561,114377.46082939561
2021-10-15,121948.26124532142,121948.26124532142
2021-10-16,122620.02248302198,122620.02248302198
2021-10-17,127083.99499800392,127083.99499800392
2021-10-18,141384.2911690167,141384.2911690167
2021-10-19,143972.81143855167,143972.81143855167
2021-10-20,149561.7172908208,149561.7172908208
2021-10-21,129170.88054035368,129170.88054035368
2021-10-22,117195.43637542159,117195.43637542159
2021-10-23,114492.93547227446,114492.93547227446
2021-10-24,120282.05729659447,120282.05729659447
2021-10-25,123033.82836922872,123033.82836922872
2021-10-26,131205.01377306337,131205.01377306337
2021-10-27,141982.1321419142,141982.1321419142
2021-10-28,177745.24192629635,177745.24192629635
2021-10-29,199957.59389280732,199957.59389280732
2021-10-30,160646.5816428533,160646.5816428533
2021-10-31,155547.87701981174,155547.87701981174
2021-11-01,150713.1805194594,150713.1805194594
2021-11-02,146500.07197694987,146500.07197694987
2021-11-03,128858.69110783999,128858.69110783999
2021-11-04,124864.53619364582,124864.53619364582
2021-11-05,116370.5481172564,116370.5481172564
2021-11-06,108288.98361342163,108288.98361342163
2021-11-07,113223.81666517453,113223.81666517453
2021-11-08,123644.21679822463,123644.21679822463
2021-11-09,107253.62981277204,107253.62981277204
2021-11-10,109280.37135717631,109280.37135717631
2021-11-11,111084.8212800337,111084.8212800337
2021-11-12,107282.93566362617,107282.93566362617
2021-11-13,110139.362825063,110139.362825063
2021-11-14,112729.60647532009,112729.60647532009
2021-11-15,107119.6049819282,107119.6049819282
2021-11-16,108842.93494821066,108842.93494821066
2021-11-17,102424.6888221492,102424.6888221492
2021-11-18,97049.93106028592,97049.93106028592
2021-11-19,98698.56745096903,98698.56745096903
2021-11-20,100526.07453453154,100526.07453453154
2021-11-21,100600.31261593905,100600.31261593905
2021-11-22,100906.81303031498,100906.81303031498
2021-11-23,97837.99959007346,97837.99959007346
2021-11-24,96961.89102328575,96961.89102328575
2021-11-25,97674.9282477558,97674.9282477558
2021-11-26,100846.77026659453,100846.77026659453
2021-11-27,96787.4692448914,96787.4692448914
2021-11-28,98775.22145685245,98775.22145685245
2021-11-29,108100.3156538366,108100.3156538366
2021-11-30,107084.3323651246,107084.3323651246
2021-12-01,108070.87531340176,108070.87531340176
2021-12-02,105123.55549081761,105123.55549081761
2021-12-03,106180.36605824008,106180.36605824008
2021-12-04,104361.8116321183,104361.8116321183
2021-12-05,101917.19121432732,101917.19121432732
2021-12-06,104689.74846569212,104689.74846569212
2021-12-07,106844.85158660646,106844.85158660646
2021-12-08,106146.4479462433,106146.4479462433
2021-12-09,107764.54599295248,107764.54599295248
2021-12-10,107033.33208382005,107033.33208382005
2021-12-11,113126.15539322796,113126.15539322796
2021-12-12,109886.75710921708,109886.75710921708
2021-12-13,100060.79020569222,100060.79020569222
2021-12-14,97386.77942658708,97386.77942658708
2021-12-15,105173.5039906254,105173.5039906254
2021-12-16,118974.61341273178,118974.61341273178
2021-12-17,101298.61453926474,101298.61453926474
2021-12-18,93925.23160571286,93925.23160571286
2021-12-19,99001.24336314421,99001.24336314421
2021-12-20,91799.74232467228,91799.74232467228
2021-12-21,95729.47990955645,95729.47990955645
2021-12-22,96091.5176088617,96091.5176088617
2021-12-23,97598.43946302067,97598.43946302067
2021-12-24,96676.77753454896,96676.77753454896
2021-12-25,95466.06154495887,95466.06154495887
2021-12-26,92683.4565118286,92683.4565118286
2021-12-27,91476.78946586813,91476.78946586813
2021-12-28,89431.05918536789,89431.05918536789
2021-12-29,87315.0297343815,87315.0297343815
2021-12-30,83058.56457169044,83058.56457169044
2021-12-31,83310.23856426659,83310.23856426659
2022-01-01,81310.51164034002,81310.51164034002
2022-01-02,81487.30908956344,81487.30908956344
2022-01-03,82291.60092779146,82291.60092779146
2022-01-04,84208.83787586803,84208.83787586803
2022-01-05,79026.76730839052,79026.76730839052
2022-01-06,77399.74158761541,77399.74158761541
2022-01-07,77478.43507710956,77478.43507710956
2022-01-08,76255.75571913358,76255.75571913358
2022-01-09,73996.28482478649,73996.28482478649
2022-01-10,72638.31168205659,72638.31168205659
2022-01-11,72502.12964738804,72502.12964738804
2022-01-12,72515.40999486958,72515.40999486958
2022-01-13,73658.07427719078,73658.07427719078
2022-01-14,74460.48785817764,74460.48785817764
2022-01-15,73745.8080917782,73745.8080917782
2022-01-16,73710.63740919324,73710.63740919324
2022-01-17,71725.19485472694,71725.19485472694
2022-01-18,73582.53931508676,73582.53931508676
2022-01-19,74936.35537627865,74936.35537627865
2022-01-20,69864.57429757489,69864.57429757489
2022-01-21,63720.92746073344,63720.92746073344
2022-01-22,60615.33847503405,60615.33847503405
2022-01-23,58695.78927445775,58695.78927445775
2022-01-24,51819.06454463899,51819.06454463899
2022-01-25,49722.21688214226,49722.21688214226
2022-01-26,49436.83269289322,49436.83269289322
2022-01-27,49926.19825516148,49926.19825516148
2022-01-28,53191.71543327558,53191.71543327558
2022-01-29,49193.33058828138,49193.33058828138
2022-01-30,51442.2851695084,51442.2851695084
2022-01-31,49643.55230122072,49643.55230122072
2022-02-01,51979.50901429912,51979.50901429912
2022-02-02,46444.2608982194,46444.2608982194
2022-02-03,48931.07712776157,48931.07712776157
2022-02-04,47995.06312457343,47995.06312457343
2022-02-05,46920.63933658967,46920.63933658967
2022-02-06,46732.049941335004,46732.049941335004
2022-02-07,44546.41833674902,44546.41833674902
2022-02-08,45267.80665777601,45267.80665777601
2022-02-09,47883.908218114186,47883.908218114186
2022-02-10,53544.47183926421,53544.47183926421
2022-02-11,50410.240936805865,50410.240936805865
2022-02-12,54960.04313236768,54960.04313236768
2022-02-13,51232.07628478036,51232.07628478036
2022-02-14,51198.11959614996,51198.11959614996
2022-02-15,50832.676550262404,50832.676550262404
2022-02-16,50567.72863901145,50567.72863901145
2022-02-17,48113.94213990101,48113.94213990101
2022-02-18,49741.778517055965,49741.778517055965
2022-02-19,49097.845410077614,49097.845410077614
2022-02-20,50273.39366592451,50273.39366592451
2022-02-21,47232.59884962822,47232.59884962822
2022-02-22,48240.81364370858,48240.81364370858
2022-02-23,43821.75837385229,43821.75837385229
2022-02-24,38554.08587640825,38554.08587640825
2022-02-25,39145.980196466226,39145.980196466226
2022-02-26,37259.24193838996,37259.24193838996
2022-02-27,38494.68322269724,38494.68322269724
2022-02-28,40884.8882734486,40884.8882734486
2022-03-01,38689.13015067936,38689.13015067936
2022-03-02,40998.67939291194,40998.67939291194
2022-03-03,40620.03352904178,40620.03352904178
2022-03-04,43217.65403252658,43217.65403252658
2022-03-05,42402.893132012556,42402.893132012556
2022-03-06,42815.310498113475,42815.310498113475
2022-03-07,43312.49248870883,43312.49248870883
2022-03-08,45282.5497846393,45282.5497846393
2022-03-09,44390.42494448372,44390.42494448372
2022-03-10,42312.77904966417,42312.77904966417
2022-03-11,43220.95204586721,43220.95204586721
2022-03-12,41296.175777518845,41296.175777518845
2022-03-13,43016.63816928781,43016.63816928781
2022-03-14,41820.379913252575,41820.379913252575
2022-03-15,41524.063688659844,41524.063688659844
2022-03-16,41296.82411736192,41296.82411736192
2022-03-17,41323.27656209772,41323.27656209772
2022-03-18,43664.309431156486,43664.309431156486
2022-03-19,45584.26409909148,45584.26409909148
2022-03-20,44152.715777228324,44152.715777228324
2022-03-21,47271.60544158653,47271.60544158653
2022-03-22,44567.27338460913,44567.27338460913
2022-03-23,45438.724022211405,45438.724022211405
2022-03-24,45012.593910721465,45012.593910721465
2022-03-25,47350.63266252546,47350.63266252546
2022-03-26,46825.68901701085,46825.68901701085
2022-03-27,50022.993992931915,50022.993992931915
2022-03-28,48618.96836236532,48618.96836236532
2022-03-29,44650.03583181797,44650.03583181797
2022-03-30,46896.581947723964,46896.581947723964
2022-03-31,42918.02137790272,42918.02137790272
2022-04-01,44343.29060663541,44343.29060663541
2022-04-02,44806.427784055326,44806.427784055326
2022-04-03,43878.65456247163,43878.65456247163
2022-04-04,44938.275641459884,44938.275641459884
2022-04-05,43910.311040718545,43910.311040718545
2022-04-06,42859.40481265315,42859.40481265315
2022-04-07,37365.607411098164,37365.607411098164
2022-04-08,37690.238044724916,37690.238044724916
2022-04-09,36998.82628260258,36998.82628260258
2022-04-10,38098.807129553,38098.807129553
2022-04-11,36422.050057977605,36422.050057977605
2022-04-12,36974.34923501994,36974.34923501994
2022-04-13,37023.62465247304,37023.62465247304
2022-04-14,37055.75275358243,37055.75275358243
2022-04-15,37357.78978426079,37357.78978426079
2022-04-16,37308.57398301292,37308.57398301292
2022-04-17,36804.82231992791,36804.82231992791
2022-04-18,36888.297971080065,36888.297971080065
2022-04-19,37759.95791471893,37759.95791471893
2022-04-20,37236.930135832,37236.930135832
2022-04-21,36190.03529987115,36190.03529987115
2022-04-22,37017.9628040785,37017.9628040785
2022-04-23,35370.90572134405,35370.90572134405
2022-04-24,35462.29256901017,35462.29256901017
2022-04-25,36268.202537305486,36268.202537305486
2022-04-26,34523.310865215586,34523.310865215586
2022-04-27,28281.29217705539,28281.29217705539
2022-04-28,26511.614742995087,26511.614742995087
2022-04-29,26275.85832310906,26275.85832310906
2022-04-30,25016.15505067913,25016.15505067913
2022-05-01,24976.485644665165,24976.485644665165
2022-05-02,25781.468556749187,25781.468556749187
2022-05-03,23803.988630591986,23803.988630591986
2022-05-04,18842.532897348814,18842.532897348814
2022-05-05,16757.133435809214,16757.133435809214
2022-05-06,16507.09577872897,16507.09577872897
2022-05-07,16838.62397336357,16838.62397336357
2022-05-08,15898.089963620641,15898.089963620641
2022-05-09,15207.934300602932,15207.934300602932
2022-05-10,15861.740431205786,15861.740431205786
2022-05-11,14513.2761277066,14513.2761277066
2022-05-12,14160.008462455175,14160.008462455175
2022-05-13,13688.565493701048,13688.565493701048
2022-05-14,14066.16658180731,14066.16658180731
2022-05-15,14142.217278397366,14142.217278397366
2022-05-16,13988.245692899405,13988.245692899405
2022-05-17,13841.334754346479,13841.334754346479
2022-05-18,12542.935635281863,12542.935635281863
2022-05-19,12830.958853700555,12830.958853700555
2022-05-20,11906.621798024164,11906.621798024164
2022-05-21,11107.500630345781,11107.500630345781
2022-05-22,11399.142601977246,11399.142601977246
2022-05-23,10785.847959325733,10785.847959325733
2022-05-24,11774.073124834478,11774.073124834478
2022-05-25,10758.037683146034,10758.037683146034
2022-05-26,10277.435580287534,10277.435580287534
2022-05-27,9794.976409908453,9794.976409908453
2022-05-28,9312.396553426082,9312.396553426082
2022-05-29,9432.842687355449,9432.842687355449
2022-05-30,9304.34948933182,9304.34948933182
2022-05-31,10839.686714843012,10839.686714843012
2022-06-01,9541.487289294544,9541.487289294544
2022-06-02,9579.321737605813,9579.321737605813
2022-06-03,9818.615777967645,9818.615777967645
2022-06-04,9463.198351895206,9463.198351895206
2022-06-05,9345.785476058854,9345.785476058854
2022-06-06,9514.28449290451,9514.28449290451
2022-06-07,8261.386823697181,8261.386823697181
2022-06-08,8128.009554367033,8128.009554367033
2022-06-09,8842.026441966414,8842.026441966414
2022-06-10,9085.581231257589,9085.581231257589
2022-06-11,8381.323543855058,8381.323543855058
2022-06-12,7459.070933607524,7459.070933607524
2022-06-13,6438.250462838648,6438.250462838648
2022-06-14,6169.135910384672,6169.135910384672
2022-06-15,6562.052553866799,6562.052553866799
2022-06-16,6845.744607889546,6845.744607889546
2022-06-17,7600.058637552109,7600.058637552109
2022-06-18,6666.373737933321,6666.373737933321
2022-06-19,7157.197291586533,7157.197291586533
2022-06-20,6299.097316644209,6299.097316644209
2022-06-21,5938.292697348264,5938.292697348264
2022-06-22,6258.380880790676,6258.380880790676
2022-06-23,6259.665022242496,6259.665022242496
2022-06-24,5729.545429317211,5729.545429317211
2022-06-25,5860.878887242801,5860.878887242801
2022-06-26,5831.13487849978,5831.13487849978
2022-06-27,5722.661668164839,5722.661668164839
2022-06-28,5719.101938472994,5719.101938472994
2022-06-29,6164.949357344694,6164.949357344694
2022-06-30,6823.180198545376,6823.180198545376
2022-07-01,6232.252643185977,6232.252643185977
2022-07-02,6380.945914727956,6380.945914727956
2022-07-03,5985.955979602665,5985.955979602665
2022-07-04,5732.175243867752,5732.175243867752
2022-07-05,6062.45769027328,6062.45769027328
2022-07-06,6020.135003616724,6020.135003616724
2022-07-07,5997.831255618512,5997.831255618512
2022-07-08,5520.859073927014,5520.859073927014
2022-07-09,6418.6252555855,6418.6252555855
2022-07-10,5750.909254392739,5750.909254392739
2022-07-11,5633.903173676531,5633.903173676531
2022-07-12,5433.845111113594,5433.845111113594
2022-07-13,5120.05132887599,5120.05132887599
2022-07-14,5180.791516353679,5180.791516353679
2022-07-15,5213.646222958041,5213.646222958041
2022-07-16,5364.342467647142,5364.342467647142
2022-07-17,5827.578916229384,5827.578916229384
2022-07-18,6046.2658694288775,6046.2658694288775
2022-07-19,6127.404852601213,6127.404852601213
2022-07-20,6130.9026684005885,6130.9026684005885
2022-07-21,6288.6519857762905,6288.6519857762905
2022-07-22,6636.229366606477,6636.229366606477
2022-07-23,6344.072986140945,6344.072986140945
2022-07-24,6158.992244881029,6158.992244881029
2022-07-25,6476.242417336011,6476.242417336011
2022-07-26,6502.640086926329,6502.640086926329
2022-07-27,6586.952324678304,6586.952324678304
2022-07-28,6503.408139578724,6503.408139578724
2022-07-29,6759.579344266382,6759.579344266382
2022-07-30,6773.562412897874,6773.562412897874
2022-07-31,6813.701425311865,6813.701425311865
2022-08-01,6652.103469618106,6652.103469618106
2022-08-02,6503.440627765573,6503.440627765573
2022-08-03,6401.587353363182,6401.587353363182
2022-08-04,6732.566754596963,6732.566754596963
2022-08-05,6604.510291706745,6604.510291706745
2022-08-06,6710.853932502027,6710.853932502027
2022-08-07,6802.492692352762,6802.492692352762
2022-08-08,6986.9319842249615,6986.9319842249615
2022-08-09,6671.998711618748,6671.998711618748
2022-08-10,6856.687468499606,6856.687468499606
2022-08-11,6624.706603749455,6624.706603749455
2022-08-12,6928.071010833425,6928.071010833425
2022-08-13,6785.932101511099,6785.932101511099
2022-08-14,6840.868049261521,6840.868049261521
2022-08-15,7323.761866398827,7323.761866398827
2022-08-16,6901.072330748473,6901.072330748473
2022-08-17,6807.23258498788,6807.23258498788
2022-08-18,6915.460463081053,6915.460463081053
2022-08-19,6773.238612190603,6773.238612190603
2022-08-20,6757.2254950082115,6757.2254950082115
2022-08-21,6589.4984726545035,6589.4984726545035
2022-08-22,6831.71069971947,6831.71069971947
2022-08-23,6653.318140481504,6653.318140481504
2022-08-24,6601.633763527088,6601.633763527088
2022-08-25,6912.180471430517,6912.180471430517
2022-08-26,6392.390394037174,6392.390394037174
2022-08-27,6561.830548145526,6561.830548145526
2022-08-28,6793.051053842772,6793.051053842772
2022-08-29,8786.668862185701,8786.668862185701
2022-08-30,6441.641954123204,6441.641954123204
2022-08-31,7021.212896786513,7021.212896786513
2022-09-01,6673.957645230149,6673.957645230149
2022-09-02,6962.477478353163,6962.477478353163
2022-09-03,6532.834644695878,6532.834644695878
2022-09-04,6987.417207872481,6987.417207872481
2022-09-05,6938.495776490832,6938.495776490832
2022-09-06,7025.158146450463,7025.158146450463
2022-09-07,7599.435389496931,7599.435389496931
2022-09-08,7720.764360163776,7720.764360163776
2022-09-09,8296.760226010936,8296.760226010936
2022-09-10,7707.529548848542,7707.529548848542
2022-09-11,7738.40665133443,7738.40665133443
2022-09-12,7798.779890015597,7798.779890015597
2022-09-13,10255.398105386286,10255.398105386286
2022-09-14,9714.202612635725,9714.202612635725
2022-09-15,6954.372202921219,6954.372202921219
2022-09-16,7755.742617446986,7755.742617446986
2022-09-17,6939.634620816709,6939.634620816709
2022-09-18,5371.632594445616,5371.632594445616
2022-09-19,6402.886277146112,6402.886277146112
2022-09-20,6748.121296448515,6748.121296448515
2022-09-21,6719.076604421268,6719.076604421268
2022-09-22,6818.487111263398,6818.487111263398
2022-09-23,7367.309471696011,7367.309471696011
2022-09-24,7258.989033495828,7258.989033495828
2022-09-25,7801.7031873444,7801.7031873444
2022-09-26,8013.496500924103,8013.496500924103
2022-09-27,8381.921558919732,8381.921558919732
2022-09-28,7946.087789362286,7946.087789362286
2022-09-29,8245.004602935398,8245.004602935398
2022-09-30,9159.136275151184,9159.136275151184
2022-10-01,7755.171184000757,7755.171184000757
2022-10-02,7198.01203124749,7198.01203124749
2022-10-03,6768.71570184324,6768.71570184324
2022-10-04,6357.187249231261,6357.187249231261
2022-10-05,7379.608951538459,7379.608951538459
2022-10-06,6820.871651336357,6820.871651336357
2022-10-07,6871.480037300233,6871.480037300233
2022-10-08,7009.068024384124,7009.068024384124
2022-10-09,7125.248340183776,7125.248340183776
2022-10-10,7541.419135219652,7541.419135219652
2022-10-11,7360.6002672418335,7360.6002672418335
2022-10-12,6414.246636998274,6414.246636998274
2022-10-13,7387.966944495512,7387.966944495512
2022-10-14,6703.640804973591,6703.640804973591
2022-10-15,6613.159926134429,6613.159926134429
2022-10-16,6887.082466960318,6887.082466960318
2022-10-17,6728.505311781731,6728.505311781731
2022-10-18,7121.177259501127,7121.177259501127
2022-10-19,6905.127973085839,6905.127973085839
2022-10-20,6802.123270287312,6802.123270287312
2022-10-21,6429.7977775389245,6429.7977775389245
2022-10-22,7444.676754317595,7444.676754317595
2022-10-23,7289.9207935442755,7289.9207935442755
2022-10-24,6965.156180390587,6965.156180390587
2022-10-25,6038.6111143580965,6038.6111143580965
2022-10-26,5942.165145527308,5942.165145527308
2022-10-27,6044.753804054207,6044.753804054207
2022-10-28,5921.724410764861,5921.724410764861
2022-10-29,5637.222390202615,5637.222390202615
2022-10-30,5874.513703390958,5874.513703390958
2022-10-31,5703.926160754641,5703.926160754641
2022-11-01,5746.88584958156,5746.88584958156
2022-11-02,5661.43216746612,5661.43216746612
2022-11-03,5879.674715082461,5879.674715082461
2022-11-04,5780.201140015553,5780.201140015553
2022-11-05,6109.312976615394,6109.312976615394
2022-11-06,6565.728843260641,6565.728843260641
2022-11-07,6607.6075566412665,6607.6075566412665
2022-11-08,7241.021685497985,7241.021685497985
2022-11-09,15370.353162028669,15370.353162028669
2022-11-10,8613.454445834566,8613.454445834566
2022-11-11,11270.690546684918,11270.690546684918
2022-11-12,7843.450182140995,7843.450182140995
2022-11-13,4705.238393742712,4705.238393742712
2022-11-14,5172.620905891936,5172.620905891936
2022-11-15,5379.381363278368,5379.381363278368
2022-11-16,5437.381722260524,5437.381722260524
2022-11-17,5392.214788049281,5392.214788049281
2022-11-18,5600.166049054059,5600.166049054059
2022-11-19,5571.9429834833745,5571.9429834833745
2022-11-20,5691.115992751449,5691.115992751449
2022-11-21,5391.613130361733,5391.613130361733
2022-11-22,5331.166524741822,5331.166524741822
2022-11-23,5607.502502525793,5607.502502525793
2022-11-24,5169.05689169535,5169.05689169535
2022-11-25,5171.309593250966,5171.309593250966
2022-11-26,5092.0110745962065,5092.0110745962065
2022-11-27,5129.10237090756,5129.10237090756
2022-11-28,4932.650244687244,4932.650244687244
2022-11-29,4938.649624879389,4938.649624879389
2022-11-30,4917.119265820632,4917.119265820632
2022-12-01,4929.51993770753,4929.51993770753
2022-12-02,5210.081331554897,5210.081331554897
2022-12-03,4993.2168697066845,4993.2168697066845
2022-12-04,5239.89961517152,5239.89961517152
2022-12-05,4902.735101917947,4902.735101917947
2022-12-06,5330.833694763749,5330.833694763749
2022-12-07,5355.602946663082,5355.602946663082
2022-12-08,4942.453645749708,4942.453645749708
2022-12-09,5002.278908408517,5002.278908408517
2022-12-10,5169.744851137128,5169.744851137128
2022-12-11,4910.830066164004,4910.830066164004
2022-12-12,5041.4524520808845,5041.4524520808845
2022-12-13,4702.738336226589,4702.738336226589
2022-12-14,4970.64071894299,4970.64071894299
2022-12-15,4891.752592248063,4891.752592248063
2022-12-16,4647.932716508229,4647.932716508229
2022-12-17,4851.6207642257195,4851.6207642257195
2022-12-18,4832.882285823021,4832.882285823021
2022-12-19,4965.11472650475,4965.11472650475
2022-12-20,5010.717593914945,5010.717593914945
2022-12-21,5123.189805858421,5123.189805858421
2022-12-22,5010.76277187572,5010.76277187572
2022-12-23,4899.381833622375,4899.381833622375
2022-12-24,4842.482319482513,4842.482319482513
2022-12-25,5347.713047402143,5347.713047402143
2022-12-26,5078.053264957218,5078.053264957218
2022-12-27,5052.35584673464,5052.35584673464
2022-12-28,5235.543781762902,5235.543781762902
2022-12-29,5071.294424246614,5071.294424246614
2022-12-30,4781.976581698236,4781.976581698236
2022-12-31,4857.105612096819,4857.105612096819
2023-01-01,4636.102207885929,4636.102207885929
2023-01-02,4594.9995423329665,4594.9995423329665
2023-01-03,4787.914914533598,4787.914914533598
2023-01-04,4592.926309965576,4592.926309965576
2023-01-05,4700.2536538625845,4700.2536538625845
2023-01-06,4383.05750544631,4383.05750544631
2023-01-07,4625.85481705581,4625.85481705581
2023-01-08,4304.685516836596,4304.685516836596
2023-01-09,4588.293302442557,4588.293302442557
2023-01-10,4904.423207335272,4904.423207335272
2023-01-11,4534.249272783264,4534.249272783264
2023-01-12,4789.892542160608,4789.892542160608
2023-01-13,4711.145209111632,4711.145209111632
2023-01-14,4643.691345634646,4643.691345634646
2023-01-15,5069.330496988579,5069.330496988579
2023-01-16,5246.189704140825,5246.189704140825
2023-01-17,5299.922647892747,5299.922647892747
2023-01-18,5051.472489166546,5051.472489166546
2023-01-19,5325.070168491769,5325.070168491769
2023-01-20,5280.942746935574,5280.942746935574
2023-01-21,5210.941900824055,5210.941900824055
2023-01-22,5354.06247373036,5354.06247373036
2023-01-23,5367.808302143082,5367.808302143082
2023-01-24,5502.350876714867,5502.350876714867
2023-01-25,6978.857582975344,6978.857582975344
2023-01-26,6808.261563535921,6808.261563535921
2023-01-27,6855.116976807583,6855.116976807583
2023-01-28,7086.732112179886,7086.732112179886
2023-01-29,7142.983991950129,7142.983991950129
2023-01-30,7120.728223156355,7120.728223156355
2023-01-31,6712.680670249532,6712.680670249532
2023-02-01,7384.978560991361,7384.978560991361
2023-02-02,6929.533791242194,6929.533791242194
2023-02-03,7161.846401651208,7161.846401651208
2023-02-04,7009.690647398491,7009.690647398491
2023-02-05,7242.4762057653525,7242.4762057653525
2023-02-06,6668.880676029966,6668.880676029966
2023-02-07,6793.540568518525,6793.540568518525
2023-02-08,7825.1089044481505,7825.1089044481505
2023-02-09,7081.427316460804,7081.427316460804
2023-02-10,7137.989426805262,7137.989426805262
2023-02-11,7386.444477188732,7386.444477188732
2023-02-12,7271.753103880596,7271.753103880596
2023-02-13,7423.0644502227415,7423.0644502227415
2023-02-14,7578.259844887511,7578.259844887511
2023-02-15,7437.528600774215,7437.528600774215
2023-02-16,7201.4161661667395,7201.4161661667395
2023-02-17,7725.594234341977,7725.594234341977
2023-02-18,6948.2230103353195,6948.2230103353195
2023-02-19,7196.1695580254245,7196.1695580254245
2023-02-20,7397.0744293042235,7397.0744293042235
2023-02-21,6999.205114905449,6999.205114905449
2023-02-22,7562.796651342858,7562.796651342858
2023-02-23,7936.201041299257,7936.201041299257
2023-02-24,7817.797067723089,7817.797067723089
2023-02-25,7337.059408273842,7337.059408273842
2023-02-26,7949.951592682487,7949.951592682487
2023-02-27,8025.919778677941,8025.919778677941
2023-02-28,7687.594166810915,7687.594166810915
2023-03-01,7886.445087753438,7886.445087753438
2023-03-02,7718.782025351186,7718.782025351186
2023-03-03,7709.782635132856,7709.782635132856
2023-03-04,7636.962510620331,7636.962510620331
2023-03-05,7324.159022771832,7324.159022771832
2023-03-06,8074.67232533039,8074.67232533039
2023-03-07,6503.372146796061,6503.372146796061
2023-03-08,6452.001486351218,6452.001486351218
2023-03-09,6371.389074924977,6371.389074924977
2023-03-10,13074.31721846344,13074.31721846344
2023-03-11,14804.338334541879,14804.338334541879
2023-03-12,12188.770144941047,12188.770144941047
2023-03-13,6614.086352060702,6614.086352060702
2023-03-14,5232.499791928022,5232.499791928022
2023-03-15,4898.732682184476,4898.732682184476
2023-03-16,5185.963384254774,5185.963384254774
2023-03-17,5195.974425514398,5195.974425514398
2023-03-18,5486.4999580411095,5486.4999580411095
2023-03-19,6407.095694631869,6407.095694631869
2023-03-20,7145.248632377342,7145.248632377342
2023-03-21,6759.9784050435155,6759.9784050435155
2023-03-22,6854.117685456805,6854.117685456805
2023-03-23,6785.835080080527,6785.835080080527
2023-03-24,6509.588475022789,6509.588475022789
2023-03-25,7570.435796377898,7570.435796377898
2023-03-26,7135.519720446477,7135.519720446477
2023-03-27,7379.364198041391,7379.364198041391
2023-03-28,7025.335535208163,7025.335535208163
2023-03-29,6523.048136067475,6523.048136067475
2023-03-30,6270.014146804251,6270.014146804251
2023-03-31,5457.072017174411,5457.072017174411
2023-04-01,5742.122103428185,5742.122103428185
2023-04-02,5898.893753441903,5898.893753441903
2023-04-03,5466.010839013492,5466.010839013492
2023-04-04,6104.164658381196,6104.164658381196
2023-04-05,4958.004959674196,4958.004959674196
2023-04-06,5228.502481996457,5228.502481996457
2023-04-07,5447.3821044277975,5447.3821044277975
2023-04-08,5546.448598051313,5546.448598051313
2023-04-09,5653.42902858552,5653.42902858552
2023-04-10,5434.227279638085,5434.227279638085
2023-04-11,5859.666061121219,5859.666061121219
2023-04-12,5591.430234840551,5591.430234840551
2023-04-13,6143.149037148371,6143.149037148371
2023-04-14,5935.282571043584,5935.282571043584
2023-04-15,6120.620979215674,6120.620979215674
2023-04-16,6065.3828129927,6065.3828129927
2023-04-17,5849.117970980743,5849.117970980743
2023-04-18,6161.5367864352065,6161.5367864352065
2023-04-19,5470.787586614298,5470.787586614298
2023-04-20,6034.896800700531,6034.896800700531
2023-04-21,5227.204699762265,5227.204699762265
2023-04-22,5921.144110462394,5921.144110462394
2023-04-23,5401.439244003155,5401.439244003155
2023-04-24,6332.718416023469,6332.718416023469
2023-04-25,5961.628233928691,5961.628233928691
2023-04-26,6009.43831468182,6009.43831468182
2023-04-27,5913.626434361749,5913.626434361749
2023-04-28,6176.138759640031,6176.138759640031
2023-04-29,5922.331740796006,5922.331740796006
2023-04-30,6113.745103788034,6113.745103788034
2023-05-01,5597.332951730173,5597.332951730173
2023-05-02,6440.361043896028,6440.361043896028
2023-05-03,5706.7649548231075,5706.7649548231075
2023-05-04,6064.074424283064,6064.074424283064
2023-05-05,5874.258026436109,5874.258026436109
2023-05-06,5802.973313910105,5802.973313910105
2023-05-07,6389.065565624922,6389.065565624922
2023-05-08,5747.297346291707,5747.297346291707
2023-05-09,5676.38720317032,5676.38720317032
2023-05-10,6183.859967599273,6183.859967599273
2023-05-11,5913.268165825877,5913.268165825877
2023-05-12,4900.6288541318045,4900.6288541318045
2023-05-13,5736.631038121313,5736.631038121313
2023-05-14,5355.82930354337,5355.82930354337
2023-05-15,5074.075037514752,5074.075037514752
2023-05-16,5945.196058617317,5945.196058617317
2023-05-17,5491.462575414993,5491.462575414993
2023-05-18,5332.761866816532,5332.761866816532
2023-05-19,5229.954474170302,5229.954474170302
2023-05-20,5068.038401444553,5068.038401444553
2023-05-21,5355.796057584721,5355.796057584721
2023-05-22,5676.027920074749,5676.027920074749
2023-05-23,5521.609822014294,5521.609822014294
2023-05-24,5152.586262490043,5152.586262490043
2023-05-25,5359.774772693263,5359.774772693263
2023-05-26,5247.994838282695,5247.994838282695
2023-05-27,5518.0486877608055,5518.0486877608055
2023-05-28,4772.0367446175505,4772.0367446175505
2023-05-29,5852.263135983015,5852.263135983015
2023-05-30,5319.3986769185785,5319.3986769185785
2023-05-31,5149.280416162334,5149.280416162334
2023-06-01,5441.6869664695,5441.6869664695
2023-06-02,5474.709947183794,5474.709947183794
2023-06-03,4816.516931677948,4816.516931677948
2023-06-04,5862.126253969631,5862.126253969631
2023-06-05,5064.031218231957,5064.031218231957
2023-06-06,5848.761722335275,5848.761722335275
2023-06-07,5158.937918394298,5158.937918394298
2023-06-08,5775.251654320373,5775.251654320373
2023-06-09,5596.004567200506,5596.004567200506
2023-06-10,5782.542144960266,5782.542144960266
2023-06-11,5251.409723546546,5251.409723546546
2023-06-12,5236.590567054577,5236.590567054577
2023-06-13,5284.4659189501335,5284.4659189501335
2023-06-14,5662.96373336306,5662.96373336306
2023-06-15,6029.716361648805,6029.716361648805
2023-06-16,5153.272041584765,5153.272041584765
2023-06-17,5212.005234340124,5212.005234340124
2023-06-18,5593.020065188851,5593.020065188851
2023-06-19,5300.946515973116,5300.946515973116
2023-06-20,5693.83708932173,5693.83708932173
2023-06-21,5367.070458654938,5367.070458654938
2023-06-22,5144.99780151917,5144.99780151917
2023-06-23,4635.63897021284,4635.63897021284
2023-06-24,5433.825734959871,5433.825734959871
2023-06-25,4663.4117989265105,4663.4117989265105
2023-06-26,5453.121160645172,5453.121160645172
2023-06-27,5428.895031667871,5428.895031667871
2023-06-28,5222.88031899743,5222.88031899743
2023-06-29,5698.279182969104,5698.279182969104
2023-06-30,4861.344856797967,4861.344856797967
2023-07-01,6154.743109150092,6154.743109150092
2023-07-02,5357.3710987160175,5357.3710987160175
2023-07-03,6877.9851215604685,6877.9851215604685
2023-07-04,7122.281997403215,7122.281997403215
2023-07-05,7502.706378890013,7502.706378890013
2023-07-06,7037.715532462695,7037.715532462695
2023-07-07,6403.652786486458,6403.652786486458
2023-07-08,6670.887019438791,6670.887019438791
2023-07-09,7837.450792868353,7837.450792868353
2023-07-10,7278.1388413029335,7278.1388413029335
2023-07-11,7200.1563258416845,7200.1563258416845
2023-07-12,7301.947670804445,7301.947670804445
2023-07-13,7613.081112227031,7613.081112227031
2023-07-14,7026.83013752471,7026.83013752471
2023-07-15,7312.509833725144,7312.509833725144
2023-07-16,7927.294360691723,7927.294360691723
2023-07-17,8857.72098614158,8857.72098614158
2023-07-18,9774.236593431164,9774.236593431164
2023-07-19,9362.872038427851,9362.872038427851
2023-07-20,9236.388873209764,9236.388873209764
2023-07-21,8404.131602633446,8404.131602633446
2023-07-22,9287.173110329448,9287.173110329448
