date,Bitcoin,Ethereum
2021-06-01,688726381047.1788,306488816882.1444
2021-06-02,704531333543.3906,315313344228.8267
2021-06-03,733150718114.4554,333964598115.05035
2021-06-04,691747462828.3618,312991097366.8545
2021-06-05,662913486273.3402,302743417251.8253
2021-06-06,671131079523.7289,315044778229.29706
2021-06-07,626527049947.8439,299857516850.1987
2021-06-08,629018966290.4011,294068580258.7281
2021-06-09,705292677171.4633,304761367058.1624
2021-06-10,691681868464.4717,289444120869.42664
2021-06-11,698528023663.5321,272748408238.43475
2021-06-12,668148892256.3638,278223731471.048
2021-06-13,733402631079.1185,292767118262.08405
2021-06-14,761104314502.2867,300405113218.4146
2021-06-15,756522207420.3483,298324322330.12646
2021-06-16,718016373177.285,274666655404.67456
2021-06-17,715652442155.1261,275415199641.5411
2021-06-18,673761687974.4922,260039646334.19235
2021-06-19,666901325910.3705,253396709038.79898
2021-06-20,670634370556.6146,261478202409.18997
2021-06-21,598335733135.868,223202708788.72086
2021-06-22,606580031922.7239,216876757208.59253
2021-06-23,631634847766.2311,229518675836.76538
2021-06-24,650340461975.8141,231644258719.40115
2021-06-25,598703019611.4526,213871849531.6296
2021-06-26,600235334320.8247,209989265221.48502
2021-06-27,649262127990.3759,229354016311.0035
2021-06-28,647741224116.9337,243040539437.43396
2021-06-29,674231340724.4149,253607549372.41992
2021-06-30,660200427590.4775,265951575833.03497
2021-07-01,629863895571.7473,247210647940.18707
2021-07-02,633684390025.5607,250754468066.2188
2021-07-03,650382046624.6503,259079167729.78622
2021-07-04,663571591568.1959,271472550895.4458
2021-07-05,636061920914.8282,258719784082.81683
2021-07-06,640405812761.686,270697947572.19247
2021-07-07,636246944189.2604,270116728160.1227
2021-07-08,617861633771.9894,248124573571.6789
2021-07-09,637000370375.4657,251611015863.3228
2021-07-10,632185737683.1548,247860822594.06396
2021-07-11,643335853171.1349,250027222000.60455
2021-07-12,623350567666.981,238086643137.17004
2021-07-13,613002045101.37,227135827760.92883
2021-07-14,616691143979.958,232939479730.00745
2021-07-15,595342431373.8641,223534356736.75906
2021-07-16,588495008675.5178,218477848474.5608
2021-07-17,592581931071.2119,221838551362.95905
2021-07-18,597872278369.1111,222305469349.28598
2021-07-19,580252472382.7122,214106247241.3399
2021-07-20,561743228116.5483,209392844466.0158
2021-07-21,605357009416.7555,233005814487.5354
2021-07-22,607621607805.3499,236554595198.76672
2021-07-23,627747173675.4332,247068794868.14566
2021-07-24,642012590040.6406,255023351844.8617
2021-07-25,664681184168.7764,258067996305.1722
2021-07-26,701921012034.6644,261543645427.02673
2021-07-27,732311951673.3547,267339757878.51932
2021-07-28,751371299910.5153,268838784855.6686
2021-07-29,750407963580.4731,278785893426.22424
2021-07-30,786531956383.648,287344044145.01373
2021-07-31,784039345926.1898,297505707149.10004
2021-08-01,747403845431.8284,297290528238.90314
2021-08-02,737440183775.5553,306483554365.1923
2021-08-03,720835141114.3336,294760000421.45154
2021-08-04,747085951935.0547,319613239659.44226
2021-08-05,768416417393.5968,330223699956.3277
2021-08-06,803853127161.2805,337961452767.8669
2021-08-07,838457486987.6113,368235028077.73975
2021-08-08,821704814136.0109,352872000029.7298
2021-08-09,861862844505.6104,363242219000.13837
2021-08-10,854344953098.7552,368146417310.3951
2021-08-11,857660568377.3856,371120421692.36896
2021-08-12,836054770491.896,356667351344.9034
2021-08-13,895084141168.7996,387650495386.42346
2021-08-14,886593539912.8141,383333523376.4307
2021-08-15,882888202377.7089,387075388591.617
2021-08-16,866391335029.3693,369733082268.3038
2021-08-17,836777066605.9799,354390048289.18036
2021-08-18,847143004614.999,357527359807.9584
2021-08-19,867650725472.864,360685430760.7975
2021-08-20,923013359587.4719,383483277312.2806
2021-08-21,920750216465.3846,378500212583.48236
2021-08-22,925630106451.4792,380718215752.5816
2021-08-23,930729196214.2946,389578100858.59686
2021-08-24,902489541307.5308,373455291323.226
2021-08-25,921328247353.5629,378980836224.52765
2021-08-26,887832142450.1957,367860898491.3749
2021-08-27,922969799298.9401,383644799228.1656
2021-08-28,920017911098.7555,380750077080.94684
2021-08-29,919515378468.8468,378786220548.79956
2021-08-30,885729258052.6316,378977088509.6317
2021-08-31,890014982634.8986,403657783560.1046
2021-09-01,918058330851.4829,444243407062.371
2021-09-02,927323146557.2119,444936758974.6008
2021-09-03,937295558515.289,462019852288.094
2021-09-04,940538655659.8085,456929768632.2518
2021-09-05,971284117138.44,463973074693.0737
2021-09-06,992868819862.2306,463012228435.44434
2021-09-07,881943904968.6511,404516339491.4938
2021-09-08,866885887154.3109,413866162089.43915
2021-09-09,876179332243.7437,403936419964.8866
2021-09-10,842222636395.4677,376789025177.2447
2021-09-11,849828231595.6722,383321475836.21576
2021-09-12,869122611514.091,402834673220.724
2021-09-13,848992511473.5618,387934440817.1596
2021-09-14,886524004596.6061,402557959131.82196
2021-09-15,906727769791.0696,421477522819.9356
2021-09-16,900990520811.9348,419510540250.7301
2021-09-17,892585184977.8329,401297385415.4547
2021-09-18,907957032341.1344,403306688199.6298
2021-09-19,891560241243.0585,392513622186.47833
2021-09-20,805826302811.3501,348966852277.93604
2021-09-21,760802031650.6051,322261202754.7664
2021-09-22,820460824050.9529,359840797180.9415
2021-09-23,846615719473.8734,371681653192.37537
2021-09-24,809772498812.6799,349627373001.0197
2021-09-25,808279417023.3408,347010586155.9232
2021-09-26,825341135635.7169,359680654321.7558
2021-09-27,794889951096.439,346015184170.8788
2021-09-28,775534111089.4891,330646942649.06793
2021-09-29,782626384092.2843,335476370747.3378
2021-09-30,827840965059.6127,355017980604.5097
2021-10-01,906929641888.8245,388950236002.1381
2021-10-02,900582483713.1118,399455864987.66345
2021-10-03,910331395887.4816,403971441903.55585
2021-10-04,927812140868.0522,400955543856.1877
2021-10-05,973040988102.9114,415494260964.53455
2021-10-06,1044675252844.3663,423560000564.3804
2021-10-07,1015246512238.866,423610266229.8694
2021-10-08,1016650501581.1074,419918377734.5956
2021-10-09,1038524699061.4408,421836191767.0316
2021-10-10,1030788036761.6326,404765054558.19244
2021-10-11,1084736227837.6608,415159189478.8265
2021-10-12,1061829863954.1321,412579624206.76843
2021-10-13,1083366079898.5513,425077639326.6074
2021-10-14,1082900149762.5826,447060207235.15424
2021-10-15,1164782155730.3254,457796523350.2234
2021-10-16,1153847028824.7434,453064999520.12646
2021-10-17,1160650121141.9934,453191180361.09015
2021-10-18,1173944883529.633,443346920004.58325
2021-10-19,1217582580302.557,457653555321.406
2021-10-20,1250376460615.7495,491589810670.4509
2021-10-21,1178926819140.8179,481528471021.37964
2021-10-22,1151508584004.7793,471642481174.71185
2021-10-23,1161166467847.4336,493125402509.4343
2021-10-24,1153315262663.0586,482164548780.28937
2021-10-25,1192131994832.5864,499491060520.2567
2021-10-26,1143497865064.6724,489450382752.54156
2021-10-27,1105754837660.925,466683206492.3765
2021-10-28,1145912030969.1882,505970778337.4693
2021-10-29,1178047465292.3657,521746545883.6817
2021-10-30,1166423768409.5984,511066583044.32874
2021-10-31,1159841954948.4832,507889381626.9908
2021-11-01,1152831210803.7048,511441678721.3504
2021-11-02,1186951581189.4705,539884557845.201
2021-11-03,1187048124213.9268,543311992233.9774
2021-11-04,1157101738112.7314,534623910067.6353
2021-11-05,1154530569293.3604,531116824617.7209
2021-11-06,1162489871875.4807,534139628777.6332
2021-11-07,1191631271447.797,546469946549.37506
2021-11-08,1278797895528.3608,571665766496.0859
2021-11-09,1268116896159.246,560964266378.8303
2021-11-10,1221681091090.6301,548699344220.5352
2021-11-11,1228606858156.6921,560226056358.6504
2021-11-12,1215930166022.9006,552938385233.9376
2021-11-13,1220299721850.586,551228905630.0963
2021-11-14,1239021452560.904,546963335748.59625
2021-11-15,1206711952537.9358,541673876615.1028
2021-11-16,1141910823555.9597,501391963927.7868
2021-11-17,1138136620641.4888,507387229348.5558
2021-11-18,1075758915731.0365,472465696561.25507
2021-11-19,1103594176399.3167,509116804761.8423
2021-11-20,1134300362589.2896,524536655944.9339
2021-11-21,1120610791475.7502,514388218179.73724
2021-11-22,1064619437494.1869,485391988431.9048
2021-11-23,1090380950871.23,515843824526.39667
2021-11-24,1080039673037.4923,505609296276.3257
2021-11-25,1112182356756.767,535082405000.054
2021-11-26,1016487054819.7161,479414339295.46326
2021-11-27,1030781591912.8181,483997326749.38934
2021-11-28,1080980050980.763,508385171334.4435
2021-11-29,1092574224475.6908,527331112023.3339
2021-11-30,1076804436724.3245,549758919636.0618
2021-12-01,1079838995016.5873,544051345075.8544
2021-12-02,1067406204922.5636,537814995667.8384
2021-12-03,1016040747069.7008,502863051143.01685
2021-12-04,930097457941.656,485429065737.4593
2021-12-05,932015145132.0604,497049834886.77576
2021-12-06,953396710269.5476,515778007028.56696
2021-12-07,956961313925.818,511409310852.7245
2021-12-08,954800139986.473,525850414062.19104
2021-12-09,904878061656.8508,494841071220.93524
2021-12-10,893919955029.865,467266449092.32294
2021-12-11,930603779263.9766,484278596802.5053
2021-12-12,945932497231.4797,490316653455.3707
2021-12-13,882570058436.5184,449137302105.9432
2021-12-14,915015634616.989,457658155854.8058
2021-12-15,925006387197.2257,476630620294.2814
2021-12-16,901558072618.6224,471365651341.3005
2021-12-17,875783175210.4042,462267569583.3989
2021-12-18,887944269264.0427,471195598700.43604
2021-12-19,884905649263.6449,467396185408.52454
2021-12-20,890808857615.3627,471319155562.1543
2021-12-21,929203956014.2224,480570348192.474
2021-12-22,921888029984.8673,475334762859.67194
2021-12-23,960809259355.0854,488290658809.1535
2021-12-24,962312381228.0947,482498690510.26416
2021-12-25,958099737762.7762,488792890035.21063
2021-12-26,961723851972.3851,484795501758.7465
2021-12-27,960280703699.8921,481030381194.1921
2021-12-28,902655839568.4547,453976220406.2239
2021-12-29,874314106559.5542,432082393736.3374
2021-12-30,892648631305.5416,441654436877.796
2021-12-31,876192941903.0961,439790867552.76666
2022-01-01,904551946917.3206,449804685410.7303
2022-01-02,897536090320.9355,456852400304.9327
2022-01-03,880330191985.1965,448609586227.47644
2022-01-04,876242689666.1957,454574318762.6068
2022-01-05,827723202715.1049,424088794962.4891
2022-01-06,819522879407.0583,407652437129.1328
2022-01-07,787735561341.1113,381283293110.7904
2022-01-08,792892599975.9554,369734313550.987
2022-01-09,791648558214.5575,375219467789.3698
2022-01-10,792407724467.5966,367654760059.0176
2022-01-11,809621515508.4065,387505881839.82996
2022-01-12,832460077955.3481,402763358249.81146
2022-01-13,806510860231.8285,388039946028.0792
2022-01-14,816129314317.4397,394664610644.99524
2022-01-15,816800318526.6782,396899234936.6389
2022-01-16,816325578941.135,400232172277.67896
2022-01-17,800822650383.9624,383428420242.12994
2022-01-18,803962100417.9756,377918294939.4783
2022-01-19,790507925308.7825,371296193085.12195
2022-01-20,774235809673.4731,360580494818.73
2022-01-21,692855029162.9379,306644499897.7337
2022-01-22,666220701468.4846,286799916366.57184
2022-01-23,687575973800.0704,302626363351.5348
2022-01-24,696465421899.37,292022326101.0083
2022-01-25,700571452648.8236,293702336549.67474
2022-01-26,700165819656.2855,295723346868.75024
2022-01-27,702311456032.8538,287829476402.6202
2022-01-28,717026944842.8334,304305302571.33734
2022-01-29,722829009646.1814,310059710546.2545
2022-01-30,719570142321.8397,311602914058.75037
2022-01-31,727905398095.9747,320354563857.1168
2022-02-01,736102274236.6057,334032944115.64844
2022-02-02,700645616423.8325,321296521004.9529
2022-02-03,703003347951.7092,317503695895.34064
2022-02-04,777355085535.6107,354558118293.0548
2022-02-05,786295053042.2418,361600442694.43896
2022-02-06,804942041477.0581,366038313761.43805
2022-02-07,833392518214.8341,376351043607.997
2022-02-08,837406846076.2306,374043919421.316
2022-02-09,841339973338.8694,387321193246.79065
2022-02-10,826942197610.3904,368377710139.77985
2022-02-11,803706779791.898,350133590835.08734
2022-02-12,799547462142.6093,347517755313.83966
2022-02-13,802059713029.3901,345252969326.4971
2022-02-14,808280617642.0496,351368910987.00305
2022-02-15,848321283143.9929,381791121976.2447
2022-02-16,836256083783.791,376071884044.5087
2022-02-17,770096677778.6456,345252572787.0988
2022-02-18,759881874201.3011,333997569707.84204
2022-02-19,761447243939.9269,330814655802.00714
2022-02-20,730381814665.4404,315015971538.73315
2022-02-21,703004241590.1829,308836894427.69006
2022-02-22,727094284067.6588,317004525462.3889
2022-02-23,708829287814.1068,310997586955.65283
2022-02-24,727657714638.0917,311533514951.14
2022-02-25,745763194704.1796,333625150661.6757
2022-02-26,741083625917.93,332645349329.944
2022-02-27,717619764688.0872,314566178973.5596
2022-02-28,819019441071.749,349056335389.1799
2022-03-01,841254375272.0455,355855644056.71844
2022-03-02,834437956671.6672,353807222059.12616
2022-03-03,807454920681.7217,340585349633.38696
2022-03-04,743810477766.2219,314336377085.58026
2022-03-05,748197160856.1006,319334318240.9434
2022-03-06,729501899968.2964,306675297178.70435
2022-03-07,723198804467.6718,299834957580.4126
2022-03-08,735453953725.9198,309291567872.3395
2022-03-09,796849504897.2562,327144318378.6509
2022-03-10,749384110700.1091,313054369877.37134
2022-03-11,738267961692.6816,307992205234.7309
2022-03-12,738456528057.6692,309539252974.5316
2022-03-13,718551088031.3688,302103577555.32056
2022-03-14,751354026218.9767,310467033555.37006
2022-03-15,747642430663.595,314931220494.93384
2022-03-16,779761001844.4108,333204590005.1927
2022-03-17,778474325709.8895,338097336083.8262
2022-03-18,794378970588.3145,353539105454.5327
2022-03-19,800887993391.0255,353770129278.67426
2022-03-20,784054464871.6631,343170506313.24133
2022-03-21,779205413378.8728,347666776668.2674
2022-03-22,803937099701.4115,356813271188.88025
2022-03-23,810894331277.664,363715804798.513
2022-03-24,834251096724.507,373177111114.7027
2022-03-25,842031938721.7855,373074920726.7511
2022-03-26,845235093872.7649,377825418684.3759
2022-03-27,887283025181.1342,394486853105.0086
2022-03-28,892747620147.7012,399977979554.21063
2022-03-29,901430001888.9999,408153998267.8274
2022-03-30,895356010540.8462,407460530687.7479
2022-03-31,865010142444.9791,394628513775.2061
2022-04-01,879144224206.3806,414854897478.46454
2022-04-02,871050305858.7916,413595262456.1556
2022-04-03,882346640419.069,423410516389.8548
2022-04-04,885584977681.2438,423367935034.98956
2022-04-05,867247321783.443,412944890807.9602
2022-04-06,820983263462.4961,382808702033.7895
2022-04-07,827032889944.6309,388867320187.2107
2022-04-08,804272478980.6077,382662893229.3914
2022-04-09,812734148492.5116,392551461530.81824
2022-04-10,803574629064.9272,388982079663.2629
2022-04-11,752680814425.1921,360149250762.0514
2022-04-12,764314681923.3135,365661388410.7189
2022-04-13,783560801481.9719,375767680796.0061
2022-04-14,759703443634.6515,363962080917.9128
2022-04-15,771666602547.5923,366695398817.36127
2022-04-16,770439827829.2395,369787917596.8767
2022-04-17,755627152747.4514,360748880962.95123
2022-04-18,776463403746.4385,368758484169.854
2022-04-19,789141783336.2104,373782979942.61957
2022-04-20,787437397453.9304,370910549448.9755
2022-04-21,770787243369.5001,359917773311.257
2022-04-22,756144456297.8489,357702343019.6129
2022-04-23,752414150959.3553,354358143094.8383
2022-04-24,752446283899.8965,352895958715.2752
2022-04-25,770112436973.4149,362590296737.94165
2022-04-26,725434540422.046,338098235743.8579
2022-04-27,746473028158.29,348355348857.35516
2022-04-28,756090806420.8264,353388170472.60077
2022-04-29,735829877665.6912,340291788026.5969
2022-04-30,719611115951.2947,330211251741.10095
2022-05-01,733294957352.5364,341626180826.6119
2022-05-02,733787526677.6703,345080135066.0433
2022-05-03,718542028695.8999,336655132684.7217
2022-05-04,755764276888.7715,355229761723.3485
2022-05-05,696020943881.887,332103738939.991
2022-05-06,687093350325.4445,325971900416.40796
2022-05-07,678702448510.6605,319030900103.94275
2022-05-08,648514321641.9902,304412453306.29724
2022-05-09,576197842487.6378,271594796946.79037
2022-05-10,590644412746.6844,283082341315.2594
2022-05-11,549294001873.1765,250066823474.8895
2022-05-12,555266177876.6213,238137944005.85858
2022-05-13,558053182541.2809,243391440608.9294
2022-05-14,573777699744.01,249319115268.20465
2022-05-15,596346266888.6597,259350256988.01163
2022-05-16,569801943005.2971,244741893933.73114
2022-05-17,581272773175.8237,253640825085.77072
2022-05-18,547927169401.20306,232056327519.7834
2022-05-19,578678245847.8763,244359004842.60373
2022-05-20,557201657280.7389,237366807798.8157
2022-05-21,561696351558.8424,239102942424.56775
2022-05-22,578090387085.146,247730054115.44598
2022-05-23,555459414424.212,238722810744.1854
2022-05-24,564885248021.9939,239375431792.86758
2022-05-25,563577022957.9133,235347664835.4594
2022-05-26,559066076343.6685,219247293980.15558
2022-05-27,545752899521.8662,208622909553.50162
2022-05-28,554938694217.2793,217791356992.8858
2022-05-29,561771345708.952,219535934457.98206
2022-05-30,604926607440.7722,241204871683.00946
2022-05-31,607393396318.7885,235235428449.11987
2022-06-01,569001624438.0176,221596716649.26758
2022-06-02,580863150152.0535,222487488380.58923
2022-06-03,566275595800.1772,214879733566.94196
2022-06-04,568340135127.331,217832477905.49496
2022-06-05,570209935092.4275,218561175507.6209
2022-06-06,597966736176.5532,225224111085.68793
2022-06-07,597205650752.5386,220727955347.00992
2022-06-08,576238781341.3682,217320792647.69748
2022-06-09,573819802894.6453,216720355679.05618
2022-06-10,554622874799.0432,201384347491.6296
2022-06-11,540789214973.6274,185302828001.8518
2022-06-12,514202090511.0678,176649606143.59042
2022-06-13,429492202561.014,146072737222.6309
2022-06-14,423044474596.5387,146866764082.71503
2022-06-15,429887916884.8431,148791271623.67947
2022-06-16,389181727345.57733,129200159744.2964
2022-06-17,391441740414.39136,132057112459.09528
2022-06-18,362303884192.0101,120148911164.20312
2022-06-19,390555374756.5322,136214925416.2125
2022-06-20,392793374515.9921,136360308696.36774
2022-06-21,395059669321.2376,136466936749.80061
2022-06-22,381616262301.266,127762640725.99548
2022-06-23,402495826231.42053,138845063633.00702
2022-06-24,407086114490.3726,150370804175.61023
2022-06-25,410110791491.05475,150822450290.39703
2022-06-26,401645800330.4072,145727702946.91232
2022-06-27,395914576106.05786,144903396178.83267
2022-06-28,386606940573.39575,138578887988.78128
2022-06-29,384067866465.5609,133275228451.34706
2022-06-30,365984224323.45276,125647331913.1351
2022-07-01,370916529918.7163,128274306967.60861
2022-07-02,367706689137.568,127772810160.63632
2022-07-03,368549364135.05225,128552380046.80464
2022-07-04,386425176262.77844,137709680960.0187
2022-07-05,385301783065.72974,135655130079.77824
2022-07-06,392479833070.6018,142216914175.49112
2022-07-07,414055638573.8548,148622605231.4957
2022-07-08,417690286504.50726,148022842649.44733
2022-07-09,412459838738.2113,145667751203.8659
2022-07-10,398249545888.6735,139844141994.57858
2022-07-11,382000290322.39886,131363492852.48433
2022-07-12,370191767290.5106,124831295049.54146
2022-07-13,385462566548.9708,132986401488.71631
2022-07-14,393104346702.71136,142767764050.56015
2022-07-15,397285233065.65533,147677565536.3019
2022-07-16,404705642580.89075,161839496479.48514
2022-07-17,397660610560.5498,161551223982.244
2022-07-18,425756736660.6174,187518878564.43118
2022-07-19,445889013251.1064,184299116474.0005
2022-07-20,446130012149.91077,183383314168.63928
2022-07-21,442379611364.02734,188807814065.77225
2022-07-22,433485926857.3929,183933879174.97644
2022-07-23,429803379587.55133,185766674503.14
2022-07-24,433819662321.5266,192833875418.8718
2022-07-25,407480099599.8142,176371406952.78534
2022-07-26,405692421501.52716,172489862867.98703
2022-07-27,437193517021.8447,195761014376.11777
2022-07-28,454806622614.75885,206347207632.4567
2022-07-29,459609388579.5554,210767555013.8352
2022-07-30,451726702392.36206,203433082401.51196
2022-07-31,447051019373.1847,201684547325.2247
2022-08-01,445958949620.3002,195962280445.4563
2022-08-02,440954684720.7478,197496591505.0525
2022-08-03,437035641450.2815,194280005714.29996
2022-08-04,432420621055.8012,192923352504.82288
2022-08-05,443821669890.4801,206550599256.62897
2022-08-06,439414782173.18774,203417937064.14215
2022-08-07,442979379284.1196,203847481552.73074
2022-08-08,455450642522.25543,213209087779.66412
2022-08-09,443382534834.6949,204260348576.8655
2022-08-10,457270455537.3291,222103417229.72577
2022-08-11,458070674127.7904,225973452853.74725
2022-08-12,466765701334.6809,235254593664.57745
2022-08-13,467078368768.6749,237972056306.98938
2022-08-14,464896345363.0234,232593263080.43414
2022-08-15,462437221425.1544,229440415801.9887
2022-08-16,456791042838.03827,225581585656.9299
2022-08-17,447015816173.3428,220665870251.26813
2022-08-18,444845955425.38696,222652366350.8803
2022-08-19,400810425580.64777,194817731984.87317
2022-08-20,404924875533.8922,189621068133.33334
2022-08-21,413578924865.8514,195324471844.68927
2022-08-22,408409110509.79584,193708156170.03223
2022-08-23,412338357271.39594,199889229686.9934
2022-08-24,409503007623.01685,199117634174.20898
2022-08-25,413843488595.5175,204240810436.6186
2022-08-26,387215087166.7839,181238520850.37888
2022-08-27,383790676113.79205,179887478326.98642
2022-08-28,376180531070.6233,173645963258.54285
2022-08-29,389119405471.2333,187437853967.29883
2022-08-30,379555151404.602,184447549243.54855
2022-08-31,383348414528.78253,186670000430.8127
2022-09-01,385027707310.6654,191078487039.94174
2022-09-02,381788074511.76855,189678877652.6803
2022-09-03,379422449024.2574,187266246294.68723
2022-09-04,382421043401.0045,190082046955.22556
2022-09-05,378685143698.17633,194714097035.8242
2022-09-06,361210437263.86273,188733785486.0839
2022-09-07,369340091982.8708,196797197824.30237
2022-09-08,369723445425.44885,196882691710.49237
2022-09-09,408976281844.7646,206873029263.2678
2022-09-10,415974687298.0947,214315849498.72748
2022-09-11,416073628622.09485,211895058510.3476
2022-09-12,427473787888.3761,205793007270.87155
2022-09-13,386529657258.8565,189778580452.97882
2022-09-14,387486232249.80023,196550513818.88647
2022-09-15,377719382182.44714,177918273632.48117
2022-09-16,377988702161.6817,172471655154.62585
2022-09-17,385486747327.04944,177299639477.4967
2022-09-18,372598380208.27094,161378107849.57123
2022-09-19,374524246937.4287,166370229681.14825
2022-09-20,361980678159.1343,159844149938.74484
2022-09-21,355194467885.9514,151084586604.48166
2022-09-22,372075639498.16974,160415097114.1742
2022-09-23,370913140447.51636,160823914264.80762
2022-09-24,363168779956.3335,159030822515.26553
2022-09-25,360256894978.40894,156146367767.27133
2022-09-26,367613056759.2221,160767471777.8733
2022-09-27,366383164263.7157,160800122124.8998
2022-09-28,372892084645.0075,161716193676.29504
2022-09-29,374830625219.6003,161267455734.36823
2022-09-30,373222100680.7475,160462955554.32846
2022-10-01,370204708063.3375,158410068981.48102
2022-10-02,366195863790.6755,154934842225.90906
2022-10-03,375767908259.0832,159951067075.9052
2022-10-04,390177741507.47705,164781680358.15567
2022-10-05,386368899196.38165,163475522281.134
2022-10-06,382505641462.15643,163307579801.84253
2022-10-07,373170861484.13965,160084472602.33664
2022-10-08,372391945609.07526,159083423929.71472
2022-10-09,372264710552.3351,159586330117.54977
2022-10-10,367207056773.2261,156180434676.1384
2022-10-11,365118514776.26794,154657511483.1829
2022-10-12,367301644901.367,156488571589.45505
2022-10-13,371647189087.47595,155703285133.85605
2022-10-14,367584653730.75476,156801885520.45496
2022-10-15,365870425566.52997,154496140301.9263
2022-10-16,369552982160.53754,157219790372.87076
2022-10-17,375052275829.7958,160690333948.33112
2022-10-18,371196833238.99286,158082173402.60727
2022-10-19,367085331987.69183,154808369275.81442
2022-10-20,365098952754.63934,154512893268.0924
2022-10-21,367999082249.1525,156673724237.28812
2022-10-22,368484939423.55475,158365108378.3375
2022-10-23,375197423662.3941,164218113409.75653
2022-10-24,370622833880.7626,161858058865.06808
2022-10-25,385476931983.84595,176051206695.99817
2022-10-26,398674628646.93066,189173389239.5451
2022-10-27,389238872375.6226,182723289741.9848
2022-10-28,395201306734.5831,187324850268.18915
2022-10-29,399135164712.3964,195052502985.67032
2022-10-30,395548335410.141,191500820025.9781
2022-10-31,393311097043.5727,189478578997.59592
2022-11-01,393218202887.5868,190428736966.3317
2022-11-02,387015867490.0914,183368006193.10986
2022-11-03,387756249891.6283,184398997533.25903
2022-11-04,405987599945.2726,198053929735.65234
2022-11-05,408892506459.0742,196264485041.5907
2022-11-06,401869336200.07385,189763621397.94974
2022-11-07,395168506455.3059,188875473098.02014
2022-11-08,356871594631.61395,160813058133.9897
2022-11-09,301963847693.52637,131794377265.61275
2022-11-10,336597208099.6668,156380990539.85645
2022-11-11,325921112619.09045,155222424523.53937
2022-11-12,322330608513.1628,151059842003.22357
2022-11-13,313605586517.2854,147426038251.7689
2022-11-14,320598982524.9025,149987178583.21732
2022-11-15,324608360619.00433,151062413577.56232
2022-11-16,320099234744.2721,146462319554.31644
2022-11-17,321287480849.7667,144894942760.29672
2022-11-18,320876918352.4405,146145817586.6032
2022-11-19,321151208473.7581,146971097131.67468
2022-11-20,313370674122.3842,137964810712.74976
2022-11-21,303834128504.1595,133733639793.52232
2022-11-22,311463297390.4882,137050514642.06917
2022-11-23,319494112507.07404,142854533237.69275
2022-11-24,318949911014.53784,145091739838.44122
2022-11-25,317919884011.3825,144810246844.91675
2022-11-26,316206865319.883,145222050633.46432
2022-11-27,316487666895.4407,144507830172.60718
2022-11-28,311810991501.448,141048501904.6694
2022-11-29,316170903326.0224,146749281622.5983
2022-11-30,330763402606.7043,156777674228.40683
2022-12-01,326141917292.63745,153787135286.89285
2022-12-02,328178365692.1309,155766037022.93884
2022-12-03,326498242602.6305,150322759022.75156
2022-12-04,329544949093.6664,154484879835.4558
2022-12-05,326635737516.3175,151960138515.5798
2022-12-06,328108161816.87274,153112232020.5009
2022-12-07,324178677956.7833,148778387852.61035
2022-12-08,331389860355.59094,154438830699.8818
2022-12-09,329756788298.6587,152405570526.73016
2022-12-10,329283186564.5152,152480155389.30975
2022-12-11,328868814164.99066,152290250844.83786
2022-12-12,330715694645.24335,153743004467.3702
2022-12-13,342102502914.68976,159205793114.4748
2022-12-14,342692750075.4062,157633274799.26862
2022-12-15,333854506370.7365,152444818382.92126
2022-12-16,318992400741.96515,140289330990.1754
2022-12-17,323096167353.6004,143321475845.90793
2022-12-18,322740705484.67255,143142028259.18048
2022-12-19,316270478163.65466,140848456817.4131
2022-12-20,325120443529.51874,146802833364.30045
2022-12-21,323127932459.19025,146039250786.06482
2022-12-22,323519254392.6745,146741009624.09518
2022-12-23,323013370317.24255,147069822795.65387
2022-12-24,324072643385.91296,147173116811.52798
2022-12-25,323868581953.1157,146840669268.71204
2022-12-26,325036912914.6697,147697269147.94653
2022-12-27,321351469136.8621,146030514727.00162
2022-12-28,318288869204.81464,143241827136.73636
2022-12-29,320297298175.87695,144831301452.10547
2022-12-30,319722045805.09534,144611517916.40677
2022-12-31,318278329991.7019,144188788703.97467
2023-01-01,319832024054.6308,144712215098.15164
2023-01-02,321486454934.26776,146443084804.90094
2023-01-03,321080820418.18396,146422424046.4976
2023-01-04,324397588037.39484,151322902029.0838
2023-01-05,324138957221.0557,150805231900.39493
2023-01-06,326571439011.6566,153115414332.1746
2023-01-07,326371741274.41095,152351777734.96948
2023-01-08,328470896861.37854,154857941332.0086
2023-01-09,331158152699.25574,159397504473.27673
2023-01-10,335743942932.3494,160999220384.61914
2023-01-11,345688973386.69006,167839113151.03107
2023-01-12,363381125082.7658,170890542806.26074
2023-01-13,382675302196.4898,174798760594.58777
2023-01-14,405209898132.0056,187276048380.94897
2023-01-15,401697403586.5178,186901700956.48312
2023-01-16,407760358639.0028,190122961411.69482
2023-01-17,407405144842.9396,188982728685.09735
2023-01-18,399349603616.14526,183517931282.58932
2023-01-19,406258441952.3726,186967330908.32364
2023-01-20,436724993652.4275,200011161010.51965
2023-01-21,438578588179.0604,195908718395.08084
2023-01-22,438060367560.3554,196512572594.40756
2023-01-23,442926343072.59235,196541663696.43738
2023-01-24,435679436196.35767,187270576772.9432
2023-01-25,446715261348.7517,194402223992.62006
2023-01-26,444005849172.13904,193276131177.59738
2023-01-27,444898315874.05536,192677648328.43668
2023-01-28,443702765526.11646,189301295262.2017
2023-01-29,458368002025.743,198339307428.10373
2023-01-30,439295730927.16473,188787565951.33054
2023-01-31,445991168199.3282,191042852121.47128
2023-02-01,457383099382.75,197724834027.55963
